CustomerID;FirstName;LastName;Gender;Age;City;Region;SignupDate;Segment
200001;Γεωργία;Σταματίου;F;46;Τρίκαλα;Θεσσαλία;2024-06-30;Silver
200002;Μαρία;Πετρόπουλος;F;20;Χανιά;Κρήτη;2024-05-03;Gold
200003;Σοφία;Γεωργίου;F;40;Σέρρες;Κεντρική Μακεδονία;2024-07-03;Silver
200004;Νίκος;Καραγιάννης;M;30;Ρόδος;Νότιο Αιγαίο;2024-06-07;Platinum
200005;Ιωάννα;Λαμπρόπουλος;F;71;Ιωάννινα;Ήπειρος;2025-04-03;Platinum
200006;Ανδρέας;Βλάχος;M;41;Πάτρα;Δυτική Ελλάδα;2024-09-02;Platinum
200007;Άννα;Μιχαηλίδης;F;20;Βόλος;Θεσσαλία;2024-03-01;Gold
200008;Γεωργία;Γεωργίου;F;72;Χανιά;Κρήτη;2024-04-03;Silver
200009;Αγγελική;Χατζής;F;54;Τρίκαλα;Θεσσαλία;2025-06-28;Silver
200010;Παναγιώτης;Παπανικολάου;M;26;Καβάλα;Ανατολική Μακεδονία & Θράκη;2024-07-21;Bronze
200011;Χριστίνα;Καρράς;F;42;Θεσσαλονίκη;Κεντρική Μακεδονία;2025-05-17;Bronze
200012;Ανδρέας;Λαμπρόπουλος;M;48;Ρόδος;Νότιο Αιγαίο;2025-02-02;Bronze
200013;Μαρία;Ζαχαρίου;F;71;Αθήνα;Αττική;2024-07-11;Platinum
200014;Γεωργία;Χατζής;F;52;Πάτρα;Δυτική Ελλάδα;2025-10-18;Bronze
200015;Βασίλης;Παπαδόπουλος;M;21;Λάρισα;Θεσσαλία;2025-01-29;Bronze
200016;Χρήστος;Ζαχαρίου;M;51;Πάτρα;Δυτική Ελλάδα;2025-06-04;Bronze
200017;Δημήτρης;Γεωργίου;M;47;Πάτρα;Δυτική Ελλάδα;2024-08-14;Silver
200018;Δημήτρης;Καραγιάννης;M;31;Ρόδος;Νότιο Αιγαίο;2025-10-17;Silver
200019;Χρήστος;Αλεξίου;M;62;Θεσσαλονίκη;Κεντρική Μακεδονία;2024-10-24;Bronze
200020;Ανδρέας;Σταματίου;M;42;Ηράκλειο;Κρήτη;2025-01-15;Gold
200021;Μαρία;Νικολάου;F;27;Ρόδος;Νότιο Αιγαίο;2024-09-09;Silver
200022;Χριστίνα;Χατζής;F;63;Σέρρες;Κεντρική Μακεδονία;2024-11-13;Bronze
200023;Χριστίνα;Παπαδόπουλος;F;44;Ιωάννινα;Ήπειρος;2025-01-21;Bronze
200024;Μιχάλης;Κωνσταντίνου;M;56;Αθήνα;Αττική;2025-10-03;Silver
200025;Μιχάλης;Νικολάου;M;60;Τρίκαλα;Θεσσαλία;2024-08-16;Bronze
200026;Νίκος;Σταματίου;M;68;Καβάλα;Ανατολική Μακεδονία & Θράκη;2024-03-09;Bronze
200027;Κατερίνα;Κωνσταντίνου;F;61;Τρίκαλα;Θεσσαλία;2025-12-12;Bronze
200028;Σοφία;Χατζής;F;34;Θεσσαλονίκη;Κεντρική Μακεδονία;2024-05-02;Bronze
200029;Νίκος;Λαμπρόπουλος;M;72;Καβάλα;Ανατολική Μακεδονία & Θράκη;2024-07-24;Bronze
200030;Μιχάλης;Καραγιάννης;M;24;Θεσσαλονίκη;Κεντρική Μακεδονία;2024-08-22;Bronze
200031;Κατερίνα;Δημητρίου;F;66;Τρίκαλα;Θεσσαλία;2024-03-10;Bronze
200032;Ιωάννα;Νικολάου;F;46;Ρόδος;Νότιο Αιγαίο;2024-02-12;Silver
200033;Δημήτρης;Παπανικολάου;M;20;Ρόδος;Νότιο Αιγαίο;2024-01-15;Platinum
200034;Σοφία;Σταματίου;F;40;Καβάλα;Ανατολική Μακεδονία & Θράκη;2024-07-24;Gold
200035;Χρήστος;Μιχαηλίδης;M;27;Λάρισα;Θεσσαλία;2025-06-01;Bronze
200036;Δημήτρης;Παπανικολάου;M;60;Τρίκαλα;Θεσσαλία;2025-03-25;Bronze
200037;Ελένη;Βλάχος;F;56;Χανιά;Κρήτη;2024-10-21;Silver
200038;Βασίλης;Παπανικολάου;M;21;Θεσσαλονίκη;Κεντρική Μακεδονία;2025-12-02;Bronze
200039;Θανάσης;Σταματίου;M;64;Βόλος;Θεσσαλία;2025-01-14;Bronze
200040;Δημήτρης;Παπαδόπουλος;M;42;Αθήνα;Αττική;2025-07-30;Bronze
200041;Γεωργία;Γεωργίου;F;72;Ηράκλειο;Κρήτη;2025-10-05;Bronze
200042;Γιώργος;Καραγιάννης;M;54;Σέρρες;Κεντρική Μακεδονία;2025-01-30;Bronze
200043;Ιωάννα;Βλάχος;F;61;Καβάλα;Ανατολική Μακεδονία & Θράκη;2025-09-19;Bronze
200044;Ιωάννα;Νικολάου;F;47;Χανιά;Κρήτη;2025-01-03;Bronze
200045;Κατερίνα;Μιχαηλίδης;F;34;Πάτρα;Δυτική Ελλάδα;2025-01-11;Silver
200046;Σοφία;Νικολάου;F;20;Καβάλα;Ανατολική Μακεδονία & Θράκη;2025-02-24;Silver
200047;Χρήστος;Νικολάου;M;71;Σέρρες;Κεντρική Μακεδονία;2024-12-27;Bronze
200048;Χριστίνα;Καρράς;F;47;Τρίκαλα;Θεσσαλία;2025-04-08;Bronze
200049;Ιωάννα;Ιωαννίδης;F;39;Βόλος;Θεσσαλία;2025-11-12;Bronze
200050;Δημήτρης;Αλεξίου;M;63;Ηράκλειο;Κρήτη;2025-08-05;Bronze
200051;Ιωάννα;Λαμπρόπουλος;F;66;Ιωάννινα;Ήπειρος;2025-01-18;Silver
200052;Χρήστος;Νικολάου;M;48;Θεσσαλονίκη;Κεντρική Μακεδονία;2025-07-09;Silver
200053;Γεωργία;Καρράς;F;21;Ηράκλειο;Κρήτη;2024-08-10;Bronze
200054;Χρήστος;Ζαχαρίου;M;45;Πάτρα;Δυτική Ελλάδα;2025-03-29;Bronze
200055;Χρήστος;Χατζής;M;60;Πάτρα;Δυτική Ελλάδα;2024-10-06;Platinum
200056;Χρήστος;Χατζής;M;68;Ηράκλειο;Κρήτη;2024-06-03;Bronze
200057;Άννα;Νικολάου;F;66;Καβάλα;Ανατολική Μακεδονία & Θράκη;2024-11-19;Silver
200058;Νίκος;Δημητρίου;M;23;Αθήνα;Αττική;2024-01-09;Gold
200059;Ανδρέας;Δημητρίου;M;38;Βόλος;Θεσσαλία;2024-07-26;Silver
200060;Παναγιώτης;Δημητρίου;M;41;Ρόδος;Νότιο Αιγαίο;2024-11-19;Silver
200061;Ιωάννα;Παπανικολάου;F;63;Πάτρα;Δυτική Ελλάδα;2024-10-23;Bronze
200062;Κώστας;Σταματίου;M;44;Θεσσαλονίκη;Κεντρική Μακεδονία;2025-06-29;Gold
200063;Κατερίνα;Λαμπρόπουλος;F;53;Σέρρες;Κεντρική Μακεδονία;2025-04-25;Silver
200064;Άννα;Γεωργίου;F;60;Πάτρα;Δυτική Ελλάδα;2025-03-31;Bronze
200065;Κώστας;Μιχαηλίδης;M;48;Ιωάννινα;Ήπειρος;2025-05-03;Bronze
200066;Θανάσης;Ιωαννίδης;M;46;Ρόδος;Νότιο Αιγαίο;2025-08-08;Bronze
200067;Μιχάλης;Χατζής;M;40;Βόλος;Θεσσαλία;2024-03-28;Gold
200068;Κώστας;Νικολάου;M;57;Λάρισα;Θεσσαλία;2025-11-24;Bronze
200069;Νίκος;Αλεξίου;M;58;Βόλος;Θεσσαλία;2024-10-26;Silver
200070;Ανδρέας;Πετρόπουλος;M;69;Καβάλα;Ανατολική Μακεδονία & Θράκη;2024-01-17;Silver
200071;Κατερίνα;Ιωαννίδης;F;72;Λάρισα;Θεσσαλία;2024-07-15;Silver
200072;Μιχάλης;Παπανικολάου;M;28;Αθήνα;Αττική;2025-10-26;Bronze
200073;Σοφία;Σπυρόπουλος;F;45;Βόλος;Θεσσαλία;2024-02-11;Bronze
200074;Ελένη;Παπανικολάου;F;53;Αθήνα;Αττική;2024-05-13;Gold
200075;Θανάσης;Παπαδόπουλος;M;37;Ιωάννινα;Ήπειρος;2024-07-23;Gold
200076;Χριστίνα;Οικονόμου;F;62;Σέρρες;Κεντρική Μακεδονία;2024-10-03;Silver
200077;Δήμητρα;Ζαχαρίου;F;72;Ιωάννινα;Ήπειρος;2025-02-20;Silver
200078;Ανδρέας;Κωνσταντίνου;M;53;Ηράκλειο;Κρήτη;2025-05-15;Bronze
200079;Μιχάλης;Δημητρίου;M;69;Σέρρες;Κεντρική Μακεδονία;2024-11-22;Gold
200080;Γιώργος;Νικολάου;M;69;Θεσσαλονίκη;Κεντρική Μακεδονία;2024-09-05;Bronze
200081;Ελένη;Νικολάου;F;54;Ηράκλειο;Κρήτη;2024-03-30;Gold
200082;Γιώργος;Παπανικολάου;M;57;Θεσσαλονίκη;Κεντρική Μακεδονία;2024-06-08;Silver
200083;Δήμητρα;Γεωργίου;F;57;Θεσσαλονίκη;Κεντρική Μακεδονία;2024-02-27;Silver
200084;Νίκος;Σταματίου;M;23;Τρίκαλα;Θεσσαλία;2024-04-03;Bronze
200085;Δημήτρης;Οικονόμου;M;63;Θεσσαλονίκη;Κεντρική Μακεδονία;2025-01-31;Bronze
200086;Μιχάλης;Αλεξίου;M;63;Καβάλα;Ανατολική Μακεδονία & Θράκη;2025-09-11;Silver
200087;Σοφία;Χατζής;F;21;Καβάλα;Ανατολική Μακεδονία & Θράκη;2024-07-08;Silver
200088;Κώστας;Αλεξίου;M;34;Πάτρα;Δυτική Ελλάδα;2025-07-09;Silver
200089;Νίκος;Δημητρίου;M;30;Πάτρα;Δυτική Ελλάδα;2024-11-25;Gold
200090;Κώστας;Μιχαηλίδης;M;58;Ρόδος;Νότιο Αιγαίο;2024-10-30;Silver
200091;Άννα;Καρράς;F;34;Βόλος;Θεσσαλία;2024-09-03;Silver
200092;Σοφία;Σταματίου;F;22;Αθήνα;Αττική;2024-03-05;Silver
200093;Θανάσης;Καρράς;M;23;Σέρρες;Κεντρική Μακεδονία;2025-04-01;Bronze
200094;Ανδρέας;Χατζής;M;67;Βόλος;Θεσσαλία;2025-12-15;Silver
200095;Θανάσης;Κωνσταντίνου;M;64;Βόλος;Θεσσαλία;2025-04-06;Bronze
200096;Δήμητρα;Καραγιάννης;F;37;Καβάλα;Ανατολική Μακεδονία & Θράκη;2024-11-16;Silver
200097;Δημήτρης;Χατζής;M;28;Αθήνα;Αττική;2025-12-08;Bronze
200098;Ιωάννα;Παπανικολάου;F;68;Ιωάννινα;Ήπειρος;2025-04-19;Gold
200099;Ιωάννα;Νικολάου;F;27;Τρίκαλα;Θεσσαλία;2025-01-29;Bronze
200100;Κώστας;Παπανικολάου;M;42;Σέρρες;Κεντρική Μακεδονία;2024-06-01;Bronze
200101;Χρήστος;Σταματίου;M;27;Ρόδος;Νότιο Αιγαίο;2024-07-07;Bronze
200102;Χρήστος;Καραγιάννης;M;27;Λάρισα;Θεσσαλία;2024-12-11;Bronze
200103;Χριστίνα;Σταματίου;F;37;Χανιά;Κρήτη;2024-10-11;Bronze
200104;Γεωργία;Καραγιάννης;F;45;Ιωάννινα;Ήπειρος;2024-06-12;Silver
200105;Ανδρέας;Γεωργίου;M;22;Βόλος;Θεσσαλία;2025-12-23;Silver
200106;Κατερίνα;Βλάχος;F;51;Καβάλα;Ανατολική Μακεδονία & Θράκη;2024-08-09;Bronze
200107;Παναγιώτης;Σταματίου;M;39;Σέρρες;Κεντρική Μακεδονία;2024-11-14;Silver
200108;Γεωργία;Γεωργίου;F;56;Πάτρα;Δυτική Ελλάδα;2025-06-26;Bronze
200109;Κατερίνα;Ιωαννίδης;F;54;Καβάλα;Ανατολική Μακεδονία & Θράκη;2024-03-05;Bronze
200110;Χριστίνα;Βλάχος;F;31;Βόλος;Θεσσαλία;2025-12-05;Bronze
200111;Ιωάννα;Κωνσταντίνου;F;53;Βόλος;Θεσσαλία;2025-08-14;Gold
200112;Κώστας;Παπανικολάου;M;68;Σέρρες;Κεντρική Μακεδονία;2025-08-09;Platinum
200113;Θανάσης;Πετρόπουλος;M;33;Ηράκλειο;Κρήτη;2025-05-15;Silver
200114;Ανδρέας;Ζαχαρίου;M;24;Ιωάννινα;Ήπειρος;2024-05-31;Silver
200115;Βασίλης;Καραγιάννης;M;47;Ρόδος;Νότιο Αιγαίο;2024-09-29;Bronze
200116;Άννα;Κωνσταντίνου;F;63;Πάτρα;Δυτική Ελλάδα;2025-01-07;Gold
200117;Μιχάλης;Βλάχος;M;32;Σέρρες;Κεντρική Μακεδονία;2024-01-04;Bronze
200118;Αγγελική;Νικολάου;F;68;Λάρισα;Θεσσαλία;2024-11-23;Silver
200119;Γεωργία;Λαμπρόπουλος;F;30;Σέρρες;Κεντρική Μακεδονία;2024-07-11;Platinum
200120;Παναγιώτης;Οικονόμου;M;65;Ηράκλειο;Κρήτη;2025-06-20;Gold
200121;Άννα;Μιχαηλίδης;F;45;Τρίκαλα;Θεσσαλία;2024-01-12;Bronze
200122;Κώστας;Αναστασίου;M;19;Αθήνα;Αττική;2025-10-29;Silver
200123;Ελένη;Ιωαννίδης;F;47;Πάτρα;Δυτική Ελλάδα;2025-04-02;Silver
200124;Θανάσης;Σπυρόπουλος;M;66;Βόλος;Θεσσαλία;2024-04-20;Platinum
200125;Σοφία;Αλεξίου;F;63;Ρόδος;Νότιο Αιγαίο;2025-04-09;Bronze
200126;Ανδρέας;Παπαδόπουλος;M;25;Αθήνα;Αττική;2024-11-30;Silver
200127;Κατερίνα;Παπανικολάου;F;71;Τρίκαλα;Θεσσαλία;2025-01-19;Silver
200128;Δήμητρα;Μιχαηλίδης;F;29;Βόλος;Θεσσαλία;2025-09-19;Gold
200129;Παναγιώτης;Παπανικολάου;M;54;Ρόδος;Νότιο Αιγαίο;2024-02-10;Gold
200130;Κώστας;Καραγιάννης;M;22;Θεσσαλονίκη;Κεντρική Μακεδονία;2024-05-23;Bronze
200131;Δημήτρης;Δημητρίου;M;66;Βόλος;Θεσσαλία;2024-12-31;Bronze
200132;Δήμητρα;Δημητρίου;F;49;Ιωάννινα;Ήπειρος;2025-07-12;Bronze
200133;Χριστίνα;Νικολάου;F;53;Θεσσαλονίκη;Κεντρική Μακεδονία;2024-07-31;Bronze
200134;Παναγιώτης;Βλάχος;M;33;Αθήνα;Αττική;2025-10-22;Silver
200135;Γιώργος;Βλάχος;M;48;Αθήνα;Αττική;2024-02-13;Bronze
200136;Κώστας;Νικολάου;M;50;Βόλος;Θεσσαλία;2024-11-26;Bronze
200137;Μαρία;Ζαχαρίου;F;66;Λάρισα;Θεσσαλία;2025-05-19;Bronze
200138;Αγγελική;Δημητρίου;F;20;Ηράκλειο;Κρήτη;2025-08-26;Bronze
200139;Θανάσης;Καραγιάννης;M;18;Βόλος;Θεσσαλία;2025-12-19;Bronze
200140;Αγγελική;Σταματίου;F;43;Ηράκλειο;Κρήτη;2024-06-04;Silver
200141;Σοφία;Λαμπρόπουλος;F;41;Χανιά;Κρήτη;2025-02-01;Bronze
200142;Θανάσης;Κωνσταντίνου;M;39;Ηράκλειο;Κρήτη;2024-11-30;Gold
200143;Ελένη;Αναστασίου;F;46;Αθήνα;Αττική;2025-04-01;Silver
200144;Άννα;Σταματίου;F;25;Αθήνα;Αττική;2025-01-31;Gold
200145;Δημήτρης;Χατζής;M;65;Τρίκαλα;Θεσσαλία;2024-11-01;Gold
200146;Θανάσης;Αναστασίου;M;41;Καβάλα;Ανατολική Μακεδονία & Θράκη;2024-02-25;Silver
200147;Θανάσης;Κωνσταντίνου;M;31;Χανιά;Κρήτη;2024-01-25;Bronze
200148;Κώστας;Παπανικολάου;M;31;Καβάλα;Ανατολική Μακεδονία & Θράκη;2025-02-01;Silver
200149;Χριστίνα;Πετρόπουλος;F;66;Πάτρα;Δυτική Ελλάδα;2025-05-18;Silver
200150;Άννα;Δημητρίου;F;57;Θεσσαλονίκη;Κεντρική Μακεδονία;2024-01-01;Gold
200151;Γιώργος;Κωνσταντίνου;M;18;Λάρισα;Θεσσαλία;2025-03-31;Bronze
200152;Νίκος;Οικονόμου;M;41;Ηράκλειο;Κρήτη;2025-10-23;Bronze
200153;Δήμητρα;Δημητρίου;F;35;Ιωάννινα;Ήπειρος;2025-10-31;Bronze
200154;Νίκος;Αναστασίου;M;27;Λάρισα;Θεσσαλία;2025-04-12;Platinum
200155;Νίκος;Παπαδόπουλος;M;48;Πάτρα;Δυτική Ελλάδα;2024-01-15;Bronze
200156;Μιχάλης;Χατζής;M;62;Χανιά;Κρήτη;2024-10-06;Bronze
200157;Ελένη;Νικολάου;F;31;Θεσσαλονίκη;Κεντρική Μακεδονία;2025-02-11;Silver
200158;Γιώργος;Καραγιάννης;M;45;Καβάλα;Ανατολική Μακεδονία & Θράκη;2025-02-26;Bronze
200159;Θανάσης;Οικονόμου;M;60;Θεσσαλονίκη;Κεντρική Μακεδονία;2024-10-14;Silver
200160;Άννα;Κωνσταντίνου;F;19;Σέρρες;Κεντρική Μακεδονία;2024-10-05;Platinum
200161;Δημήτρης;Σπυρόπουλος;M;69;Αθήνα;Αττική;2025-10-27;Bronze
200162;Αγγελική;Καραγιάννης;F;68;Ηράκλειο;Κρήτη;2024-02-18;Bronze
200163;Θανάσης;Ιωαννίδης;M;47;Καβάλα;Ανατολική Μακεδονία & Θράκη;2025-07-11;Bronze
200164;Αγγελική;Λαμπρόπουλος;F;27;Βόλος;Θεσσαλία;2025-10-16;Bronze
200165;Θανάσης;Μιχαηλίδης;M;41;Καβάλα;Ανατολική Μακεδονία & Θράκη;2024-12-21;Gold
200166;Μιχάλης;Λαμπρόπουλος;M;44;Βόλος;Θεσσαλία;2025-03-18;Bronze
200167;Κατερίνα;Παπανικολάου;F;40;Σέρρες;Κεντρική Μακεδονία;2025-04-22;Silver
200168;Γιώργος;Παπανικολάου;M;50;Σέρρες;Κεντρική Μακεδονία;2024-05-28;Silver
200169;Θανάσης;Νικολάου;M;70;Ηράκλειο;Κρήτη;2025-12-10;Bronze
200170;Ελένη;Ζαχαρίου;F;52;Αθήνα;Αττική;2025-06-16;Bronze
200171;Παναγιώτης;Λαμπρόπουλος;M;60;Πάτρα;Δυτική Ελλάδα;2024-08-20;Silver
200172;Ιωάννα;Γεωργίου;F;38;Τρίκαλα;Θεσσαλία;2025-01-17;Silver
200173;Αγγελική;Μιχαηλίδης;F;32;Ρόδος;Νότιο Αιγαίο;2024-12-25;Silver
200174;Δημήτρης;Σπυρόπουλος;M;27;Τρίκαλα;Θεσσαλία;2024-07-11;Silver
200175;Μιχάλης;Νικολάου;M;22;Τρίκαλα;Θεσσαλία;2024-11-09;Bronze
200176;Σοφία;Αλεξίου;F;52;Σέρρες;Κεντρική Μακεδονία;2024-04-08;Platinum
200177;Γιώργος;Παπαδόπουλος;M;19;Λάρισα;Θεσσαλία;2024-05-03;Bronze
200178;Νίκος;Κωνσταντίνου;M;46;Θεσσαλονίκη;Κεντρική Μακεδονία;2025-03-08;Platinum
200179;Μαρία;Πετρόπουλος;F;37;Βόλος;Θεσσαλία;2025-02-01;Bronze
200180;Χριστίνα;Πετρόπουλος;F;55;Καβάλα;Ανατολική Μακεδονία & Θράκη;2025-10-12;Silver
200181;Μιχάλης;Οικονόμου;M;49;Βόλος;Θεσσαλία;2024-12-25;Bronze
200182;Χριστίνα;Λαμπρόπουλος;F;67;Θεσσαλονίκη;Κεντρική Μακεδονία;2025-03-08;Silver
200183;Ιωάννα;Παπαδόπουλος;F;42;Αθήνα;Αττική;2025-05-14;Gold
200184;Μιχάλης;Κωνσταντίνου;M;52;Θεσσαλονίκη;Κεντρική Μακεδονία;2024-03-25;Bronze
200185;Μιχάλης;Μιχαηλίδης;M;65;Βόλος;Θεσσαλία;2024-09-04;Silver
200186;Μαρία;Παπανικολάου;F;37;Χανιά;Κρήτη;2025-12-21;Gold
200187;Θανάσης;Καρράς;M;24;Αθήνα;Αττική;2025-12-01;Bronze
200188;Βασίλης;Σπυρόπουλος;M;22;Χανιά;Κρήτη;2024-07-04;Silver
200189;Αγγελική;Οικονόμου;F;34;Ρόδος;Νότιο Αιγαίο;2024-04-30;Silver
200190;Κατερίνα;Σπυρόπουλος;F;36;Πάτρα;Δυτική Ελλάδα;2024-02-10;Bronze
200191;Χριστίνα;Γεωργίου;F;61;Πάτρα;Δυτική Ελλάδα;2024-03-19;Bronze
200192;Άννα;Παπαδόπουλος;F;42;Τρίκαλα;Θεσσαλία;2025-10-31;Gold
200193;Μαρία;Αναστασίου;F;29;Ηράκλειο;Κρήτη;2024-12-14;Gold
200194;Άννα;Σπυρόπουλος;F;69;Τρίκαλα;Θεσσαλία;2024-04-28;Bronze
200195;Κώστας;Πετρόπουλος;M;54;Αθήνα;Αττική;2025-03-24;Silver
200196;Μαρία;Ζαχαρίου;F;62;Βόλος;Θεσσαλία;2025-10-12;Silver
200197;Ιωάννα;Οικονόμου;F;35;Ιωάννινα;Ήπειρος;2025-07-24;Silver
200198;Νίκος;Δημητρίου;M;34;Σέρρες;Κεντρική Μακεδονία;2025-01-01;Silver
200199;Κώστας;Γεωργίου;M;19;Πάτρα;Δυτική Ελλάδα;2024-03-29;Silver
200200;Μιχάλης;Λαμπρόπουλος;M;41;Χανιά;Κρήτη;2024-09-26;Silver
200201;Θανάσης;Καρράς;M;25;Χανιά;Κρήτη;2024-02-10;Bronze
200202;Παναγιώτης;Νικολάου;M;65;Τρίκαλα;Θεσσαλία;2025-02-04;Bronze
200203;Βασίλης;Παπαδόπουλος;M;25;Χανιά;Κρήτη;2025-11-12;Bronze
200204;Παναγιώτης;Νικολάου;M;38;Ηράκλειο;Κρήτη;2025-05-06;Gold
200205;Μιχάλης;Καραγιάννης;M;48;Ηράκλειο;Κρήτη;2024-04-11;Bronze
200206;Κώστας;Νικολάου;M;72;Χανιά;Κρήτη;2024-05-28;Gold
200207;Μιχάλης;Ζαχαρίου;M;22;Ρόδος;Νότιο Αιγαίο;2024-06-17;Bronze
200208;Δήμητρα;Βλάχος;F;70;Λάρισα;Θεσσαλία;2025-02-20;Bronze
200209;Μαρία;Παπανικολάου;F;67;Ιωάννινα;Ήπειρος;2024-01-29;Bronze
200210;Χριστίνα;Σπυρόπουλος;F;56;Ηράκλειο;Κρήτη;2024-05-10;Silver
200211;Κατερίνα;Βλάχος;F;56;Χανιά;Κρήτη;2024-10-21;Silver
200212;Χρήστος;Πετρόπουλος;M;19;Ιωάννινα;Ήπειρος;2024-03-08;Silver
200213;Γιώργος;Ιωαννίδης;M;35;Ιωάννινα;Ήπειρος;2024-10-14;Silver
200214;Σοφία;Λαμπρόπουλος;F;56;Βόλος;Θεσσαλία;2024-11-11;Gold
200215;Αγγελική;Καραγιάννης;F;42;Τρίκαλα;Θεσσαλία;2025-08-26;Silver
200216;Μιχάλης;Παπανικολάου;M;23;Τρίκαλα;Θεσσαλία;2025-05-16;Platinum
200217;Παναγιώτης;Κωνσταντίνου;M;35;Λάρισα;Θεσσαλία;2025-08-31;Silver
200218;Δήμητρα;Βλάχος;F;54;Ηράκλειο;Κρήτη;2024-12-22;Platinum
200219;Ανδρέας;Ζαχαρίου;M;61;Ιωάννινα;Ήπειρος;2024-10-12;Bronze
200220;Άννα;Πετρόπουλος;F;68;Πάτρα;Δυτική Ελλάδα;2025-12-05;Bronze
200221;Αγγελική;Λαμπρόπουλος;F;38;Ηράκλειο;Κρήτη;2025-04-18;Silver
200222;Νίκος;Αναστασίου;M;58;Ηράκλειο;Κρήτη;2024-07-29;Silver
200223;Κατερίνα;Καραγιάννης;F;41;Ηράκλειο;Κρήτη;2025-02-05;Silver
200224;Γεωργία;Σπυρόπουλος;F;52;Βόλος;Θεσσαλία;2024-05-29;Bronze
200225;Παναγιώτης;Γεωργίου;M;42;Χανιά;Κρήτη;2025-02-06;Bronze
200226;Παναγιώτης;Καραγιάννης;M;47;Χανιά;Κρήτη;2025-08-20;Gold
200227;Άννα;Κωνσταντίνου;F;21;Ιωάννινα;Ήπειρος;2025-10-05;Platinum
200228;Μιχάλης;Καρράς;M;42;Βόλος;Θεσσαλία;2024-05-02;Bronze
200229;Ανδρέας;Οικονόμου;M;20;Θεσσαλονίκη;Κεντρική Μακεδονία;2024-10-11;Bronze
200230;Κατερίνα;Γεωργίου;F;65;Σέρρες;Κεντρική Μακεδονία;2025-03-09;Bronze
200231;Γιώργος;Γεωργίου;M;39;Ρόδος;Νότιο Αιγαίο;2024-10-10;Bronze
200232;Δημήτρης;Βλάχος;M;57;Ρόδος;Νότιο Αιγαίο;2025-08-07;Gold
200233;Άννα;Νικολάου;F;19;Χανιά;Κρήτη;2025-08-21;Bronze
200234;Κώστας;Μιχαηλίδης;M;31;Χανιά;Κρήτη;2025-09-23;Bronze
200235;Νίκος;Χατζής;M;65;Ρόδος;Νότιο Αιγαίο;2024-10-03;Gold
200236;Νίκος;Βλάχος;M;72;Ιωάννινα;Ήπειρος;2024-08-14;Bronze
200237;Κώστας;Βλάχος;M;35;Θεσσαλονίκη;Κεντρική Μακεδονία;2024-01-04;Bronze
200238;Χριστίνα;Χατζής;F;56;Ιωάννινα;Ήπειρος;2025-04-01;Bronze
200239;Νίκος;Καρράς;M;63;Καβάλα;Ανατολική Μακεδονία & Θράκη;2025-03-29;Bronze
200240;Γεωργία;Μιχαηλίδης;F;19;Χανιά;Κρήτη;2024-10-05;Bronze
200241;Χριστίνα;Ζαχαρίου;F;39;Βόλος;Θεσσαλία;2024-01-22;Silver
200242;Ιωάννα;Πετρόπουλος;F;31;Βόλος;Θεσσαλία;2024-05-27;Silver
200243;Κατερίνα;Μιχαηλίδης;F;31;Ηράκλειο;Κρήτη;2024-11-17;Bronze
200244;Άννα;Αναστασίου;F;32;Ιωάννινα;Ήπειρος;2025-09-06;Gold
200245;Θανάσης;Βλάχος;M;59;Τρίκαλα;Θεσσαλία;2024-03-07;Silver
200246;Χρήστος;Χατζής;M;40;Βόλος;Θεσσαλία;2025-01-25;Bronze
200247;Ιωάννα;Καρράς;F;23;Ιωάννινα;Ήπειρος;2024-09-18;Bronze
200248;Δήμητρα;Κωνσταντίνου;F;48;Πάτρα;Δυτική Ελλάδα;2024-06-21;Bronze
200249;Γιώργος;Μιχαηλίδης;M;41;Αθήνα;Αττική;2024-08-22;Bronze
200250;Νίκος;Πετρόπουλος;M;62;Χανιά;Κρήτη;2024-02-21;Bronze
200251;Ιωάννα;Νικολάου;F;36;Πάτρα;Δυτική Ελλάδα;2025-03-22;Bronze
200252;Δημήτρης;Καρράς;M;37;Πάτρα;Δυτική Ελλάδα;2025-06-17;Bronze
200253;Θανάσης;Οικονόμου;M;54;Σέρρες;Κεντρική Μακεδονία;2024-06-29;Bronze
200254;Χριστίνα;Σταματίου;F;33;Αθήνα;Αττική;2024-07-19;Silver
200255;Νίκος;Γεωργίου;M;35;Πάτρα;Δυτική Ελλάδα;2025-06-30;Bronze
200256;Αγγελική;Ιωαννίδης;F;64;Πάτρα;Δυτική Ελλάδα;2024-06-05;Silver
200257;Δημήτρης;Παπαδόπουλος;M;38;Πάτρα;Δυτική Ελλάδα;2024-10-05;Silver
200258;Βασίλης;Ζαχαρίου;M;21;Ιωάννινα;Ήπειρος;2024-05-18;Bronze
200259;Κατερίνα;Νικολάου;F;33;Ρόδος;Νότιο Αιγαίο;2025-01-11;Silver
200260;Ιωάννα;Βλάχος;F;47;Πάτρα;Δυτική Ελλάδα;2025-12-28;Bronze
200261;Κώστας;Πετρόπουλος;M;66;Αθήνα;Αττική;2024-03-09;Platinum
200262;Γιώργος;Αναστασίου;M;47;Χανιά;Κρήτη;2025-05-16;Silver
200263;Αγγελική;Λαμπρόπουλος;F;64;Ιωάννινα;Ήπειρος;2025-06-21;Silver
200264;Γεωργία;Χατζής;F;63;Τρίκαλα;Θεσσαλία;2025-02-18;Gold
200265;Κατερίνα;Ζαχαρίου;F;72;Καβάλα;Ανατολική Μακεδονία & Θράκη;2024-05-09;Gold
200266;Νίκος;Πετρόπουλος;M;41;Λάρισα;Θεσσαλία;2024-04-28;Silver
200267;Χριστίνα;Μιχαηλίδης;F;37;Βόλος;Θεσσαλία;2024-01-25;Bronze
200268;Γιώργος;Αλεξίου;M;45;Σέρρες;Κεντρική Μακεδονία;2024-05-30;Bronze
200269;Παναγιώτης;Μιχαηλίδης;M;33;Πάτρα;Δυτική Ελλάδα;2024-01-17;Gold
200270;Σοφία;Καραγιάννης;F;43;Καβάλα;Ανατολική Μακεδονία & Θράκη;2025-12-30;Silver
200271;Μιχάλης;Νικολάου;M;44;Αθήνα;Αττική;2024-09-08;Platinum
200272;Παναγιώτης;Ιωαννίδης;M;21;Βόλος;Θεσσαλία;2025-04-21;Gold
200273;Ελένη;Πετρόπουλος;F;36;Βόλος;Θεσσαλία;2025-06-08;Silver
200274;Μιχάλης;Δημητρίου;M;40;Βόλος;Θεσσαλία;2024-07-17;Bronze
200275;Γιώργος;Γεωργίου;M;27;Τρίκαλα;Θεσσαλία;2025-12-29;Silver
200276;Γιώργος;Ζαχαρίου;M;31;Σέρρες;Κεντρική Μακεδονία;2025-06-17;Bronze
200277;Χριστίνα;Παπανικολάου;F;69;Ρόδος;Νότιο Αιγαίο;2025-04-16;Bronze
200278;Σοφία;Ιωαννίδης;F;21;Χανιά;Κρήτη;2025-08-22;Bronze
200279;Ιωάννα;Καρράς;F;66;Χανιά;Κρήτη;2024-02-07;Silver
200280;Κώστας;Μιχαηλίδης;M;39;Σέρρες;Κεντρική Μακεδονία;2025-03-26;Silver
200281;Κατερίνα;Νικολάου;F;66;Ηράκλειο;Κρήτη;2024-04-05;Silver
200282;Χριστίνα;Βλάχος;F;20;Αθήνα;Αττική;2024-11-06;Bronze
200283;Δημήτρης;Καρράς;M;54;Ηράκλειο;Κρήτη;2025-03-03;Gold
200284;Χρήστος;Λαμπρόπουλος;M;54;Λάρισα;Θεσσαλία;2024-08-03;Bronze
200285;Κώστας;Οικονόμου;M;34;Τρίκαλα;Θεσσαλία;2025-05-09;Gold
200286;Μιχάλης;Σταματίου;M;61;Καβάλα;Ανατολική Μακεδονία & Θράκη;2024-04-26;Bronze
200287;Δήμητρα;Πετρόπουλος;F;64;Βόλος;Θεσσαλία;2025-04-25;Platinum
200288;Γεωργία;Λαμπρόπουλος;F;53;Τρίκαλα;Θεσσαλία;2024-12-04;Silver
200289;Αγγελική;Νικολάου;F;60;Σέρρες;Κεντρική Μακεδονία;2025-08-26;Silver
200290;Γεωργία;Βλάχος;F;32;Αθήνα;Αττική;2025-03-20;Silver
200291;Αγγελική;Αναστασίου;F;49;Τρίκαλα;Θεσσαλία;2025-02-18;Bronze
200292;Σοφία;Γεωργίου;F;70;Πάτρα;Δυτική Ελλάδα;2025-07-22;Bronze
200293;Δημήτρης;Σπυρόπουλος;M;27;Θεσσαλονίκη;Κεντρική Μακεδονία;2025-12-15;Silver
200294;Χριστίνα;Μιχαηλίδης;F;44;Ρόδος;Νότιο Αιγαίο;2024-12-05;Bronze
200295;Κώστας;Πετρόπουλος;M;48;Σέρρες;Κεντρική Μακεδονία;2024-03-08;Gold
200296;Χρήστος;Μιχαηλίδης;M;70;Ιωάννινα;Ήπειρος;2024-06-06;Bronze
200297;Ανδρέας;Ιωαννίδης;M;25;Λάρισα;Θεσσαλία;2024-08-29;Silver
200298;Χριστίνα;Χατζής;F;31;Ιωάννινα;Ήπειρος;2025-03-16;Gold
200299;Άννα;Πετρόπουλος;F;69;Πάτρα;Δυτική Ελλάδα;2024-12-10;Bronze
200300;Γεωργία;Μιχαηλίδης;F;72;Θεσσαλονίκη;Κεντρική Μακεδονία;2024-04-13;Bronze
200301;Κώστας;Λαμπρόπουλος;M;45;Καβάλα;Ανατολική Μακεδονία & Θράκη;2024-04-04;Platinum
200302;Γιώργος;Παπαδόπουλος;M;48;Πάτρα;Δυτική Ελλάδα;2024-02-03;Bronze
200303;Δήμητρα;Χατζής;F;23;Αθήνα;Αττική;2024-06-18;Gold
200304;Ελένη;Οικονόμου;F;55;Θεσσαλονίκη;Κεντρική Μακεδονία;2024-02-10;Silver
200305;Κώστας;Μιχαηλίδης;M;70;Καβάλα;Ανατολική Μακεδονία & Θράκη;2024-04-20;Bronze
200306;Γεωργία;Ζαχαρίου;F;22;Ρόδος;Νότιο Αιγαίο;2024-10-18;Bronze
200307;Γεωργία;Κωνσταντίνου;F;28;Σέρρες;Κεντρική Μακεδονία;2025-12-17;Silver
200308;Γεωργία;Βλάχος;F;62;Λάρισα;Θεσσαλία;2024-02-02;Bronze
200309;Κατερίνα;Καραγιάννης;F;69;Καβάλα;Ανατολική Μακεδονία & Θράκη;2025-01-02;Platinum
200310;Σοφία;Μιχαηλίδης;F;44;Ηράκλειο;Κρήτη;2024-11-12;Silver
200311;Δημήτρης;Σπυρόπουλος;M;27;Τρίκαλα;Θεσσαλία;2024-06-07;Bronze
200312;Θανάσης;Γεωργίου;M;27;Θεσσαλονίκη;Κεντρική Μακεδονία;2025-04-04;Bronze
200313;Παναγιώτης;Παπανικολάου;M;62;Βόλος;Θεσσαλία;2025-08-16;Bronze
200314;Χριστίνα;Καρράς;F;25;Σέρρες;Κεντρική Μακεδονία;2025-11-15;Platinum
200315;Άννα;Καραγιάννης;F;59;Αθήνα;Αττική;2025-01-07;Bronze
200316;Ανδρέας;Δημητρίου;M;21;Αθήνα;Αττική;2024-09-15;Bronze
200317;Ιωάννα;Μιχαηλίδης;F;68;Τρίκαλα;Θεσσαλία;2024-11-27;Bronze
200318;Χριστίνα;Παπανικολάου;F;66;Ρόδος;Νότιο Αιγαίο;2025-12-17;Bronze
200319;Παναγιώτης;Καρράς;M;23;Καβάλα;Ανατολική Μακεδονία & Θράκη;2024-12-08;Bronze
200320;Δημήτρης;Ζαχαρίου;M;56;Καβάλα;Ανατολική Μακεδονία & Θράκη;2024-10-11;Gold
200321;Χρήστος;Οικονόμου;M;67;Αθήνα;Αττική;2025-10-08;Bronze
200322;Γεωργία;Ιωαννίδης;F;39;Αθήνα;Αττική;2024-04-17;Silver
200323;Δημήτρης;Νικολάου;M;39;Σέρρες;Κεντρική Μακεδονία;2025-11-05;Gold
200324;Αγγελική;Μιχαηλίδης;F;51;Ρόδος;Νότιο Αιγαίο;2025-09-19;Gold
200325;Χρήστος;Οικονόμου;M;47;Τρίκαλα;Θεσσαλία;2025-08-28;Silver
200326;Μαρία;Αναστασίου;F;39;Αθήνα;Αττική;2025-02-21;Silver
200327;Μιχάλης;Καρράς;M;47;Ρόδος;Νότιο Αιγαίο;2025-08-08;Bronze
200328;Γεωργία;Βλάχος;F;46;Λάρισα;Θεσσαλία;2024-11-03;Gold
200329;Δημήτρης;Χατζής;M;34;Ιωάννινα;Ήπειρος;2024-09-28;Bronze
200330;Γιώργος;Βλάχος;M;70;Καβάλα;Ανατολική Μακεδονία & Θράκη;2024-09-01;Bronze
200331;Μαρία;Δημητρίου;F;69;Λάρισα;Θεσσαλία;2025-07-02;Gold
200332;Μαρία;Ζαχαρίου;F;64;Σέρρες;Κεντρική Μακεδονία;2024-11-09;Gold
200333;Μιχάλης;Χατζής;M;31;Χανιά;Κρήτη;2025-11-08;Silver
200334;Δημήτρης;Μιχαηλίδης;M;53;Τρίκαλα;Θεσσαλία;2024-12-02;Bronze
200335;Γιώργος;Καρράς;M;23;Βόλος;Θεσσαλία;2025-10-24;Bronze
200336;Μαρία;Γεωργίου;F;26;Τρίκαλα;Θεσσαλία;2024-09-21;Bronze
200337;Σοφία;Καρράς;F;28;Ιωάννινα;Ήπειρος;2024-07-27;Silver
200338;Ελένη;Αναστασίου;F;37;Χανιά;Κρήτη;2025-12-09;Silver
200339;Νίκος;Νικολάου;M;25;Αθήνα;Αττική;2024-09-02;Bronze
200340;Κατερίνα;Γεωργίου;F;66;Καβάλα;Ανατολική Μακεδονία & Θράκη;2024-12-11;Bronze
200341;Αγγελική;Γεωργίου;F;48;Σέρρες;Κεντρική Μακεδονία;2025-09-21;Bronze
200342;Ανδρέας;Δημητρίου;M;40;Πάτρα;Δυτική Ελλάδα;2025-02-01;Gold
200343;Μαρία;Πετρόπουλος;F;69;Θεσσαλονίκη;Κεντρική Μακεδονία;2024-03-05;Bronze
200344;Κατερίνα;Ζαχαρίου;F;70;Τρίκαλα;Θεσσαλία;2025-07-01;Bronze
200345;Μαρία;Παπανικολάου;F;72;Ιωάννινα;Ήπειρος;2025-03-18;Bronze
200346;Άννα;Σταματίου;F;30;Ρόδος;Νότιο Αιγαίο;2025-10-14;Silver
200347;Δημήτρης;Καραγιάννης;M;53;Καβάλα;Ανατολική Μακεδονία & Θράκη;2025-01-31;Bronze
200348;Άννα;Οικονόμου;F;20;Καβάλα;Ανατολική Μακεδονία & Θράκη;2024-07-11;Bronze
200349;Μαρία;Ιωαννίδης;F;59;Βόλος;Θεσσαλία;2025-03-01;Silver
200350;Ανδρέας;Σπυρόπουλος;M;23;Πάτρα;Δυτική Ελλάδα;2024-04-08;Silver
200351;Θανάσης;Νικολάου;M;48;Καβάλα;Ανατολική Μακεδονία & Θράκη;2025-07-20;Platinum
200352;Ελένη;Πετρόπουλος;F;69;Αθήνα;Αττική;2025-10-15;Bronze
200353;Αγγελική;Καρράς;F;36;Αθήνα;Αττική;2024-04-19;Bronze
200354;Κατερίνα;Κωνσταντίνου;F;70;Ιωάννινα;Ήπειρος;2024-06-05;Bronze
200355;Ελένη;Ζαχαρίου;F;41;Θεσσαλονίκη;Κεντρική Μακεδονία;2025-05-25;Bronze
200356;Χριστίνα;Παπαδόπουλος;F;19;Λάρισα;Θεσσαλία;2024-12-01;Bronze
200357;Κώστας;Ζαχαρίου;M;56;Ρόδος;Νότιο Αιγαίο;2024-04-12;Bronze
200358;Παναγιώτης;Παπανικολάου;M;38;Θεσσαλονίκη;Κεντρική Μακεδονία;2024-07-06;Silver
200359;Δημήτρης;Οικονόμου;M;35;Λάρισα;Θεσσαλία;2025-07-17;Gold
200360;Βασίλης;Χατζής;M;62;Χανιά;Κρήτη;2024-10-31;Gold
200361;Ελένη;Μιχαηλίδης;F;66;Αθήνα;Αττική;2024-11-15;Gold
200362;Ελένη;Παπανικολάου;F;35;Τρίκαλα;Θεσσαλία;2024-02-23;Bronze
200363;Θανάσης;Παπαδόπουλος;M;24;Καβάλα;Ανατολική Μακεδονία & Θράκη;2024-02-13;Silver
200364;Χριστίνα;Λαμπρόπουλος;F;24;Λάρισα;Θεσσαλία;2024-06-11;Silver
200365;Νίκος;Παπανικολάου;M;28;Πάτρα;Δυτική Ελλάδα;2025-10-26;Gold
200366;Γιώργος;Καραγιάννης;M;31;Τρίκαλα;Θεσσαλία;2025-12-26;Bronze
200367;Χρήστος;Παπαδόπουλος;M;61;Χανιά;Κρήτη;2024-10-06;Silver
200368;Μιχάλης;Λαμπρόπουλος;M;33;Αθήνα;Αττική;2025-03-16;Bronze
200369;Άννα;Ζαχαρίου;F;36;Βόλος;Θεσσαλία;2024-05-19;Bronze
200370;Γεωργία;Αναστασίου;F;35;Ηράκλειο;Κρήτη;2025-09-23;Gold
200371;Χρήστος;Κωνσταντίνου;M;59;Ρόδος;Νότιο Αιγαίο;2025-05-24;Bronze
200372;Χρήστος;Χατζής;M;30;Τρίκαλα;Θεσσαλία;2024-09-16;Silver
200373;Θανάσης;Γεωργίου;M;60;Ηράκλειο;Κρήτη;2024-05-15;Silver
200374;Δημήτρης;Οικονόμου;M;64;Θεσσαλονίκη;Κεντρική Μακεδονία;2025-12-01;Bronze
200375;Παναγιώτης;Γεωργίου;M;54;Αθήνα;Αττική;2025-10-29;Bronze
200376;Γιώργος;Καρράς;M;24;Βόλος;Θεσσαλία;2024-07-30;Bronze
200377;Νίκος;Ιωαννίδης;M;38;Ιωάννινα;Ήπειρος;2025-01-22;Silver
200378;Ιωάννα;Αλεξίου;F;72;Σέρρες;Κεντρική Μακεδονία;2024-05-29;Bronze
200379;Άννα;Βλάχος;F;49;Καβάλα;Ανατολική Μακεδονία & Θράκη;2024-10-07;Bronze
200380;Μαρία;Καρράς;F;47;Πάτρα;Δυτική Ελλάδα;2024-03-03;Gold
200381;Μιχάλης;Ζαχαρίου;M;36;Ηράκλειο;Κρήτη;2025-02-27;Bronze
200382;Κατερίνα;Αναστασίου;F;35;Πάτρα;Δυτική Ελλάδα;2025-03-12;Gold
200383;Αγγελική;Δημητρίου;F;55;Καβάλα;Ανατολική Μακεδονία & Θράκη;2024-12-22;Bronze
200384;Μιχάλης;Αλεξίου;M;62;Λάρισα;Θεσσαλία;2025-05-03;Platinum
200385;Κατερίνα;Καραγιάννης;F;32;Καβάλα;Ανατολική Μακεδονία & Θράκη;2024-05-16;Bronze
200386;Μιχάλης;Μιχαηλίδης;M;32;Χανιά;Κρήτη;2025-06-05;Silver
200387;Νίκος;Κωνσταντίνου;M;64;Βόλος;Θεσσαλία;2025-06-18;Bronze
200388;Παναγιώτης;Ζαχαρίου;M;69;Λάρισα;Θεσσαλία;2025-02-17;Bronze
200389;Δημήτρης;Αναστασίου;M;34;Ηράκλειο;Κρήτη;2025-11-15;Platinum
200390;Μιχάλης;Ζαχαρίου;M;18;Πάτρα;Δυτική Ελλάδα;2024-01-21;Bronze
200391;Γεωργία;Παπανικολάου;F;18;Καβάλα;Ανατολική Μακεδονία & Θράκη;2024-07-17;Bronze
200392;Χριστίνα;Κωνσταντίνου;F;62;Λάρισα;Θεσσαλία;2025-08-23;Bronze
200393;Γεωργία;Χατζής;F;54;Βόλος;Θεσσαλία;2024-04-08;Bronze
200394;Δημήτρης;Παπανικολάου;M;20;Βόλος;Θεσσαλία;2024-12-31;Silver
200395;Βασίλης;Παπανικολάου;M;49;Ηράκλειο;Κρήτη;2025-03-17;Platinum
200396;Νίκος;Γεωργίου;M;54;Πάτρα;Δυτική Ελλάδα;2024-08-24;Bronze
200397;Δημήτρης;Σπυρόπουλος;M;44;Χανιά;Κρήτη;2024-03-15;Bronze
200398;Κατερίνα;Βλάχος;F;65;Ηράκλειο;Κρήτη;2024-08-11;Bronze
200399;Παναγιώτης;Παπαδόπουλος;M;55;Ιωάννινα;Ήπειρος;2024-05-03;Platinum
200400;Άννα;Δημητρίου;F;39;Ηράκλειο;Κρήτη;2025-09-18;Bronze
200401;Γεωργία;Λαμπρόπουλος;F;65;Σέρρες;Κεντρική Μακεδονία;2024-09-03;Bronze
200402;Αγγελική;Σταματίου;F;60;Τρίκαλα;Θεσσαλία;2024-01-07;Gold
200403;Άννα;Καρράς;F;39;Θεσσαλονίκη;Κεντρική Μακεδονία;2024-03-31;Silver
200404;Θανάσης;Κωνσταντίνου;M;18;Ιωάννινα;Ήπειρος;2025-12-14;Bronze
200405;Ιωάννα;Λαμπρόπουλος;F;62;Πάτρα;Δυτική Ελλάδα;2024-01-28;Silver
200406;Παναγιώτης;Αλεξίου;M;29;Πάτρα;Δυτική Ελλάδα;2024-08-27;Silver
200407;Δημήτρης;Αλεξίου;M;30;Πάτρα;Δυτική Ελλάδα;2024-10-29;Silver
200408;Άννα;Πετρόπουλος;F;26;Αθήνα;Αττική;2024-04-30;Silver
200409;Ανδρέας;Αναστασίου;M;71;Σέρρες;Κεντρική Μακεδονία;2025-03-18;Bronze
200410;Κώστας;Καραγιάννης;M;42;Αθήνα;Αττική;2024-06-24;Bronze
200411;Χρήστος;Γεωργίου;M;23;Πάτρα;Δυτική Ελλάδα;2024-08-04;Bronze
200412;Ελένη;Καρράς;F;32;Τρίκαλα;Θεσσαλία;2024-06-19;Bronze
200413;Ιωάννα;Σταματίου;F;71;Ρόδος;Νότιο Αιγαίο;2025-06-29;Silver
200414;Μιχάλης;Καρράς;M;29;Ρόδος;Νότιο Αιγαίο;2025-03-31;Bronze
200415;Γεωργία;Αλεξίου;F;64;Αθήνα;Αττική;2024-07-19;Bronze
200416;Αγγελική;Σπυρόπουλος;F;23;Ρόδος;Νότιο Αιγαίο;2024-04-28;Gold
200417;Γιώργος;Βλάχος;M;65;Τρίκαλα;Θεσσαλία;2025-06-30;Platinum
200418;Βασίλης;Καραγιάννης;M;43;Σέρρες;Κεντρική Μακεδονία;2025-08-17;Silver
200419;Γιώργος;Ζαχαρίου;M;29;Χανιά;Κρήτη;2024-08-25;Gold
200420;Γιώργος;Ζαχαρίου;M;72;Ρόδος;Νότιο Αιγαίο;2025-07-10;Gold
200421;Βασίλης;Λαμπρόπουλος;M;23;Βόλος;Θεσσαλία;2025-06-21;Silver
200422;Σοφία;Παπανικολάου;F;53;Πάτρα;Δυτική Ελλάδα;2024-07-01;Bronze
200423;Άννα;Νικολάου;F;69;Ηράκλειο;Κρήτη;2025-12-16;Silver
200424;Θανάσης;Σπυρόπουλος;M;22;Ιωάννινα;Ήπειρος;2025-10-11;Silver
200425;Ιωάννα;Σταματίου;F;61;Λάρισα;Θεσσαλία;2024-12-11;Bronze
200426;Γιώργος;Παπαδόπουλος;M;69;Τρίκαλα;Θεσσαλία;2024-02-01;Bronze
200427;Θανάσης;Δημητρίου;M;23;Τρίκαλα;Θεσσαλία;2024-07-13;Silver
200428;Μιχάλης;Λαμπρόπουλος;M;59;Βόλος;Θεσσαλία;2024-02-28;Gold
200429;Κώστας;Ιωαννίδης;M;38;Ιωάννινα;Ήπειρος;2025-11-19;Bronze
200430;Σοφία;Κωνσταντίνου;F;28;Θεσσαλονίκη;Κεντρική Μακεδονία;2025-07-12;Gold
200431;Σοφία;Καραγιάννης;F;51;Θεσσαλονίκη;Κεντρική Μακεδονία;2024-06-03;Bronze
200432;Αγγελική;Πετρόπουλος;F;68;Αθήνα;Αττική;2024-11-17;Bronze
200433;Βασίλης;Καρράς;M;47;Αθήνα;Αττική;2024-02-15;Silver
200434;Παναγιώτης;Βλάχος;M;42;Βόλος;Θεσσαλία;2025-10-13;Bronze
200435;Αγγελική;Κωνσταντίνου;F;51;Πάτρα;Δυτική Ελλάδα;2025-02-18;Bronze
200436;Δημήτρης;Καρράς;M;27;Λάρισα;Θεσσαλία;2025-06-07;Bronze
200437;Δήμητρα;Οικονόμου;F;41;Λάρισα;Θεσσαλία;2024-06-23;Gold
200438;Μαρία;Λαμπρόπουλος;F;63;Αθήνα;Αττική;2025-10-02;Silver
200439;Άννα;Βλάχος;F;44;Ρόδος;Νότιο Αιγαίο;2025-09-20;Silver
200440;Μαρία;Πετρόπουλος;F;67;Σέρρες;Κεντρική Μακεδονία;2025-06-22;Bronze
200441;Γιώργος;Κωνσταντίνου;M;69;Αθήνα;Αττική;2024-05-05;Gold
200442;Αγγελική;Γεωργίου;F;53;Χανιά;Κρήτη;2024-01-06;Bronze
200443;Κατερίνα;Λαμπρόπουλος;F;48;Καβάλα;Ανατολική Μακεδονία & Θράκη;2024-09-11;Silver
200444;Άννα;Ζαχαρίου;F;59;Θεσσαλονίκη;Κεντρική Μακεδονία;2025-02-13;Bronze
200445;Νίκος;Νικολάου;M;62;Ιωάννινα;Ήπειρος;2025-09-25;Silver
200446;Βασίλης;Χατζής;M;59;Σέρρες;Κεντρική Μακεδονία;2025-11-13;Silver
200447;Σοφία;Σταματίου;F;19;Ηράκλειο;Κρήτη;2025-03-05;Gold
200448;Ανδρέας;Ζαχαρίου;M;45;Ηράκλειο;Κρήτη;2024-04-16;Bronze
200449;Ελένη;Σπυρόπουλος;F;20;Ιωάννινα;Ήπειρος;2024-10-25;Platinum
200450;Κατερίνα;Ιωαννίδης;F;66;Βόλος;Θεσσαλία;2024-10-24;Gold
200451;Κώστας;Μιχαηλίδης;M;68;Ηράκλειο;Κρήτη;2025-11-22;Bronze
200452;Παναγιώτης;Αλεξίου;M;64;Αθήνα;Αττική;2025-11-15;Bronze
200453;Σοφία;Καρράς;F;68;Λάρισα;Θεσσαλία;2024-10-24;Silver
200454;Δημήτρης;Γεωργίου;M;41;Ηράκλειο;Κρήτη;2025-07-23;Silver
200455;Παναγιώτης;Παπανικολάου;M;64;Πάτρα;Δυτική Ελλάδα;2025-04-21;Silver
200456;Ανδρέας;Οικονόμου;M;36;Σέρρες;Κεντρική Μακεδονία;2025-10-16;Bronze
200457;Άννα;Αλεξίου;F;31;Ηράκλειο;Κρήτη;2024-12-29;Bronze
200458;Γεωργία;Παπανικολάου;F;63;Θεσσαλονίκη;Κεντρική Μακεδονία;2025-02-08;Silver
200459;Νίκος;Δημητρίου;M;24;Τρίκαλα;Θεσσαλία;2025-09-06;Silver
200460;Ελένη;Λαμπρόπουλος;F;21;Ρόδος;Νότιο Αιγαίο;2024-07-22;Bronze
200461;Δημήτρης;Καραγιάννης;M;31;Πάτρα;Δυτική Ελλάδα;2025-02-18;Silver
200462;Γιώργος;Καρράς;M;72;Αθήνα;Αττική;2024-03-19;Platinum
200463;Δήμητρα;Μιχαηλίδης;F;24;Καβάλα;Ανατολική Μακεδονία & Θράκη;2025-05-27;Gold
200464;Γιώργος;Σταματίου;M;31;Αθήνα;Αττική;2024-01-31;Silver
200465;Χριστίνα;Γεωργίου;F;53;Πάτρα;Δυτική Ελλάδα;2025-09-03;Silver
200466;Δημήτρης;Μιχαηλίδης;M;39;Καβάλα;Ανατολική Μακεδονία & Θράκη;2025-10-14;Silver
200467;Σοφία;Πετρόπουλος;F;25;Τρίκαλα;Θεσσαλία;2025-03-01;Gold
200468;Χρήστος;Ιωαννίδης;M;57;Βόλος;Θεσσαλία;2024-05-17;Gold
200469;Παναγιώτης;Πετρόπουλος;M;22;Θεσσαλονίκη;Κεντρική Μακεδονία;2025-06-22;Silver
200470;Ελένη;Λαμπρόπουλος;F;36;Ηράκλειο;Κρήτη;2024-08-24;Bronze
200471;Δήμητρα;Παπαδόπουλος;F;55;Πάτρα;Δυτική Ελλάδα;2025-02-21;Bronze
200472;Δημήτρης;Πετρόπουλος;M;56;Χανιά;Κρήτη;2024-05-31;Bronze
200473;Σοφία;Παπανικολάου;F;39;Ιωάννινα;Ήπειρος;2024-03-19;Bronze
200474;Παναγιώτης;Νικολάου;M;51;Χανιά;Κρήτη;2025-02-21;Platinum
200475;Ανδρέας;Παπαδόπουλος;M;67;Βόλος;Θεσσαλία;2024-08-31;Silver
200476;Χριστίνα;Καρράς;F;68;Τρίκαλα;Θεσσαλία;2024-02-17;Silver
200477;Νίκος;Νικολάου;M;45;Αθήνα;Αττική;2024-02-13;Platinum
200478;Βασίλης;Αλεξίου;M;41;Ιωάννινα;Ήπειρος;2025-02-11;Gold
200479;Γιώργος;Μιχαηλίδης;M;27;Σέρρες;Κεντρική Μακεδονία;2025-04-11;Bronze
200480;Νίκος;Σταματίου;M;67;Ηράκλειο;Κρήτη;2024-09-17;Gold
200481;Μαρία;Καρράς;F;50;Χανιά;Κρήτη;2024-07-06;Bronze
200482;Μιχάλης;Καραγιάννης;M;45;Χανιά;Κρήτη;2025-10-21;Gold
200483;Βασίλης;Κωνσταντίνου;M;36;Τρίκαλα;Θεσσαλία;2024-02-11;Bronze
200484;Αγγελική;Παπαδόπουλος;F;68;Χανιά;Κρήτη;2025-04-03;Gold
200485;Σοφία;Βλάχος;F;48;Σέρρες;Κεντρική Μακεδονία;2025-07-17;Silver
200486;Χρήστος;Οικονόμου;M;31;Ηράκλειο;Κρήτη;2025-10-22;Bronze
200487;Γιώργος;Γεωργίου;M;60;Βόλος;Θεσσαλία;2025-04-07;Silver
200488;Θανάσης;Οικονόμου;M;50;Βόλος;Θεσσαλία;2025-08-01;Silver
200489;Παναγιώτης;Αναστασίου;M;54;Πάτρα;Δυτική Ελλάδα;2024-01-17;Silver
200490;Σοφία;Χατζής;F;69;Πάτρα;Δυτική Ελλάδα;2025-02-16;Gold
200491;Γεωργία;Χατζής;F;69;Ιωάννινα;Ήπειρος;2025-11-03;Bronze
200492;Ελένη;Ζαχαρίου;F;36;Πάτρα;Δυτική Ελλάδα;2025-07-02;Gold
200493;Γεωργία;Βλάχος;F;27;Βόλος;Θεσσαλία;2025-08-01;Bronze
200494;Βασίλης;Αναστασίου;M;54;Ρόδος;Νότιο Αιγαίο;2024-07-18;Platinum
200495;Νίκος;Σταματίου;M;71;Ηράκλειο;Κρήτη;2024-10-28;Gold
200496;Χριστίνα;Χατζής;F;53;Αθήνα;Αττική;2025-02-21;Silver
200497;Βασίλης;Καραγιάννης;M;27;Ιωάννινα;Ήπειρος;2025-10-17;Bronze
200498;Μαρία;Σπυρόπουλος;F;29;Τρίκαλα;Θεσσαλία;2024-08-09;Bronze
200499;Βασίλης;Πετρόπουλος;M;32;Βόλος;Θεσσαλία;2025-11-17;Silver
200500;Άννα;Ζαχαρίου;F;26;Σέρρες;Κεντρική Μακεδονία;2025-07-28;Gold
200501;Μαρία;Ιωαννίδης;F;44;Σέρρες;Κεντρική Μακεδονία;2024-04-30;Platinum
200502;Δήμητρα;Παπαδόπουλος;F;53;Πάτρα;Δυτική Ελλάδα;2025-02-19;Silver
200503;Αγγελική;Νικολάου;F;45;Σέρρες;Κεντρική Μακεδονία;2024-09-29;Bronze
200504;Γεωργία;Μιχαηλίδης;F;40;Ιωάννινα;Ήπειρος;2025-10-07;Bronze
200505;Γιώργος;Λαμπρόπουλος;M;48;Ιωάννινα;Ήπειρος;2024-04-10;Silver
200506;Δημήτρης;Ζαχαρίου;M;38;Ρόδος;Νότιο Αιγαίο;2024-12-10;Platinum
200507;Παναγιώτης;Αλεξίου;M;67;Λάρισα;Θεσσαλία;2025-02-12;Silver
200508;Θανάσης;Αναστασίου;M;72;Χανιά;Κρήτη;2024-10-05;Silver
200509;Γιώργος;Σταματίου;M;48;Ηράκλειο;Κρήτη;2024-01-02;Bronze
200510;Γεωργία;Μιχαηλίδης;F;42;Θεσσαλονίκη;Κεντρική Μακεδονία;2024-02-26;Bronze
200511;Αγγελική;Αλεξίου;F;22;Θεσσαλονίκη;Κεντρική Μακεδονία;2025-11-15;Bronze
200512;Μαρία;Οικονόμου;F;22;Ιωάννινα;Ήπειρος;2025-06-24;Bronze
200513;Ελένη;Αναστασίου;F;58;Ρόδος;Νότιο Αιγαίο;2024-03-15;Gold
200514;Μαρία;Σπυρόπουλος;F;44;Πάτρα;Δυτική Ελλάδα;2025-10-06;Silver
200515;Χριστίνα;Νικολάου;F;21;Τρίκαλα;Θεσσαλία;2025-01-12;Bronze
200516;Σοφία;Παπαδόπουλος;F;49;Καβάλα;Ανατολική Μακεδονία & Θράκη;2025-03-29;Silver
200517;Κατερίνα;Οικονόμου;F;63;Καβάλα;Ανατολική Μακεδονία & Θράκη;2024-05-23;Silver
200518;Κατερίνα;Πετρόπουλος;F;26;Βόλος;Θεσσαλία;2024-01-20;Silver
200519;Μιχάλης;Καραγιάννης;M;42;Αθήνα;Αττική;2024-06-13;Silver
200520;Παναγιώτης;Παπαδόπουλος;M;43;Χανιά;Κρήτη;2025-11-21;Silver
200521;Δημήτρης;Αλεξίου;M;30;Καβάλα;Ανατολική Μακεδονία & Θράκη;2024-08-25;Bronze
200522;Ανδρέας;Ιωαννίδης;M;63;Πάτρα;Δυτική Ελλάδα;2024-07-26;Bronze
200523;Ελένη;Σπυρόπουλος;F;52;Θεσσαλονίκη;Κεντρική Μακεδονία;2025-04-20;Bronze
200524;Νίκος;Δημητρίου;M;56;Πάτρα;Δυτική Ελλάδα;2024-01-01;Bronze
200525;Χρήστος;Βλάχος;M;70;Χανιά;Κρήτη;2025-11-16;Bronze
200526;Ιωάννα;Λαμπρόπουλος;F;54;Βόλος;Θεσσαλία;2025-01-20;Bronze
200527;Μιχάλης;Δημητρίου;M;60;Χανιά;Κρήτη;2024-10-30;Bronze
200528;Κώστας;Χατζής;M;38;Αθήνα;Αττική;2024-05-24;Gold
200529;Αγγελική;Οικονόμου;F;70;Θεσσαλονίκη;Κεντρική Μακεδονία;2025-03-17;Bronze
200530;Δημήτρης;Σπυρόπουλος;M;31;Σέρρες;Κεντρική Μακεδονία;2024-09-13;Gold
200531;Ιωάννα;Λαμπρόπουλος;F;24;Πάτρα;Δυτική Ελλάδα;2025-04-19;Silver
200532;Αγγελική;Σταματίου;F;29;Θεσσαλονίκη;Κεντρική Μακεδονία;2024-01-15;Gold
200533;Μιχάλης;Χατζής;M;52;Πάτρα;Δυτική Ελλάδα;2024-04-14;Silver
200534;Αγγελική;Καρράς;F;28;Ρόδος;Νότιο Αιγαίο;2025-07-13;Bronze
200535;Γεωργία;Σπυρόπουλος;F;32;Ιωάννινα;Ήπειρος;2024-08-25;Gold
200536;Νίκος;Ζαχαρίου;M;29;Χανιά;Κρήτη;2025-11-28;Platinum
200537;Μαρία;Παπανικολάου;F;32;Ρόδος;Νότιο Αιγαίο;2025-04-05;Platinum
200538;Μιχάλης;Χατζής;M;52;Τρίκαλα;Θεσσαλία;2025-10-13;Bronze
200539;Μιχάλης;Καραγιάννης;M;62;Αθήνα;Αττική;2025-02-16;Gold
200540;Άννα;Μιχαηλίδης;F;51;Πάτρα;Δυτική Ελλάδα;2024-01-16;Bronze
200541;Χρήστος;Λαμπρόπουλος;M;27;Θεσσαλονίκη;Κεντρική Μακεδονία;2025-11-05;Gold
200542;Δημήτρης;Ιωαννίδης;M;38;Σέρρες;Κεντρική Μακεδονία;2024-06-12;Bronze
200543;Δήμητρα;Παπαδόπουλος;F;67;Βόλος;Θεσσαλία;2025-07-06;Platinum
200544;Παναγιώτης;Μιχαηλίδης;M;54;Πάτρα;Δυτική Ελλάδα;2024-03-15;Silver
200545;Νίκος;Χατζής;M;26;Βόλος;Θεσσαλία;2025-08-04;Bronze
200546;Γεωργία;Οικονόμου;F;53;Ρόδος;Νότιο Αιγαίο;2025-07-01;Gold
200547;Άννα;Καρράς;F;57;Ρόδος;Νότιο Αιγαίο;2025-07-08;Bronze
200548;Κώστας;Νικολάου;M;20;Βόλος;Θεσσαλία;2024-02-04;Platinum
200549;Βασίλης;Καρράς;M;64;Ρόδος;Νότιο Αιγαίο;2025-12-09;Bronze
200550;Κατερίνα;Αναστασίου;F;56;Βόλος;Θεσσαλία;2025-09-16;Silver
200551;Νίκος;Αναστασίου;M;40;Καβάλα;Ανατολική Μακεδονία & Θράκη;2025-10-03;Silver
200552;Μαρία;Σπυρόπουλος;F;23;Βόλος;Θεσσαλία;2024-07-02;Bronze
200553;Ιωάννα;Μιχαηλίδης;F;48;Ηράκλειο;Κρήτη;2025-07-06;Gold
200554;Γιώργος;Πετρόπουλος;M;46;Λάρισα;Θεσσαλία;2025-01-24;Gold
200555;Μιχάλης;Καραγιάννης;M;57;Χανιά;Κρήτη;2025-05-19;Bronze
200556;Θανάσης;Χατζής;M;45;Χανιά;Κρήτη;2025-05-24;Silver
200557;Κώστας;Παπανικολάου;M;51;Ρόδος;Νότιο Αιγαίο;2024-07-19;Silver
200558;Βασίλης;Παπανικολάου;M;61;Χανιά;Κρήτη;2024-01-01;Bronze
200559;Δημήτρης;Ιωαννίδης;M;21;Τρίκαλα;Θεσσαλία;2024-10-02;Gold
200560;Χριστίνα;Μιχαηλίδης;F;64;Ρόδος;Νότιο Αιγαίο;2024-12-05;Silver
200561;Γιώργος;Γεωργίου;M;28;Λάρισα;Θεσσαλία;2025-07-08;Bronze
200562;Δήμητρα;Κωνσταντίνου;F;34;Πάτρα;Δυτική Ελλάδα;2025-06-20;Bronze
200563;Άννα;Νικολάου;F;40;Ρόδος;Νότιο Αιγαίο;2024-10-28;Bronze
200564;Κώστας;Λαμπρόπουλος;M;65;Ρόδος;Νότιο Αιγαίο;2024-10-02;Gold
200565;Δημήτρης;Λαμπρόπουλος;M;54;Θεσσαλονίκη;Κεντρική Μακεδονία;2024-12-14;Bronze
200566;Ελένη;Παπανικολάου;F;29;Χανιά;Κρήτη;2024-12-11;Silver
200567;Κατερίνα;Παπανικολάου;F;42;Πάτρα;Δυτική Ελλάδα;2025-08-12;Bronze
200568;Δημήτρης;Παπανικολάου;M;51;Ρόδος;Νότιο Αιγαίο;2025-12-03;Bronze
200569;Βασίλης;Γεωργίου;M;53;Τρίκαλα;Θεσσαλία;2025-02-04;Bronze
200570;Μιχάλης;Ζαχαρίου;M;34;Ιωάννινα;Ήπειρος;2025-07-26;Bronze
200571;Ιωάννα;Αναστασίου;F;70;Λάρισα;Θεσσαλία;2024-08-17;Bronze
200572;Γεωργία;Γεωργίου;F;61;Χανιά;Κρήτη;2025-08-13;Bronze
200573;Μιχάλης;Πετρόπουλος;M;48;Πάτρα;Δυτική Ελλάδα;2024-02-18;Bronze
200574;Γεωργία;Βλάχος;F;35;Αθήνα;Αττική;2024-03-29;Gold
200575;Χρήστος;Αναστασίου;M;23;Βόλος;Θεσσαλία;2024-10-27;Silver
200576;Δήμητρα;Αλεξίου;F;24;Ηράκλειο;Κρήτη;2024-06-26;Bronze
200577;Χρήστος;Καραγιάννης;M;64;Χανιά;Κρήτη;2024-04-09;Bronze
200578;Ιωάννα;Παπανικολάου;F;20;Αθήνα;Αττική;2025-09-27;Bronze
200579;Νίκος;Αναστασίου;M;67;Θεσσαλονίκη;Κεντρική Μακεδονία;2024-02-06;Gold
200580;Μιχάλης;Μιχαηλίδης;M;57;Χανιά;Κρήτη;2024-05-04;Silver
200581;Αγγελική;Οικονόμου;F;56;Τρίκαλα;Θεσσαλία;2024-05-14;Gold
200582;Παναγιώτης;Ιωαννίδης;M;26;Ηράκλειο;Κρήτη;2025-06-10;Silver
200583;Χριστίνα;Σταματίου;F;26;Βόλος;Θεσσαλία;2025-07-24;Gold
200584;Χριστίνα;Οικονόμου;F;38;Ρόδος;Νότιο Αιγαίο;2025-06-02;Bronze
200585;Αγγελική;Σπυρόπουλος;F;35;Λάρισα;Θεσσαλία;2024-06-20;Bronze
200586;Αγγελική;Παπανικολάου;F;65;Σέρρες;Κεντρική Μακεδονία;2024-10-13;Silver
200587;Γεωργία;Καρράς;F;41;Βόλος;Θεσσαλία;2025-12-30;Gold
200588;Κατερίνα;Ζαχαρίου;F;26;Λάρισα;Θεσσαλία;2025-09-21;Gold
200589;Χρήστος;Παπανικολάου;M;19;Πάτρα;Δυτική Ελλάδα;2024-01-07;Gold
200590;Κώστας;Αναστασίου;M;41;Σέρρες;Κεντρική Μακεδονία;2024-08-23;Silver
200591;Νίκος;Βλάχος;M;26;Σέρρες;Κεντρική Μακεδονία;2024-04-28;Gold
200592;Ελένη;Αλεξίου;F;18;Βόλος;Θεσσαλία;2024-12-14;Silver
200593;Χρήστος;Λαμπρόπουλος;M;65;Πάτρα;Δυτική Ελλάδα;2025-11-29;Bronze
200594;Σοφία;Ζαχαρίου;F;51;Ρόδος;Νότιο Αιγαίο;2025-01-27;Bronze
200595;Κατερίνα;Καραγιάννης;F;72;Τρίκαλα;Θεσσαλία;2024-08-15;Bronze
200596;Σοφία;Καρράς;F;27;Τρίκαλα;Θεσσαλία;2024-01-07;Bronze
200597;Ανδρέας;Αναστασίου;M;31;Θεσσαλονίκη;Κεντρική Μακεδονία;2025-06-22;Bronze
200598;Βασίλης;Γεωργίου;M;65;Πάτρα;Δυτική Ελλάδα;2024-07-13;Gold
200599;Δημήτρης;Πετρόπουλος;M;27;Σέρρες;Κεντρική Μακεδονία;2024-01-08;Silver
200600;Γιώργος;Μιχαηλίδης;M;65;Αθήνα;Αττική;2024-04-02;Silver
200601;Σοφία;Καραγιάννης;F;28;Ηράκλειο;Κρήτη;2025-07-20;Silver
200602;Βασίλης;Σταματίου;M;67;Καβάλα;Ανατολική Μακεδονία & Θράκη;2025-02-17;Silver
200603;Μιχάλης;Σταματίου;M;68;Πάτρα;Δυτική Ελλάδα;2024-12-24;Silver
200604;Σοφία;Ιωαννίδης;F;53;Σέρρες;Κεντρική Μακεδονία;2024-09-29;Silver
200605;Κατερίνα;Χατζής;F;20;Βόλος;Θεσσαλία;2024-05-25;Silver
200606;Χριστίνα;Λαμπρόπουλος;F;33;Τρίκαλα;Θεσσαλία;2024-04-14;Bronze
200607;Μιχάλης;Γεωργίου;M;59;Καβάλα;Ανατολική Μακεδονία & Θράκη;2024-06-28;Bronze
200608;Δημήτρης;Σπυρόπουλος;M;68;Τρίκαλα;Θεσσαλία;2024-08-10;Gold
200609;Γιώργος;Παπανικολάου;M;29;Πάτρα;Δυτική Ελλάδα;2024-06-07;Silver
200610;Χρήστος;Σταματίου;M;24;Τρίκαλα;Θεσσαλία;2025-03-13;Gold
200611;Παναγιώτης;Βλάχος;M;53;Χανιά;Κρήτη;2024-05-27;Bronze
200612;Ανδρέας;Ιωαννίδης;M;62;Ηράκλειο;Κρήτη;2025-08-14;Gold
200613;Ανδρέας;Λαμπρόπουλος;M;37;Λάρισα;Θεσσαλία;2025-03-03;Bronze
200614;Ιωάννα;Βλάχος;F;28;Ιωάννινα;Ήπειρος;2024-10-23;Bronze
200615;Θανάσης;Παπανικολάου;M;34;Λάρισα;Θεσσαλία;2025-08-14;Gold
200616;Γεωργία;Γεωργίου;F;29;Καβάλα;Ανατολική Μακεδονία & Θράκη;2025-09-10;Gold
200617;Μαρία;Σταματίου;F;54;Πάτρα;Δυτική Ελλάδα;2025-03-26;Bronze
200618;Ανδρέας;Βλάχος;M;60;Ρόδος;Νότιο Αιγαίο;2025-04-24;Gold
200619;Ελένη;Αλεξίου;F;49;Τρίκαλα;Θεσσαλία;2024-11-30;Bronze
200620;Κώστας;Νικολάου;M;19;Σέρρες;Κεντρική Μακεδονία;2024-04-10;Bronze
200621;Χριστίνα;Οικονόμου;F;53;Ηράκλειο;Κρήτη;2024-06-26;Bronze
200622;Παναγιώτης;Λαμπρόπουλος;M;49;Ρόδος;Νότιο Αιγαίο;2025-12-03;Gold
200623;Δήμητρα;Αλεξίου;F;62;Τρίκαλα;Θεσσαλία;2025-12-22;Gold
200624;Κατερίνα;Βλάχος;F;58;Χανιά;Κρήτη;2025-02-07;Gold
200625;Δημήτρης;Παπαδόπουλος;M;35;Λάρισα;Θεσσαλία;2024-08-29;Gold
200626;Θανάσης;Χατζής;M;38;Θεσσαλονίκη;Κεντρική Μακεδονία;2025-04-16;Bronze
200627;Δημήτρης;Χατζής;M;23;Αθήνα;Αττική;2024-06-01;Silver
200628;Θανάσης;Ιωαννίδης;M;60;Αθήνα;Αττική;2024-04-04;Bronze
200629;Σοφία;Ζαχαρίου;F;30;Αθήνα;Αττική;2025-09-18;Gold
200630;Θανάσης;Καρράς;M;48;Θεσσαλονίκη;Κεντρική Μακεδονία;2024-08-03;Silver
200631;Ελένη;Πετρόπουλος;F;25;Πάτρα;Δυτική Ελλάδα;2025-02-11;Bronze
200632;Κώστας;Γεωργίου;M;31;Πάτρα;Δυτική Ελλάδα;2024-04-30;Gold
200633;Χριστίνα;Σπυρόπουλος;F;66;Σέρρες;Κεντρική Μακεδονία;2024-05-22;Bronze
200634;Νίκος;Γεωργίου;M;42;Ιωάννινα;Ήπειρος;2024-04-17;Bronze
200635;Γιώργος;Γεωργίου;M;57;Τρίκαλα;Θεσσαλία;2024-02-02;Bronze
200636;Αγγελική;Σπυρόπουλος;F;33;Ηράκλειο;Κρήτη;2025-09-29;Silver
200637;Γιώργος;Αναστασίου;M;54;Ηράκλειο;Κρήτη;2025-03-17;Bronze
200638;Βασίλης;Παπαδόπουλος;M;60;Πάτρα;Δυτική Ελλάδα;2025-04-11;Silver
200639;Αγγελική;Γεωργίου;F;27;Λάρισα;Θεσσαλία;2024-06-29;Bronze
200640;Μαρία;Λαμπρόπουλος;F;61;Ιωάννινα;Ήπειρος;2025-10-02;Silver
200641;Μαρία;Χατζής;F;60;Βόλος;Θεσσαλία;2024-05-17;Bronze
200642;Χριστίνα;Νικολάου;F;19;Ρόδος;Νότιο Αιγαίο;2024-07-17;Silver
200643;Δήμητρα;Μιχαηλίδης;F;71;Θεσσαλονίκη;Κεντρική Μακεδονία;2025-11-01;Bronze
200644;Θανάσης;Πετρόπουλος;M;40;Πάτρα;Δυτική Ελλάδα;2025-12-12;Silver
200645;Νίκος;Βλάχος;M;47;Θεσσαλονίκη;Κεντρική Μακεδονία;2024-05-25;Bronze
200646;Δήμητρα;Λαμπρόπουλος;F;38;Χανιά;Κρήτη;2025-01-10;Bronze
200647;Δημήτρης;Παπαδόπουλος;M;34;Θεσσαλονίκη;Κεντρική Μακεδονία;2024-06-08;Bronze
200648;Μαρία;Καρράς;F;25;Βόλος;Θεσσαλία;2025-09-20;Bronze
200649;Βασίλης;Καραγιάννης;M;35;Αθήνα;Αττική;2024-06-19;Silver
200650;Μιχάλης;Δημητρίου;M;45;Ιωάννινα;Ήπειρος;2025-08-27;Bronze
200651;Κώστας;Νικολάου;M;36;Χανιά;Κρήτη;2025-10-27;Platinum
200652;Ανδρέας;Παπανικολάου;M;34;Πάτρα;Δυτική Ελλάδα;2025-12-01;Silver
200653;Δημήτρης;Αναστασίου;M;20;Ηράκλειο;Κρήτη;2024-03-01;Bronze
200654;Χριστίνα;Καραγιάννης;F;54;Σέρρες;Κεντρική Μακεδονία;2025-04-07;Bronze
200655;Γεωργία;Δημητρίου;F;41;Καβάλα;Ανατολική Μακεδονία & Θράκη;2025-08-27;Silver
200656;Δήμητρα;Αναστασίου;F;45;Πάτρα;Δυτική Ελλάδα;2024-09-09;Bronze
200657;Κώστας;Κωνσταντίνου;M;47;Ιωάννινα;Ήπειρος;2024-01-03;Bronze
200658;Νίκος;Ζαχαρίου;M;25;Αθήνα;Αττική;2024-07-31;Bronze
200659;Αγγελική;Βλάχος;F;24;Καβάλα;Ανατολική Μακεδονία & Θράκη;2025-02-12;Bronze
200660;Μιχάλης;Σταματίου;M;45;Χανιά;Κρήτη;2024-02-13;Silver
200661;Ανδρέας;Σπυρόπουλος;M;24;Πάτρα;Δυτική Ελλάδα;2025-08-29;Bronze
200662;Ανδρέας;Οικονόμου;M;47;Θεσσαλονίκη;Κεντρική Μακεδονία;2024-07-19;Silver
200663;Ιωάννα;Γεωργίου;F;33;Αθήνα;Αττική;2025-04-18;Silver
200664;Ελένη;Οικονόμου;F;70;Λάρισα;Θεσσαλία;2025-01-04;Platinum
200665;Ιωάννα;Αναστασίου;F;30;Ιωάννινα;Ήπειρος;2024-06-28;Bronze
200666;Γιώργος;Παπαδόπουλος;M;54;Ιωάννινα;Ήπειρος;2024-07-05;Bronze
200667;Ιωάννα;Καρράς;F;63;Ιωάννινα;Ήπειρος;2025-09-02;Bronze
200668;Δημήτρης;Γεωργίου;M;53;Αθήνα;Αττική;2024-12-07;Bronze
200669;Θανάσης;Μιχαηλίδης;M;28;Καβάλα;Ανατολική Μακεδονία & Θράκη;2024-09-17;Gold
200670;Χριστίνα;Νικολάου;F;23;Βόλος;Θεσσαλία;2025-08-22;Bronze
200671;Κώστας;Καραγιάννης;M;19;Αθήνα;Αττική;2024-02-28;Platinum
200672;Χριστίνα;Καρράς;F;24;Λάρισα;Θεσσαλία;2024-12-04;Silver
200673;Νίκος;Γεωργίου;M;21;Καβάλα;Ανατολική Μακεδονία & Θράκη;2025-08-25;Silver
200674;Ελένη;Κωνσταντίνου;F;20;Αθήνα;Αττική;2025-11-01;Bronze
200675;Βασίλης;Λαμπρόπουλος;M;22;Τρίκαλα;Θεσσαλία;2025-07-30;Gold
200676;Γεωργία;Παπαδόπουλος;F;38;Ηράκλειο;Κρήτη;2025-11-14;Platinum
200677;Ανδρέας;Σταματίου;M;20;Λάρισα;Θεσσαλία;2025-09-17;Silver
200678;Θανάσης;Αναστασίου;M;59;Ρόδος;Νότιο Αιγαίο;2025-05-23;Gold
200679;Γεωργία;Ζαχαρίου;F;49;Σέρρες;Κεντρική Μακεδονία;2024-08-17;Silver
200680;Μιχάλης;Χατζής;M;46;Σέρρες;Κεντρική Μακεδονία;2024-05-03;Gold
200681;Γεωργία;Λαμπρόπουλος;F;65;Λάρισα;Θεσσαλία;2024-04-14;Bronze
200682;Ελένη;Νικολάου;F;31;Καβάλα;Ανατολική Μακεδονία & Θράκη;2024-10-20;Platinum
200683;Ιωάννα;Χατζής;F;35;Ηράκλειο;Κρήτη;2024-08-26;Gold
200684;Χριστίνα;Σταματίου;F;31;Τρίκαλα;Θεσσαλία;2025-12-06;Platinum
200685;Γεωργία;Χατζής;F;25;Ρόδος;Νότιο Αιγαίο;2025-04-01;Gold
200686;Παναγιώτης;Σταματίου;M;45;Σέρρες;Κεντρική Μακεδονία;2024-05-22;Bronze
200687;Μαρία;Ζαχαρίου;F;47;Χανιά;Κρήτη;2024-06-24;Bronze
200688;Μαρία;Σταματίου;F;60;Σέρρες;Κεντρική Μακεδονία;2025-11-06;Bronze
200689;Ελένη;Λαμπρόπουλος;F;69;Θεσσαλονίκη;Κεντρική Μακεδονία;2024-08-28;Bronze
200690;Κατερίνα;Γεωργίου;F;23;Καβάλα;Ανατολική Μακεδονία & Θράκη;2024-01-23;Silver
200691;Αγγελική;Παπαδόπουλος;F;70;Θεσσαλονίκη;Κεντρική Μακεδονία;2025-07-13;Gold
200692;Σοφία;Λαμπρόπουλος;F;26;Πάτρα;Δυτική Ελλάδα;2024-05-03;Silver
200693;Αγγελική;Ζαχαρίου;F;65;Ηράκλειο;Κρήτη;2025-08-07;Platinum
200694;Ιωάννα;Παπαδόπουλος;F;52;Πάτρα;Δυτική Ελλάδα;2024-03-04;Gold
200695;Αγγελική;Οικονόμου;F;44;Καβάλα;Ανατολική Μακεδονία & Θράκη;2024-11-23;Silver
200696;Κώστας;Αλεξίου;M;42;Ρόδος;Νότιο Αιγαίο;2024-03-28;Bronze
200697;Ελένη;Δημητρίου;F;28;Χανιά;Κρήτη;2025-05-26;Silver
200698;Κατερίνα;Πετρόπουλος;F;60;Ιωάννινα;Ήπειρος;2025-07-27;Gold
200699;Μιχάλης;Μιχαηλίδης;M;55;Σέρρες;Κεντρική Μακεδονία;2025-05-03;Silver
200700;Παναγιώτης;Οικονόμου;M;55;Βόλος;Θεσσαλία;2024-08-22;Silver
200701;Ελένη;Χατζής;F;45;Θεσσαλονίκη;Κεντρική Μακεδονία;2024-12-29;Bronze
200702;Αγγελική;Βλάχος;F;29;Καβάλα;Ανατολική Μακεδονία & Θράκη;2024-10-17;Silver
200703;Ανδρέας;Μιχαηλίδης;M;40;Θεσσαλονίκη;Κεντρική Μακεδονία;2025-04-16;Silver
200704;Κατερίνα;Αναστασίου;F;58;Αθήνα;Αττική;2025-09-11;Gold
200705;Γεωργία;Μιχαηλίδης;F;42;Χανιά;Κρήτη;2024-09-11;Silver
200706;Μαρία;Κωνσταντίνου;F;46;Χανιά;Κρήτη;2024-11-15;Bronze
200707;Μαρία;Νικολάου;F;53;Βόλος;Θεσσαλία;2024-04-14;Bronze
200708;Ανδρέας;Χατζής;M;66;Ηράκλειο;Κρήτη;2025-10-07;Bronze
200709;Γιώργος;Ζαχαρίου;M;54;Ηράκλειο;Κρήτη;2024-09-29;Silver
200710;Θανάσης;Οικονόμου;M;45;Πάτρα;Δυτική Ελλάδα;2024-09-21;Bronze
200711;Βασίλης;Σπυρόπουλος;M;56;Ρόδος;Νότιο Αιγαίο;2024-03-10;Bronze
200712;Νίκος;Αναστασίου;M;22;Ηράκλειο;Κρήτη;2024-04-25;Silver
200713;Ανδρέας;Πετρόπουλος;M;58;Πάτρα;Δυτική Ελλάδα;2024-07-28;Silver
200714;Δημήτρης;Αλεξίου;M;48;Τρίκαλα;Θεσσαλία;2025-02-21;Gold
200715;Κατερίνα;Βλάχος;F;20;Λάρισα;Θεσσαλία;2024-11-24;Silver
200716;Χρήστος;Παπανικολάου;M;67;Τρίκαλα;Θεσσαλία;2024-01-23;Gold
200717;Σοφία;Αναστασίου;F;49;Πάτρα;Δυτική Ελλάδα;2024-09-25;Bronze
200718;Χρήστος;Παπανικολάου;M;59;Αθήνα;Αττική;2024-07-16;Silver
200719;Μαρία;Χατζής;F;44;Ιωάννινα;Ήπειρος;2024-03-05;Silver
200720;Ελένη;Ζαχαρίου;F;26;Τρίκαλα;Θεσσαλία;2024-09-21;Silver
200721;Βασίλης;Λαμπρόπουλος;M;64;Αθήνα;Αττική;2025-02-14;Silver
200722;Νίκος;Κωνσταντίνου;M;23;Καβάλα;Ανατολική Μακεδονία & Θράκη;2024-10-04;Bronze
200723;Δημήτρης;Παπανικολάου;M;57;Πάτρα;Δυτική Ελλάδα;2025-02-07;Silver
200724;Αγγελική;Καρράς;F;57;Σέρρες;Κεντρική Μακεδονία;2025-07-05;Silver
200725;Θανάσης;Μιχαηλίδης;M;62;Ρόδος;Νότιο Αιγαίο;2025-07-16;Bronze
200726;Γεωργία;Αναστασίου;F;62;Θεσσαλονίκη;Κεντρική Μακεδονία;2024-12-01;Bronze
200727;Δήμητρα;Οικονόμου;F;25;Θεσσαλονίκη;Κεντρική Μακεδονία;2025-09-20;Bronze
200728;Γιώργος;Καραγιάννης;M;41;Ηράκλειο;Κρήτη;2025-12-14;Gold
200729;Ανδρέας;Γεωργίου;M;22;Καβάλα;Ανατολική Μακεδονία & Θράκη;2024-03-21;Bronze
200730;Δημήτρης;Πετρόπουλος;M;52;Χανιά;Κρήτη;2025-02-08;Bronze
200731;Άννα;Καρράς;F;63;Σέρρες;Κεντρική Μακεδονία;2024-05-08;Bronze
200732;Δήμητρα;Ιωαννίδης;F;56;Αθήνα;Αττική;2025-01-23;Silver
200733;Γιώργος;Πετρόπουλος;M;59;Σέρρες;Κεντρική Μακεδονία;2025-08-09;Bronze
200734;Παναγιώτης;Ζαχαρίου;M;55;Λάρισα;Θεσσαλία;2024-07-02;Bronze
200735;Χριστίνα;Κωνσταντίνου;F;68;Τρίκαλα;Θεσσαλία;2025-07-24;Silver
200736;Ιωάννα;Καρράς;F;21;Βόλος;Θεσσαλία;2025-03-22;Bronze
200737;Παναγιώτης;Παπανικολάου;M;45;Βόλος;Θεσσαλία;2025-05-16;Gold
200738;Αγγελική;Παπαδόπουλος;F;54;Καβάλα;Ανατολική Μακεδονία & Θράκη;2024-11-11;Gold
200739;Δημήτρης;Ζαχαρίου;M;69;Ρόδος;Νότιο Αιγαίο;2024-01-30;Bronze
200740;Ανδρέας;Κωνσταντίνου;M;69;Ιωάννινα;Ήπειρος;2025-01-25;Gold
200741;Χρήστος;Παπανικολάου;M;62;Λάρισα;Θεσσαλία;2024-02-25;Bronze
200742;Γεωργία;Πετρόπουλος;F;40;Ηράκλειο;Κρήτη;2024-02-24;Bronze
200743;Κατερίνα;Σταματίου;F;25;Πάτρα;Δυτική Ελλάδα;2024-06-04;Bronze
200744;Χριστίνα;Καραγιάννης;F;62;Σέρρες;Κεντρική Μακεδονία;2025-04-30;Bronze
200745;Ανδρέας;Πετρόπουλος;M;22;Ιωάννινα;Ήπειρος;2024-01-29;Bronze
200746;Παναγιώτης;Γεωργίου;M;23;Βόλος;Θεσσαλία;2025-05-30;Gold
200747;Αγγελική;Ζαχαρίου;F;58;Ιωάννινα;Ήπειρος;2024-03-02;Bronze
200748;Νίκος;Καραγιάννης;M;55;Χανιά;Κρήτη;2025-02-09;Silver
200749;Αγγελική;Νικολάου;F;30;Θεσσαλονίκη;Κεντρική Μακεδονία;2024-06-26;Silver
200750;Ιωάννα;Παπαδόπουλος;F;69;Λάρισα;Θεσσαλία;2025-04-01;Bronze
200751;Σοφία;Σταματίου;F;58;Ιωάννινα;Ήπειρος;2024-03-18;Bronze
200752;Κώστας;Οικονόμου;M;31;Χανιά;Κρήτη;2024-09-14;Bronze
200753;Δήμητρα;Βλάχος;F;45;Βόλος;Θεσσαλία;2025-12-14;Silver
200754;Αγγελική;Οικονόμου;F;47;Χανιά;Κρήτη;2024-12-24;Platinum
200755;Ανδρέας;Κωνσταντίνου;M;50;Πάτρα;Δυτική Ελλάδα;2024-11-13;Bronze
200756;Βασίλης;Παπανικολάου;M;34;Βόλος;Θεσσαλία;2024-10-01;Bronze
200757;Σοφία;Αναστασίου;F;59;Βόλος;Θεσσαλία;2024-10-19;Silver
200758;Κατερίνα;Αλεξίου;F;72;Θεσσαλονίκη;Κεντρική Μακεδονία;2024-04-24;Bronze
200759;Κώστας;Σπυρόπουλος;M;36;Χανιά;Κρήτη;2025-09-21;Gold
200760;Γεωργία;Δημητρίου;F;46;Καβάλα;Ανατολική Μακεδονία & Θράκη;2025-02-11;Gold
200761;Παναγιώτης;Σταματίου;M;49;Πάτρα;Δυτική Ελλάδα;2024-02-01;Bronze
200762;Κατερίνα;Δημητρίου;F;48;Βόλος;Θεσσαλία;2024-01-13;Silver
200763;Νίκος;Πετρόπουλος;M;68;Ιωάννινα;Ήπειρος;2024-09-09;Gold
200764;Δήμητρα;Αλεξίου;F;20;Ιωάννινα;Ήπειρος;2025-09-15;Platinum
200765;Ανδρέας;Λαμπρόπουλος;M;50;Πάτρα;Δυτική Ελλάδα;2024-09-30;Silver
200766;Ανδρέας;Βλάχος;M;37;Αθήνα;Αττική;2024-02-06;Gold
200767;Βασίλης;Δημητρίου;M;63;Ιωάννινα;Ήπειρος;2025-03-27;Silver
200768;Αγγελική;Δημητρίου;F;71;Ιωάννινα;Ήπειρος;2024-12-19;Platinum
200769;Σοφία;Κωνσταντίνου;F;60;Βόλος;Θεσσαλία;2024-09-24;Bronze
200770;Βασίλης;Αλεξίου;M;70;Χανιά;Κρήτη;2025-01-05;Silver
200771;Γεωργία;Πετρόπουλος;F;31;Καβάλα;Ανατολική Μακεδονία & Θράκη;2025-12-22;Gold
200772;Γιώργος;Παπανικολάου;M;33;Σέρρες;Κεντρική Μακεδονία;2025-09-02;Bronze
200773;Αγγελική;Ζαχαρίου;F;60;Λάρισα;Θεσσαλία;2025-07-05;Silver
200774;Γεωργία;Ζαχαρίου;F;50;Πάτρα;Δυτική Ελλάδα;2025-12-08;Silver
200775;Δήμητρα;Καραγιάννης;F;55;Τρίκαλα;Θεσσαλία;2024-05-16;Gold
200776;Παναγιώτης;Σπυρόπουλος;M;61;Πάτρα;Δυτική Ελλάδα;2024-09-16;Bronze
200777;Νίκος;Πετρόπουλος;M;52;Τρίκαλα;Θεσσαλία;2025-01-25;Silver
200778;Παναγιώτης;Νικολάου;M;31;Χανιά;Κρήτη;2025-10-26;Bronze
200779;Κατερίνα;Ζαχαρίου;F;33;Ηράκλειο;Κρήτη;2025-08-04;Gold
200780;Νίκος;Λαμπρόπουλος;M;49;Αθήνα;Αττική;2025-02-05;Gold
200781;Θανάσης;Αλεξίου;M;29;Χανιά;Κρήτη;2025-06-11;Gold
200782;Κώστας;Νικολάου;M;25;Αθήνα;Αττική;2024-04-29;Bronze
200783;Κώστας;Παπαδόπουλος;M;19;Θεσσαλονίκη;Κεντρική Μακεδονία;2025-12-09;Silver
200784;Χριστίνα;Μιχαηλίδης;F;25;Αθήνα;Αττική;2024-01-31;Silver
200785;Χριστίνα;Γεωργίου;F;18;Χανιά;Κρήτη;2024-03-26;Gold
200786;Ανδρέας;Μιχαηλίδης;M;68;Θεσσαλονίκη;Κεντρική Μακεδονία;2024-10-22;Bronze
200787;Βασίλης;Αναστασίου;M;38;Σέρρες;Κεντρική Μακεδονία;2024-09-06;Silver
200788;Θανάσης;Ζαχαρίου;M;66;Αθήνα;Αττική;2025-05-09;Bronze
200789;Δημήτρης;Παπανικολάου;M;37;Ιωάννινα;Ήπειρος;2025-08-25;Bronze
200790;Γιώργος;Παπαδόπουλος;M;30;Τρίκαλα;Θεσσαλία;2024-01-18;Silver
200791;Κατερίνα;Παπαδόπουλος;F;41;Λάρισα;Θεσσαλία;2024-12-03;Platinum
200792;Ιωάννα;Δημητρίου;F;39;Αθήνα;Αττική;2025-12-06;Bronze
200793;Χριστίνα;Καρράς;F;35;Θεσσαλονίκη;Κεντρική Μακεδονία;2024-03-16;Bronze
200794;Δήμητρα;Αναστασίου;F;23;Τρίκαλα;Θεσσαλία;2024-04-02;Silver
200795;Παναγιώτης;Παπαδόπουλος;M;69;Καβάλα;Ανατολική Μακεδονία & Θράκη;2025-07-08;Bronze
200796;Γεωργία;Χατζής;F;35;Ρόδος;Νότιο Αιγαίο;2025-04-25;Bronze
200797;Ανδρέας;Λαμπρόπουλος;M;66;Ηράκλειο;Κρήτη;2025-03-16;Bronze
200798;Παναγιώτης;Λαμπρόπουλος;M;27;Ιωάννινα;Ήπειρος;2025-07-01;Silver
200799;Κατερίνα;Μιχαηλίδης;F;56;Καβάλα;Ανατολική Μακεδονία & Θράκη;2024-01-16;Silver
200800;Αγγελική;Λαμπρόπουλος;F;51;Σέρρες;Κεντρική Μακεδονία;2025-08-02;Bronze
200801;Γεωργία;Δημητρίου;F;41;Αθήνα;Αττική;2025-01-14;Gold
200802;Κατερίνα;Ιωαννίδης;F;47;Θεσσαλονίκη;Κεντρική Μακεδονία;2025-08-06;Silver
200803;Μαρία;Πετρόπουλος;F;33;Πάτρα;Δυτική Ελλάδα;2024-01-23;Platinum
200804;Χρήστος;Ιωαννίδης;M;47;Σέρρες;Κεντρική Μακεδονία;2025-06-18;Silver
200805;Χρήστος;Παπαδόπουλος;M;37;Θεσσαλονίκη;Κεντρική Μακεδονία;2025-07-20;Gold
200806;Κατερίνα;Δημητρίου;F;68;Καβάλα;Ανατολική Μακεδονία & Θράκη;2025-01-04;Bronze
200807;Ελένη;Σπυρόπουλος;F;49;Καβάλα;Ανατολική Μακεδονία & Θράκη;2024-10-24;Silver
200808;Μιχάλης;Αναστασίου;M;42;Ρόδος;Νότιο Αιγαίο;2024-07-08;Gold
200809;Βασίλης;Λαμπρόπουλος;M;27;Λάρισα;Θεσσαλία;2024-04-04;Silver
200810;Κατερίνα;Καρράς;F;35;Πάτρα;Δυτική Ελλάδα;2024-06-15;Bronze
200811;Δήμητρα;Ζαχαρίου;F;55;Θεσσαλονίκη;Κεντρική Μακεδονία;2025-04-05;Bronze
200812;Δήμητρα;Κωνσταντίνου;F;26;Θεσσαλονίκη;Κεντρική Μακεδονία;2025-07-20;Bronze
200813;Δήμητρα;Καραγιάννης;F;71;Αθήνα;Αττική;2024-11-22;Bronze
200814;Γιώργος;Χατζής;M;27;Πάτρα;Δυτική Ελλάδα;2025-01-10;Silver
200815;Θανάσης;Παπαδόπουλος;M;64;Αθήνα;Αττική;2024-03-05;Silver
200816;Ανδρέας;Καρράς;M;35;Αθήνα;Αττική;2025-04-15;Bronze
200817;Παναγιώτης;Καραγιάννης;M;29;Χανιά;Κρήτη;2024-06-15;Gold
200818;Σοφία;Παπαδόπουλος;F;21;Θεσσαλονίκη;Κεντρική Μακεδονία;2025-05-12;Silver
200819;Κώστας;Κωνσταντίνου;M;63;Καβάλα;Ανατολική Μακεδονία & Θράκη;2024-09-03;Bronze
200820;Ελένη;Μιχαηλίδης;F;52;Βόλος;Θεσσαλία;2024-01-07;Silver
200821;Ανδρέας;Λαμπρόπουλος;M;59;Τρίκαλα;Θεσσαλία;2024-03-01;Bronze
200822;Μαρία;Πετρόπουλος;F;29;Καβάλα;Ανατολική Μακεδονία & Θράκη;2024-04-21;Platinum
200823;Ανδρέας;Σταματίου;M;45;Θεσσαλονίκη;Κεντρική Μακεδονία;2024-02-14;Silver
200824;Μιχάλης;Οικονόμου;M;70;Ρόδος;Νότιο Αιγαίο;2024-05-19;Bronze
200825;Μιχάλης;Δημητρίου;M;69;Ιωάννινα;Ήπειρος;2025-08-30;Bronze
200826;Γιώργος;Καραγιάννης;M;34;Τρίκαλα;Θεσσαλία;2025-10-31;Bronze
200827;Αγγελική;Παπανικολάου;F;62;Λάρισα;Θεσσαλία;2024-08-20;Gold
200828;Θανάσης;Ζαχαρίου;M;47;Ιωάννινα;Ήπειρος;2025-08-30;Silver
200829;Χρήστος;Ιωαννίδης;M;26;Ρόδος;Νότιο Αιγαίο;2024-09-20;Bronze
200830;Ελένη;Καρράς;F;71;Τρίκαλα;Θεσσαλία;2024-03-31;Platinum
200831;Μιχάλης;Αλεξίου;M;69;Λάρισα;Θεσσαλία;2025-07-05;Bronze
200832;Γιώργος;Κωνσταντίνου;M;39;Αθήνα;Αττική;2024-06-06;Bronze
200833;Άννα;Σταματίου;F;22;Καβάλα;Ανατολική Μακεδονία & Θράκη;2024-10-30;Bronze
200834;Ιωάννα;Κωνσταντίνου;F;51;Ηράκλειο;Κρήτη;2024-12-11;Gold
200835;Χρήστος;Ζαχαρίου;M;21;Ιωάννινα;Ήπειρος;2024-10-06;Platinum
200836;Μαρία;Καρράς;F;46;Ηράκλειο;Κρήτη;2025-08-25;Silver
200837;Σοφία;Λαμπρόπουλος;F;50;Ηράκλειο;Κρήτη;2025-07-14;Bronze
200838;Ανδρέας;Βλάχος;M;42;Σέρρες;Κεντρική Μακεδονία;2024-11-01;Bronze
200839;Βασίλης;Οικονόμου;M;39;Βόλος;Θεσσαλία;2024-02-24;Bronze
200840;Σοφία;Οικονόμου;F;43;Βόλος;Θεσσαλία;2025-04-04;Silver
200841;Ελένη;Ιωαννίδης;F;43;Πάτρα;Δυτική Ελλάδα;2024-07-29;Silver
200842;Θανάσης;Οικονόμου;M;52;Βόλος;Θεσσαλία;2024-11-28;Bronze
200843;Σοφία;Παπαδόπουλος;F;60;Ρόδος;Νότιο Αιγαίο;2024-04-14;Gold
200844;Νίκος;Γεωργίου;M;47;Χανιά;Κρήτη;2025-02-01;Bronze
200845;Κώστας;Παπανικολάου;M;69;Λάρισα;Θεσσαλία;2025-12-22;Platinum
200846;Μαρία;Σταματίου;F;28;Σέρρες;Κεντρική Μακεδονία;2024-01-25;Bronze
200847;Άννα;Παπανικολάου;F;70;Λάρισα;Θεσσαλία;2025-12-16;Platinum
200848;Γιώργος;Δημητρίου;M;60;Πάτρα;Δυτική Ελλάδα;2024-07-05;Bronze
200849;Γεωργία;Ιωαννίδης;F;21;Αθήνα;Αττική;2024-06-10;Gold
200850;Νίκος;Παπανικολάου;M;25;Βόλος;Θεσσαλία;2024-08-07;Gold
200851;Ανδρέας;Χατζής;M;34;Καβάλα;Ανατολική Μακεδονία & Θράκη;2025-10-10;Gold
200852;Μαρία;Σπυρόπουλος;F;36;Αθήνα;Αττική;2025-05-19;Bronze
200853;Άννα;Νικολάου;F;47;Ρόδος;Νότιο Αιγαίο;2025-07-17;Bronze
200854;Γεωργία;Ιωαννίδης;F;59;Αθήνα;Αττική;2024-08-24;Silver
200855;Γιώργος;Παπαδόπουλος;M;43;Λάρισα;Θεσσαλία;2025-11-24;Silver
200856;Μαρία;Αλεξίου;F;62;Ρόδος;Νότιο Αιγαίο;2024-05-01;Bronze
200857;Κατερίνα;Οικονόμου;F;31;Ιωάννινα;Ήπειρος;2024-02-16;Silver
200858;Ελένη;Δημητρίου;F;52;Λάρισα;Θεσσαλία;2025-10-03;Silver
200859;Δημήτρης;Παπανικολάου;M;57;Ρόδος;Νότιο Αιγαίο;2024-06-27;Platinum
200860;Δήμητρα;Βλάχος;F;41;Σέρρες;Κεντρική Μακεδονία;2025-08-03;Bronze
200861;Ανδρέας;Μιχαηλίδης;M;22;Αθήνα;Αττική;2024-03-01;Bronze
200862;Γεωργία;Χατζής;F;18;Σέρρες;Κεντρική Μακεδονία;2024-01-20;Bronze
200863;Αγγελική;Οικονόμου;F;22;Χανιά;Κρήτη;2025-01-31;Silver
200864;Σοφία;Οικονόμου;F;67;Τρίκαλα;Θεσσαλία;2024-09-04;Platinum
200865;Κατερίνα;Αλεξίου;F;60;Ηράκλειο;Κρήτη;2025-08-06;Gold
200866;Γεωργία;Ιωαννίδης;F;32;Αθήνα;Αττική;2024-01-03;Bronze
200867;Χριστίνα;Σταματίου;F;39;Βόλος;Θεσσαλία;2024-01-09;Bronze
200868;Μαρία;Δημητρίου;F;49;Ηράκλειο;Κρήτη;2025-01-23;Bronze
200869;Χρήστος;Σταματίου;M;36;Θεσσαλονίκη;Κεντρική Μακεδονία;2025-04-15;Silver
200870;Θανάσης;Οικονόμου;M;58;Πάτρα;Δυτική Ελλάδα;2025-11-08;Platinum
200871;Δημήτρης;Βλάχος;M;37;Βόλος;Θεσσαλία;2024-04-07;Bronze
200872;Θανάσης;Οικονόμου;M;59;Ιωάννινα;Ήπειρος;2025-11-24;Bronze
200873;Γιώργος;Λαμπρόπουλος;M;53;Ιωάννινα;Ήπειρος;2025-06-06;Bronze
200874;Κώστας;Γεωργίου;M;23;Ιωάννινα;Ήπειρος;2025-02-06;Bronze
200875;Θανάσης;Παπαδόπουλος;M;36;Σέρρες;Κεντρική Μακεδονία;2024-12-08;Platinum
200876;Δήμητρα;Χατζής;F;53;Χανιά;Κρήτη;2025-04-06;Bronze
200877;Νίκος;Σταματίου;M;55;Τρίκαλα;Θεσσαλία;2025-08-30;Gold
200878;Κατερίνα;Μιχαηλίδης;F;20;Ηράκλειο;Κρήτη;2024-09-03;Bronze
200879;Γιώργος;Νικολάου;M;47;Βόλος;Θεσσαλία;2024-12-28;Silver
200880;Παναγιώτης;Σπυρόπουλος;M;47;Αθήνα;Αττική;2025-12-12;Silver
200881;Μιχάλης;Γεωργίου;M;23;Βόλος;Θεσσαλία;2024-06-14;Bronze
200882;Κώστας;Αλεξίου;M;45;Τρίκαλα;Θεσσαλία;2024-06-21;Bronze
200883;Νίκος;Ιωαννίδης;M;51;Θεσσαλονίκη;Κεντρική Μακεδονία;2025-06-18;Silver
200884;Μαρία;Ιωαννίδης;F;54;Θεσσαλονίκη;Κεντρική Μακεδονία;2025-03-20;Bronze
200885;Βασίλης;Καρράς;M;31;Χανιά;Κρήτη;2025-01-15;Bronze
200886;Θανάσης;Παπανικολάου;M;54;Τρίκαλα;Θεσσαλία;2025-04-19;Silver
200887;Κατερίνα;Γεωργίου;F;42;Χανιά;Κρήτη;2025-06-13;Bronze
200888;Ανδρέας;Βλάχος;M;48;Χανιά;Κρήτη;2025-12-17;Silver
200889;Νίκος;Λαμπρόπουλος;M;42;Ρόδος;Νότιο Αιγαίο;2024-06-07;Silver
200890;Κατερίνα;Ζαχαρίου;F;35;Βόλος;Θεσσαλία;2024-11-14;Gold
200891;Βασίλης;Νικολάου;M;28;Τρίκαλα;Θεσσαλία;2025-05-03;Bronze
200892;Κώστας;Λαμπρόπουλος;M;31;Ρόδος;Νότιο Αιγαίο;2024-10-28;Silver
200893;Κώστας;Νικολάου;M;21;Λάρισα;Θεσσαλία;2024-03-31;Bronze
200894;Σοφία;Αλεξίου;F;64;Πάτρα;Δυτική Ελλάδα;2025-06-21;Silver
200895;Χρήστος;Ιωαννίδης;M;54;Ρόδος;Νότιο Αιγαίο;2025-12-28;Bronze
200896;Κώστας;Παπαδόπουλος;M;26;Αθήνα;Αττική;2025-10-11;Bronze
200897;Παναγιώτης;Νικολάου;M;32;Πάτρα;Δυτική Ελλάδα;2024-05-13;Silver
200898;Δήμητρα;Νικολάου;F;62;Θεσσαλονίκη;Κεντρική Μακεδονία;2024-09-06;Bronze
200899;Γιώργος;Νικολάου;M;50;Θεσσαλονίκη;Κεντρική Μακεδονία;2025-03-03;Bronze
200900;Χρήστος;Κωνσταντίνου;M;43;Ηράκλειο;Κρήτη;2024-01-03;Silver
200901;Ανδρέας;Πετρόπουλος;M;32;Καβάλα;Ανατολική Μακεδονία & Θράκη;2025-04-12;Silver
200902;Γεωργία;Γεωργίου;F;57;Χανιά;Κρήτη;2024-08-17;Bronze
200903;Γιώργος;Σταματίου;M;56;Θεσσαλονίκη;Κεντρική Μακεδονία;2025-03-01;Silver
200904;Μιχάλης;Αναστασίου;M;42;Ρόδος;Νότιο Αιγαίο;2024-02-11;Gold
200905;Θανάσης;Ζαχαρίου;M;31;Θεσσαλονίκη;Κεντρική Μακεδονία;2024-01-30;Bronze
200906;Ελένη;Πετρόπουλος;F;42;Ιωάννινα;Ήπειρος;2024-06-15;Bronze
200907;Δημήτρης;Γεωργίου;M;44;Καβάλα;Ανατολική Μακεδονία & Θράκη;2024-01-15;Silver
200908;Χριστίνα;Λαμπρόπουλος;F;41;Ιωάννινα;Ήπειρος;2025-02-06;Silver
200909;Χρήστος;Βλάχος;M;62;Ιωάννινα;Ήπειρος;2024-06-05;Bronze
200910;Δήμητρα;Ιωαννίδης;F;21;Λάρισα;Θεσσαλία;2025-08-18;Bronze
200911;Σοφία;Οικονόμου;F;46;Ιωάννινα;Ήπειρος;2025-02-04;Platinum
200912;Γεωργία;Αλεξίου;F;63;Ηράκλειο;Κρήτη;2025-08-04;Bronze
200913;Παναγιώτης;Πετρόπουλος;M;42;Πάτρα;Δυτική Ελλάδα;2025-04-09;Bronze
200914;Χρήστος;Νικολάου;M;45;Θεσσαλονίκη;Κεντρική Μακεδονία;2024-03-31;Bronze
200915;Παναγιώτης;Αλεξίου;M;68;Ιωάννινα;Ήπειρος;2025-11-12;Bronze
200916;Αγγελική;Παπανικολάου;F;35;Σέρρες;Κεντρική Μακεδονία;2024-06-03;Bronze
200917;Βασίλης;Καραγιάννης;M;56;Σέρρες;Κεντρική Μακεδονία;2025-09-24;Bronze
200918;Κατερίνα;Βλάχος;F;64;Λάρισα;Θεσσαλία;2025-12-29;Bronze
200919;Σοφία;Βλάχος;F;30;Χανιά;Κρήτη;2024-12-12;Gold
200920;Παναγιώτης;Σπυρόπουλος;M;29;Βόλος;Θεσσαλία;2025-11-13;Bronze
200921;Δημήτρης;Βλάχος;M;34;Ηράκλειο;Κρήτη;2024-02-05;Gold
200922;Νίκος;Δημητρίου;M;63;Βόλος;Θεσσαλία;2025-11-15;Silver
200923;Μαρία;Ιωαννίδης;F;64;Λάρισα;Θεσσαλία;2025-01-13;Gold
200924;Γεωργία;Κωνσταντίνου;F;49;Βόλος;Θεσσαλία;2025-04-09;Bronze
200925;Δήμητρα;Αλεξίου;F;41;Ηράκλειο;Κρήτη;2025-03-23;Bronze
200926;Σοφία;Μιχαηλίδης;F;42;Τρίκαλα;Θεσσαλία;2025-08-31;Gold
200927;Ελένη;Καρράς;F;31;Λάρισα;Θεσσαλία;2024-05-09;Bronze
200928;Σοφία;Ιωαννίδης;F;19;Χανιά;Κρήτη;2025-12-15;Gold
200929;Γεωργία;Αναστασίου;F;50;Θεσσαλονίκη;Κεντρική Μακεδονία;2024-12-15;Bronze
200930;Γεωργία;Νικολάου;F;38;Βόλος;Θεσσαλία;2025-08-12;Bronze
200931;Ιωάννα;Σταματίου;F;25;Ηράκλειο;Κρήτη;2024-01-14;Silver
200932;Κατερίνα;Βλάχος;F;41;Τρίκαλα;Θεσσαλία;2025-08-25;Platinum
200933;Κατερίνα;Μιχαηλίδης;F;25;Λάρισα;Θεσσαλία;2024-02-23;Platinum
200934;Αγγελική;Χατζής;F;30;Ηράκλειο;Κρήτη;2024-06-10;Platinum
200935;Παναγιώτης;Παπανικολάου;M;37;Ηράκλειο;Κρήτη;2024-02-27;Silver
200936;Άννα;Σπυρόπουλος;F;32;Θεσσαλονίκη;Κεντρική Μακεδονία;2025-11-28;Gold
200937;Βασίλης;Γεωργίου;M;49;Χανιά;Κρήτη;2024-12-30;Gold
200938;Νίκος;Δημητρίου;M;41;Τρίκαλα;Θεσσαλία;2025-07-16;Bronze
200939;Δήμητρα;Σταματίου;F;31;Βόλος;Θεσσαλία;2025-11-04;Bronze
200940;Χρήστος;Ζαχαρίου;M;69;Καβάλα;Ανατολική Μακεδονία & Θράκη;2024-09-22;Bronze
200941;Μαρία;Γεωργίου;F;49;Ηράκλειο;Κρήτη;2025-10-20;Platinum
200942;Βασίλης;Καρράς;M;68;Βόλος;Θεσσαλία;2024-05-31;Bronze
200943;Ιωάννα;Σπυρόπουλος;F;26;Ρόδος;Νότιο Αιγαίο;2025-03-16;Bronze
200944;Χριστίνα;Αλεξίου;F;30;Καβάλα;Ανατολική Μακεδονία & Θράκη;2024-01-04;Bronze
200945;Γιώργος;Ιωαννίδης;M;70;Πάτρα;Δυτική Ελλάδα;2025-03-25;Platinum
200946;Γιώργος;Ιωαννίδης;M;38;Σέρρες;Κεντρική Μακεδονία;2025-06-15;Silver
200947;Γιώργος;Παπαδόπουλος;M;27;Καβάλα;Ανατολική Μακεδονία & Θράκη;2025-11-29;Bronze
200948;Νίκος;Αναστασίου;M;29;Βόλος;Θεσσαλία;2025-04-19;Silver
200949;Νίκος;Καρράς;M;19;Ρόδος;Νότιο Αιγαίο;2024-11-04;Bronze
200950;Δημήτρης;Μιχαηλίδης;M;51;Σέρρες;Κεντρική Μακεδονία;2025-12-11;Bronze
200951;Γιώργος;Αλεξίου;M;25;Ηράκλειο;Κρήτη;2025-01-22;Silver
200952;Κατερίνα;Ζαχαρίου;F;67;Ιωάννινα;Ήπειρος;2024-06-29;Gold
200953;Θανάσης;Σταματίου;M;54;Τρίκαλα;Θεσσαλία;2025-10-08;Gold
200954;Ανδρέας;Νικολάου;M;64;Βόλος;Θεσσαλία;2025-09-22;Bronze
200955;Δημήτρης;Νικολάου;M;28;Πάτρα;Δυτική Ελλάδα;2025-10-17;Silver
200956;Άννα;Πετρόπουλος;F;30;Χανιά;Κρήτη;2025-09-09;Silver
200957;Παναγιώτης;Ιωαννίδης;M;72;Καβάλα;Ανατολική Μακεδονία & Θράκη;2025-12-08;Silver
200958;Ανδρέας;Βλάχος;M;26;Ηράκλειο;Κρήτη;2025-03-09;Bronze
200959;Μαρία;Καραγιάννης;F;43;Θεσσαλονίκη;Κεντρική Μακεδονία;2024-02-20;Silver
200960;Μαρία;Ζαχαρίου;F;29;Ιωάννινα;Ήπειρος;2025-09-13;Silver
200961;Βασίλης;Σταματίου;M;71;Ηράκλειο;Κρήτη;2025-01-25;Bronze
200962;Μιχάλης;Γεωργίου;M;27;Ιωάννινα;Ήπειρος;2024-04-12;Bronze
200963;Βασίλης;Λαμπρόπουλος;M;58;Πάτρα;Δυτική Ελλάδα;2025-12-24;Bronze
200964;Χριστίνα;Κωνσταντίνου;F;52;Λάρισα;Θεσσαλία;2025-02-16;Silver
200965;Ιωάννα;Κωνσταντίνου;F;26;Πάτρα;Δυτική Ελλάδα;2024-08-02;Platinum
200966;Κώστας;Νικολάου;M;28;Τρίκαλα;Θεσσαλία;2025-06-04;Bronze
200967;Θανάσης;Αναστασίου;M;34;Πάτρα;Δυτική Ελλάδα;2024-12-20;Silver
200968;Κώστας;Σταματίου;M;64;Βόλος;Θεσσαλία;2025-02-18;Bronze
200969;Θανάσης;Παπανικολάου;M;31;Βόλος;Θεσσαλία;2025-11-02;Bronze
200970;Άννα;Καραγιάννης;F;69;Ηράκλειο;Κρήτη;2024-03-09;Gold
200971;Βασίλης;Οικονόμου;M;35;Ιωάννινα;Ήπειρος;2025-12-01;Gold
200972;Ελένη;Βλάχος;F;18;Καβάλα;Ανατολική Μακεδονία & Θράκη;2025-11-16;Bronze
200973;Ελένη;Λαμπρόπουλος;F;38;Πάτρα;Δυτική Ελλάδα;2024-01-14;Gold
200974;Δημήτρης;Μιχαηλίδης;M;29;Ιωάννινα;Ήπειρος;2025-11-07;Bronze
200975;Χριστίνα;Βλάχος;F;54;Τρίκαλα;Θεσσαλία;2025-04-29;Silver
200976;Ελένη;Παπανικολάου;F;64;Λάρισα;Θεσσαλία;2025-05-02;Bronze
200977;Σοφία;Χατζής;F;22;Πάτρα;Δυτική Ελλάδα;2025-10-03;Silver
200978;Ελένη;Καρράς;F;64;Λάρισα;Θεσσαλία;2024-03-14;Bronze
200979;Δήμητρα;Καρράς;F;35;Αθήνα;Αττική;2025-08-06;Platinum
200980;Θανάσης;Μιχαηλίδης;M;55;Ηράκλειο;Κρήτη;2025-08-28;Bronze
200981;Δήμητρα;Σταματίου;F;21;Καβάλα;Ανατολική Μακεδονία & Θράκη;2024-01-01;Gold
200982;Παναγιώτης;Σταματίου;M;45;Πάτρα;Δυτική Ελλάδα;2025-11-13;Bronze
200983;Ελένη;Νικολάου;F;64;Σέρρες;Κεντρική Μακεδονία;2024-04-01;Bronze
200984;Δημήτρης;Χατζής;M;33;Τρίκαλα;Θεσσαλία;2025-03-16;Gold
200985;Ιωάννα;Λαμπρόπουλος;F;54;Σέρρες;Κεντρική Μακεδονία;2025-04-09;Bronze
200986;Άννα;Δημητρίου;F;28;Ιωάννινα;Ήπειρος;2025-05-17;Gold
200987;Νίκος;Πετρόπουλος;M;67;Πάτρα;Δυτική Ελλάδα;2024-05-15;Bronze
200988;Μαρία;Σπυρόπουλος;F;39;Τρίκαλα;Θεσσαλία;2025-08-13;Platinum
200989;Αγγελική;Καρράς;F;40;Ηράκλειο;Κρήτη;2025-10-14;Platinum
200990;Άννα;Γεωργίου;F;56;Θεσσαλονίκη;Κεντρική Μακεδονία;2025-10-07;Gold
200991;Σοφία;Αλεξίου;F;19;Χανιά;Κρήτη;2025-11-19;Silver
200992;Κατερίνα;Βλάχος;F;25;Πάτρα;Δυτική Ελλάδα;2024-02-16;Bronze
200993;Ανδρέας;Παπαδόπουλος;M;67;Βόλος;Θεσσαλία;2025-05-12;Gold
200994;Σοφία;Χατζής;F;58;Καβάλα;Ανατολική Μακεδονία & Θράκη;2024-10-17;Silver
200995;Γιώργος;Νικολάου;M;44;Χανιά;Κρήτη;2025-04-20;Bronze
200996;Αγγελική;Καρράς;F;49;Ιωάννινα;Ήπειρος;2024-10-31;Silver
200997;Σοφία;Δημητρίου;F;44;Ηράκλειο;Κρήτη;2025-01-29;Gold
200998;Μαρία;Κωνσταντίνου;F;72;Βόλος;Θεσσαλία;2024-02-03;Bronze
200999;Ανδρέας;Παπανικολάου;M;62;Ηράκλειο;Κρήτη;2025-04-26;Bronze
201000;Σοφία;Χατζής;F;45;Ρόδος;Νότιο Αιγαίο;2024-07-09;Platinum
201001;Ελένη;Γεωργίου;F;58;Ρόδος;Νότιο Αιγαίο;2025-10-27;Bronze
201002;Άννα;Παπανικολάου;F;31;Αθήνα;Αττική;2025-12-12;Bronze
201003;Μαρία;Σταματίου;F;41;Βόλος;Θεσσαλία;2024-04-22;Bronze
201004;Μιχάλης;Καρράς;M;61;Ηράκλειο;Κρήτη;2025-03-12;Bronze
201005;Ανδρέας;Πετρόπουλος;M;36;Χανιά;Κρήτη;2025-09-27;Gold
201006;Γεωργία;Μιχαηλίδης;F;40;Λάρισα;Θεσσαλία;2025-02-27;Silver
201007;Παναγιώτης;Παπανικολάου;M;66;Λάρισα;Θεσσαλία;2024-10-26;Silver
201008;Σοφία;Δημητρίου;F;68;Λάρισα;Θεσσαλία;2025-09-18;Bronze
201009;Θανάσης;Βλάχος;M;71;Τρίκαλα;Θεσσαλία;2024-09-21;Bronze
201010;Σοφία;Βλάχος;F;54;Λάρισα;Θεσσαλία;2025-02-23;Bronze
201011;Κώστας;Βλάχος;M;21;Ρόδος;Νότιο Αιγαίο;2024-12-02;Silver
201012;Θανάσης;Καραγιάννης;M;64;Ηράκλειο;Κρήτη;2025-08-12;Silver
201013;Ελένη;Βλάχος;F;28;Θεσσαλονίκη;Κεντρική Μακεδονία;2024-01-09;Platinum
201014;Κατερίνα;Οικονόμου;F;62;Πάτρα;Δυτική Ελλάδα;2024-04-27;Gold
201015;Μιχάλης;Παπανικολάου;M;37;Χανιά;Κρήτη;2024-12-22;Bronze
201016;Δήμητρα;Παπανικολάου;F;48;Ρόδος;Νότιο Αιγαίο;2024-05-15;Gold
201017;Γιώργος;Βλάχος;M;18;Αθήνα;Αττική;2024-11-05;Bronze
201018;Σοφία;Μιχαηλίδης;F;22;Πάτρα;Δυτική Ελλάδα;2025-09-17;Bronze
201019;Γιώργος;Νικολάου;M;65;Βόλος;Θεσσαλία;2024-04-19;Bronze
201020;Δημήτρης;Σπυρόπουλος;M;39;Ιωάννινα;Ήπειρος;2024-12-30;Silver
201021;Άννα;Παπανικολάου;F;55;Βόλος;Θεσσαλία;2025-10-05;Silver
201022;Μαρία;Λαμπρόπουλος;F;45;Θεσσαλονίκη;Κεντρική Μακεδονία;2025-08-10;Silver
201023;Παναγιώτης;Ιωαννίδης;M;53;Λάρισα;Θεσσαλία;2024-07-12;Bronze
201024;Χριστίνα;Μιχαηλίδης;F;32;Θεσσαλονίκη;Κεντρική Μακεδονία;2024-03-15;Bronze
201025;Μαρία;Αλεξίου;F;36;Πάτρα;Δυτική Ελλάδα;2024-07-14;Gold
201026;Κώστας;Οικονόμου;M;72;Ηράκλειο;Κρήτη;2024-07-18;Bronze
201027;Κατερίνα;Κωνσταντίνου;F;44;Ηράκλειο;Κρήτη;2025-11-02;Bronze
201028;Άννα;Σπυρόπουλος;F;63;Ρόδος;Νότιο Αιγαίο;2025-03-01;Silver
201029;Αγγελική;Παπαδόπουλος;F;20;Χανιά;Κρήτη;2025-10-28;Bronze
201030;Θανάσης;Κωνσταντίνου;M;42;Ρόδος;Νότιο Αιγαίο;2024-02-21;Bronze
201031;Μιχάλης;Σπυρόπουλος;M;36;Θεσσαλονίκη;Κεντρική Μακεδονία;2025-04-21;Bronze
201032;Παναγιώτης;Αλεξίου;M;71;Βόλος;Θεσσαλία;2024-02-29;Bronze
201033;Μαρία;Σταματίου;F;28;Χανιά;Κρήτη;2025-09-16;Platinum
201034;Χριστίνα;Παπανικολάου;F;29;Καβάλα;Ανατολική Μακεδονία & Θράκη;2024-12-10;Silver
201035;Δημήτρης;Αλεξίου;M;26;Χανιά;Κρήτη;2024-06-05;Silver
201036;Γιώργος;Νικολάου;M;19;Πάτρα;Δυτική Ελλάδα;2024-12-04;Bronze
201037;Δημήτρης;Αλεξίου;M;18;Ηράκλειο;Κρήτη;2024-01-23;Bronze
201038;Χριστίνα;Σπυρόπουλος;F;46;Θεσσαλονίκη;Κεντρική Μακεδονία;2025-12-09;Bronze
201039;Ιωάννα;Ιωαννίδης;F;70;Αθήνα;Αττική;2025-03-24;Gold
201040;Μιχάλης;Πετρόπουλος;M;57;Βόλος;Θεσσαλία;2024-11-18;Bronze
201041;Κώστας;Κωνσταντίνου;M;59;Βόλος;Θεσσαλία;2024-08-03;Bronze
201042;Δημήτρης;Χατζής;M;53;Λάρισα;Θεσσαλία;2025-05-14;Bronze
201043;Δημήτρης;Κωνσταντίνου;M;63;Πάτρα;Δυτική Ελλάδα;2024-02-17;Bronze
201044;Ιωάννα;Δημητρίου;F;69;Ρόδος;Νότιο Αιγαίο;2024-01-17;Bronze
201045;Κώστας;Νικολάου;M;36;Αθήνα;Αττική;2025-01-17;Bronze
201046;Σοφία;Λαμπρόπουλος;F;47;Τρίκαλα;Θεσσαλία;2024-04-14;Gold
201047;Ιωάννα;Παπανικολάου;F;70;Λάρισα;Θεσσαλία;2025-02-27;Bronze
201048;Παναγιώτης;Οικονόμου;M;42;Βόλος;Θεσσαλία;2025-10-17;Silver
201049;Κατερίνα;Καραγιάννης;F;58;Πάτρα;Δυτική Ελλάδα;2024-12-13;Silver
201050;Κώστας;Νικολάου;M;38;Ρόδος;Νότιο Αιγαίο;2024-02-11;Gold
201051;Χριστίνα;Μιχαηλίδης;F;66;Χανιά;Κρήτη;2024-10-15;Silver
201052;Δημήτρης;Καραγιάννης;M;33;Σέρρες;Κεντρική Μακεδονία;2024-07-11;Silver
201053;Κώστας;Γεωργίου;M;26;Θεσσαλονίκη;Κεντρική Μακεδονία;2024-03-29;Platinum
201054;Βασίλης;Σπυρόπουλος;M;50;Αθήνα;Αττική;2024-08-29;Silver
201055;Γεωργία;Οικονόμου;F;60;Θεσσαλονίκη;Κεντρική Μακεδονία;2025-04-10;Gold
201056;Σοφία;Οικονόμου;F;69;Σέρρες;Κεντρική Μακεδονία;2024-08-18;Silver
201057;Ελένη;Χατζής;F;57;Ρόδος;Νότιο Αιγαίο;2024-09-14;Silver
201058;Θανάσης;Παπανικολάου;M;65;Θεσσαλονίκη;Κεντρική Μακεδονία;2025-05-20;Bronze
201059;Κώστας;Καραγιάννης;M;42;Τρίκαλα;Θεσσαλία;2024-09-17;Bronze
201060;Κατερίνα;Σταματίου;F;19;Βόλος;Θεσσαλία;2024-10-23;Bronze
201061;Χρήστος;Σταματίου;M;42;Σέρρες;Κεντρική Μακεδονία;2024-11-24;Silver
201062;Γεωργία;Μιχαηλίδης;F;72;Ηράκλειο;Κρήτη;2024-07-18;Silver
201063;Βασίλης;Αλεξίου;M;30;Λάρισα;Θεσσαλία;2024-10-28;Bronze
201064;Παναγιώτης;Ζαχαρίου;M;71;Χανιά;Κρήτη;2025-05-26;Silver
201065;Μαρία;Κωνσταντίνου;F;47;Αθήνα;Αττική;2024-06-19;Bronze
201066;Γεωργία;Μιχαηλίδης;F;67;Χανιά;Κρήτη;2025-12-01;Bronze
201067;Άννα;Σπυρόπουλος;F;49;Λάρισα;Θεσσαλία;2025-09-30;Silver
201068;Χρήστος;Καρράς;M;58;Σέρρες;Κεντρική Μακεδονία;2024-08-02;Bronze
201069;Χριστίνα;Βλάχος;F;35;Πάτρα;Δυτική Ελλάδα;2025-04-08;Gold
201070;Δήμητρα;Σταματίου;F;28;Βόλος;Θεσσαλία;2025-08-03;Bronze
201071;Ελένη;Μιχαηλίδης;F;40;Χανιά;Κρήτη;2024-03-26;Bronze
201072;Γιώργος;Ιωαννίδης;M;54;Τρίκαλα;Θεσσαλία;2024-06-10;Bronze
201073;Ελένη;Δημητρίου;F;38;Ιωάννινα;Ήπειρος;2024-08-11;Bronze
201074;Δήμητρα;Χατζής;F;43;Ηράκλειο;Κρήτη;2025-03-22;Bronze
201075;Χρήστος;Σταματίου;M;70;Ρόδος;Νότιο Αιγαίο;2024-10-30;Silver
201076;Γιώργος;Καρράς;M;42;Θεσσαλονίκη;Κεντρική Μακεδονία;2024-12-09;Silver
201077;Βασίλης;Παπανικολάου;M;24;Ηράκλειο;Κρήτη;2024-07-28;Silver
201078;Βασίλης;Οικονόμου;M;20;Λάρισα;Θεσσαλία;2025-08-10;Silver
201079;Κώστας;Δημητρίου;M;70;Σέρρες;Κεντρική Μακεδονία;2024-03-26;Bronze
201080;Νίκος;Σταματίου;M;68;Θεσσαλονίκη;Κεντρική Μακεδονία;2025-01-16;Silver
201081;Ανδρέας;Λαμπρόπουλος;M;27;Ιωάννινα;Ήπειρος;2025-07-10;Bronze
201082;Χριστίνα;Αναστασίου;F;18;Θεσσαλονίκη;Κεντρική Μακεδονία;2025-08-19;Bronze
201083;Σοφία;Λαμπρόπουλος;F;52;Αθήνα;Αττική;2025-02-02;Bronze
201084;Κατερίνα;Παπαδόπουλος;F;20;Ιωάννινα;Ήπειρος;2024-06-30;Silver
201085;Ιωάννα;Ζαχαρίου;F;48;Ηράκλειο;Κρήτη;2024-11-17;Silver
201086;Χριστίνα;Αναστασίου;F;43;Τρίκαλα;Θεσσαλία;2024-11-14;Gold
201087;Θανάσης;Καρράς;M;64;Πάτρα;Δυτική Ελλάδα;2024-08-10;Bronze
201088;Νίκος;Πετρόπουλος;M;27;Τρίκαλα;Θεσσαλία;2025-03-22;Gold
201089;Νίκος;Αλεξίου;M;29;Αθήνα;Αττική;2024-11-08;Silver
201090;Παναγιώτης;Σταματίου;M;57;Λάρισα;Θεσσαλία;2025-06-28;Bronze
201091;Παναγιώτης;Καραγιάννης;M;50;Ρόδος;Νότιο Αιγαίο;2025-12-17;Gold
201092;Μιχάλης;Πετρόπουλος;M;46;Πάτρα;Δυτική Ελλάδα;2025-02-20;Silver
201093;Γεωργία;Ζαχαρίου;F;24;Σέρρες;Κεντρική Μακεδονία;2024-06-13;Silver
201094;Νίκος;Λαμπρόπουλος;M;19;Αθήνα;Αττική;2024-08-12;Gold
201095;Χριστίνα;Παπαδόπουλος;F;65;Τρίκαλα;Θεσσαλία;2024-06-21;Silver
201096;Γιώργος;Ιωαννίδης;M;30;Τρίκαλα;Θεσσαλία;2024-06-14;Silver
201097;Βασίλης;Μιχαηλίδης;M;30;Θεσσαλονίκη;Κεντρική Μακεδονία;2024-01-04;Bronze
201098;Ανδρέας;Σταματίου;M;35;Ηράκλειο;Κρήτη;2025-06-26;Gold
201099;Ανδρέας;Λαμπρόπουλος;M;62;Πάτρα;Δυτική Ελλάδα;2025-03-03;Gold
201100;Θανάσης;Πετρόπουλος;M;21;Αθήνα;Αττική;2025-04-06;Bronze
201101;Κατερίνα;Σπυρόπουλος;F;66;Ιωάννινα;Ήπειρος;2024-09-06;Gold
201102;Βασίλης;Αλεξίου;M;50;Ρόδος;Νότιο Αιγαίο;2025-01-29;Silver
201103;Δημήτρης;Καραγιάννης;M;44;Τρίκαλα;Θεσσαλία;2024-03-26;Silver
201104;Βασίλης;Μιχαηλίδης;M;29;Ιωάννινα;Ήπειρος;2025-04-10;Bronze
201105;Αγγελική;Αναστασίου;F;67;Θεσσαλονίκη;Κεντρική Μακεδονία;2024-01-01;Platinum
201106;Κώστας;Ζαχαρίου;M;68;Πάτρα;Δυτική Ελλάδα;2024-07-24;Gold
201107;Νίκος;Λαμπρόπουλος;M;72;Χανιά;Κρήτη;2024-08-17;Bronze
201108;Μιχάλης;Πετρόπουλος;M;64;Θεσσαλονίκη;Κεντρική Μακεδονία;2025-06-25;Silver
201109;Χρήστος;Καραγιάννης;M;49;Ιωάννινα;Ήπειρος;2024-04-07;Silver
201110;Δήμητρα;Χατζής;F;28;Αθήνα;Αττική;2025-10-12;Gold
201111;Παναγιώτης;Βλάχος;M;67;Θεσσαλονίκη;Κεντρική Μακεδονία;2025-09-28;Bronze
201112;Χριστίνα;Γεωργίου;F;47;Χανιά;Κρήτη;2025-12-12;Bronze
201113;Γεωργία;Λαμπρόπουλος;F;59;Ηράκλειο;Κρήτη;2025-07-08;Silver
201114;Ιωάννα;Σταματίου;F;65;Σέρρες;Κεντρική Μακεδονία;2024-01-18;Platinum
201115;Χρήστος;Μιχαηλίδης;M;41;Τρίκαλα;Θεσσαλία;2025-02-12;Silver
201116;Θανάσης;Ιωαννίδης;M;54;Θεσσαλονίκη;Κεντρική Μακεδονία;2024-05-21;Bronze
201117;Παναγιώτης;Πετρόπουλος;M;50;Ρόδος;Νότιο Αιγαίο;2025-08-02;Gold
201118;Ανδρέας;Παπανικολάου;M;32;Ρόδος;Νότιο Αιγαίο;2024-10-06;Silver
201119;Μιχάλης;Αναστασίου;M;26;Ρόδος;Νότιο Αιγαίο;2025-09-14;Bronze
201120;Ιωάννα;Νικολάου;F;66;Ρόδος;Νότιο Αιγαίο;2025-02-25;Bronze
201121;Ελένη;Σπυρόπουλος;F;54;Ρόδος;Νότιο Αιγαίο;2025-02-09;Silver
201122;Βασίλης;Πετρόπουλος;M;47;Λάρισα;Θεσσαλία;2025-12-03;Silver
201123;Αγγελική;Ιωαννίδης;F;61;Ρόδος;Νότιο Αιγαίο;2025-08-07;Bronze
201124;Ελένη;Ζαχαρίου;F;30;Ρόδος;Νότιο Αιγαίο;2025-05-31;Gold
201125;Χρήστος;Σπυρόπουλος;M;33;Λάρισα;Θεσσαλία;2025-04-14;Silver
201126;Άννα;Μιχαηλίδης;F;64;Ρόδος;Νότιο Αιγαίο;2025-07-03;Gold
201127;Χρήστος;Αναστασίου;M;67;Ρόδος;Νότιο Αιγαίο;2025-06-30;Bronze
201128;Δήμητρα;Παπαδόπουλος;F;68;Ρόδος;Νότιο Αιγαίο;2024-06-19;Silver
201129;Μαρία;Παπανικολάου;F;28;Θεσσαλονίκη;Κεντρική Μακεδονία;2024-02-02;Bronze
201130;Μιχάλης;Οικονόμου;M;43;Ιωάννινα;Ήπειρος;2024-10-23;Silver
201131;Γιώργος;Λαμπρόπουλος;M;29;Λάρισα;Θεσσαλία;2025-07-01;Gold
201132;Αγγελική;Γεωργίου;F;67;Ηράκλειο;Κρήτη;2024-01-01;Silver
201133;Γιώργος;Παπανικολάου;M;48;Λάρισα;Θεσσαλία;2025-11-13;Gold
201134;Θανάσης;Πετρόπουλος;M;65;Καβάλα;Ανατολική Μακεδονία & Θράκη;2024-09-25;Gold
201135;Βασίλης;Ιωαννίδης;M;44;Ηράκλειο;Κρήτη;2024-01-15;Bronze
201136;Δήμητρα;Παπαδόπουλος;F;21;Αθήνα;Αττική;2024-08-05;Bronze
201137;Χριστίνα;Μιχαηλίδης;F;24;Ρόδος;Νότιο Αιγαίο;2025-09-02;Bronze
201138;Γιώργος;Ιωαννίδης;M;42;Λάρισα;Θεσσαλία;2024-04-09;Silver
201139;Μιχάλης;Λαμπρόπουλος;M;60;Λάρισα;Θεσσαλία;2025-03-18;Bronze
201140;Βασίλης;Καραγιάννης;M;64;Αθήνα;Αττική;2025-10-31;Bronze
201141;Κατερίνα;Καρράς;F;59;Αθήνα;Αττική;2024-02-01;Bronze
201142;Χρήστος;Ιωαννίδης;M;62;Θεσσαλονίκη;Κεντρική Μακεδονία;2024-02-18;Bronze
201143;Σοφία;Κωνσταντίνου;F;26;Ρόδος;Νότιο Αιγαίο;2025-09-01;Platinum
201144;Ιωάννα;Κωνσταντίνου;F;60;Βόλος;Θεσσαλία;2025-03-08;Silver
201145;Δήμητρα;Σταματίου;F;37;Αθήνα;Αττική;2025-01-21;Bronze
201146;Νίκος;Παπανικολάου;M;40;Ρόδος;Νότιο Αιγαίο;2025-09-03;Bronze
201147;Κατερίνα;Παπανικολάου;F;45;Πάτρα;Δυτική Ελλάδα;2024-07-07;Platinum
201148;Νίκος;Πετρόπουλος;M;18;Βόλος;Θεσσαλία;2024-08-29;Bronze
201149;Ιωάννα;Παπαδόπουλος;F;34;Καβάλα;Ανατολική Μακεδονία & Θράκη;2024-11-10;Silver
201150;Σοφία;Λαμπρόπουλος;F;36;Σέρρες;Κεντρική Μακεδονία;2024-11-29;Bronze
201151;Θανάσης;Καρράς;M;38;Πάτρα;Δυτική Ελλάδα;2024-04-08;Gold
201152;Βασίλης;Βλάχος;M;38;Αθήνα;Αττική;2025-05-15;Gold
201153;Παναγιώτης;Παπανικολάου;M;64;Βόλος;Θεσσαλία;2024-08-11;Bronze
201154;Γιώργος;Βλάχος;M;43;Πάτρα;Δυτική Ελλάδα;2025-11-05;Bronze
201155;Νίκος;Καραγιάννης;M;33;Σέρρες;Κεντρική Μακεδονία;2024-05-26;Silver
201156;Ιωάννα;Σταματίου;F;45;Λάρισα;Θεσσαλία;2025-07-02;Silver
201157;Θανάσης;Ιωαννίδης;M;53;Βόλος;Θεσσαλία;2025-12-30;Silver
201158;Κατερίνα;Σταματίου;F;55;Σέρρες;Κεντρική Μακεδονία;2024-11-08;Bronze
201159;Κατερίνα;Παπανικολάου;F;24;Ιωάννινα;Ήπειρος;2024-04-28;Platinum
201160;Ιωάννα;Ιωαννίδης;F;57;Θεσσαλονίκη;Κεντρική Μακεδονία;2025-04-04;Bronze
201161;Μαρία;Ζαχαρίου;F;72;Σέρρες;Κεντρική Μακεδονία;2024-02-18;Bronze
201162;Παναγιώτης;Σπυρόπουλος;M;47;Λάρισα;Θεσσαλία;2024-10-02;Silver
201163;Άννα;Ιωαννίδης;F;67;Πάτρα;Δυτική Ελλάδα;2024-10-31;Bronze
201164;Ελένη;Σπυρόπουλος;F;25;Βόλος;Θεσσαλία;2025-08-17;Bronze
201165;Άννα;Κωνσταντίνου;F;36;Ρόδος;Νότιο Αιγαίο;2024-07-27;Bronze
201166;Μιχάλης;Ζαχαρίου;M;52;Αθήνα;Αττική;2024-08-15;Bronze
201167;Χρήστος;Δημητρίου;M;68;Θεσσαλονίκη;Κεντρική Μακεδονία;2025-12-05;Bronze
201168;Χρήστος;Οικονόμου;M;50;Καβάλα;Ανατολική Μακεδονία & Θράκη;2025-06-02;Silver
201169;Βασίλης;Δημητρίου;M;40;Πάτρα;Δυτική Ελλάδα;2025-05-06;Silver
201170;Γιώργος;Αναστασίου;M;70;Χανιά;Κρήτη;2025-03-21;Bronze
201171;Ανδρέας;Σταματίου;M;25;Καβάλα;Ανατολική Μακεδονία & Θράκη;2025-12-09;Bronze
201172;Άννα;Παπανικολάου;F;64;Ηράκλειο;Κρήτη;2025-05-09;Gold
201173;Νίκος;Ζαχαρίου;M;54;Θεσσαλονίκη;Κεντρική Μακεδονία;2024-12-30;Bronze
201174;Άννα;Αναστασίου;F;35;Ιωάννινα;Ήπειρος;2025-05-23;Bronze
201175;Ιωάννα;Μιχαηλίδης;F;28;Ρόδος;Νότιο Αιγαίο;2025-02-11;Silver
201176;Παναγιώτης;Βλάχος;M;31;Ιωάννινα;Ήπειρος;2024-05-19;Silver
201177;Χριστίνα;Καρράς;F;34;Βόλος;Θεσσαλία;2024-02-23;Silver
201178;Γιώργος;Γεωργίου;M;21;Χανιά;Κρήτη;2025-09-01;Silver
201179;Άννα;Χατζής;F;19;Χανιά;Κρήτη;2024-08-27;Gold
201180;Κατερίνα;Γεωργίου;F;63;Θεσσαλονίκη;Κεντρική Μακεδονία;2025-07-07;Silver
201181;Σοφία;Σταματίου;F;59;Λάρισα;Θεσσαλία;2025-02-03;Bronze
201182;Γεωργία;Πετρόπουλος;F;64;Καβάλα;Ανατολική Μακεδονία & Θράκη;2025-08-19;Bronze
201183;Βασίλης;Ιωαννίδης;M;70;Καβάλα;Ανατολική Μακεδονία & Θράκη;2024-12-02;Silver
201184;Αγγελική;Νικολάου;F;51;Τρίκαλα;Θεσσαλία;2024-04-23;Gold
201185;Κώστας;Νικολάου;M;22;Καβάλα;Ανατολική Μακεδονία & Θράκη;2025-08-20;Silver
201186;Κώστας;Αναστασίου;M;51;Χανιά;Κρήτη;2024-07-11;Silver
201187;Ελένη;Σπυρόπουλος;F;18;Βόλος;Θεσσαλία;2025-08-17;Silver
201188;Δήμητρα;Γεωργίου;F;68;Λάρισα;Θεσσαλία;2024-07-30;Bronze
201189;Βασίλης;Μιχαηλίδης;M;51;Θεσσαλονίκη;Κεντρική Μακεδονία;2024-03-25;Bronze
201190;Γιώργος;Αλεξίου;M;51;Χανιά;Κρήτη;2024-12-15;Gold
201191;Νίκος;Χατζής;M;33;Ρόδος;Νότιο Αιγαίο;2025-05-18;Gold
201192;Παναγιώτης;Παπανικολάου;M;54;Αθήνα;Αττική;2024-01-24;Silver
201193;Νίκος;Σπυρόπουλος;M;47;Ρόδος;Νότιο Αιγαίο;2024-02-18;Bronze
201194;Βασίλης;Καρράς;M;45;Ρόδος;Νότιο Αιγαίο;2024-07-31;Bronze
201195;Ελένη;Παπανικολάου;F;65;Χανιά;Κρήτη;2025-07-05;Gold
201196;Μαρία;Παπανικολάου;F;30;Πάτρα;Δυτική Ελλάδα;2025-11-20;Bronze
201197;Νίκος;Χατζής;M;33;Ρόδος;Νότιο Αιγαίο;2024-03-22;Bronze
201198;Θανάσης;Καραγιάννης;M;37;Πάτρα;Δυτική Ελλάδα;2025-10-23;Gold
201199;Ελένη;Βλάχος;F;64;Ιωάννινα;Ήπειρος;2024-02-13;Silver
201200;Αγγελική;Γεωργίου;F;72;Χανιά;Κρήτη;2024-05-05;Bronze
201201;Μαρία;Νικολάου;F;37;Ηράκλειο;Κρήτη;2025-04-17;Bronze
201202;Ανδρέας;Ζαχαρίου;M;49;Ηράκλειο;Κρήτη;2025-01-23;Gold
201203;Μιχάλης;Δημητρίου;M;31;Τρίκαλα;Θεσσαλία;2024-12-23;Silver
201204;Γεωργία;Βλάχος;F;31;Βόλος;Θεσσαλία;2024-09-04;Gold
201205;Γιώργος;Παπανικολάου;M;52;Βόλος;Θεσσαλία;2025-03-16;Bronze
201206;Ιωάννα;Βλάχος;F;23;Σέρρες;Κεντρική Μακεδονία;2024-12-08;Gold
201207;Άννα;Χατζής;F;49;Ρόδος;Νότιο Αιγαίο;2024-07-09;Bronze
201208;Νίκος;Μιχαηλίδης;M;36;Ηράκλειο;Κρήτη;2025-02-06;Platinum
201209;Κώστας;Ζαχαρίου;M;33;Καβάλα;Ανατολική Μακεδονία & Θράκη;2025-05-12;Bronze
201210;Κώστας;Λαμπρόπουλος;M;56;Ιωάννινα;Ήπειρος;2025-10-27;Bronze
201211;Ανδρέας;Βλάχος;M;36;Πάτρα;Δυτική Ελλάδα;2025-06-17;Bronze
201212;Σοφία;Δημητρίου;F;70;Τρίκαλα;Θεσσαλία;2025-11-30;Bronze
201213;Νίκος;Πετρόπουλος;M;62;Καβάλα;Ανατολική Μακεδονία & Θράκη;2024-11-27;Silver
201214;Ανδρέας;Λαμπρόπουλος;M;70;Σέρρες;Κεντρική Μακεδονία;2024-11-02;Bronze
201215;Μαρία;Ιωαννίδης;F;25;Αθήνα;Αττική;2024-07-12;Silver
201216;Κώστας;Καραγιάννης;M;31;Αθήνα;Αττική;2024-09-27;Bronze
201217;Άννα;Καρράς;F;26;Χανιά;Κρήτη;2024-04-14;Bronze
201218;Σοφία;Σπυρόπουλος;F;25;Χανιά;Κρήτη;2025-08-15;Bronze
201219;Άννα;Παπαδόπουλος;F;54;Ιωάννινα;Ήπειρος;2025-08-11;Gold
201220;Ιωάννα;Μιχαηλίδης;F;34;Τρίκαλα;Θεσσαλία;2025-11-06;Gold
201221;Θανάσης;Σταματίου;M;29;Χανιά;Κρήτη;2025-07-03;Gold
201222;Γεωργία;Ζαχαρίου;F;47;Λάρισα;Θεσσαλία;2024-11-23;Gold
201223;Ελένη;Βλάχος;F;71;Βόλος;Θεσσαλία;2025-07-04;Silver
201224;Κατερίνα;Καραγιάννης;F;25;Καβάλα;Ανατολική Μακεδονία & Θράκη;2024-09-29;Gold
201225;Χρήστος;Λαμπρόπουλος;M;53;Θεσσαλονίκη;Κεντρική Μακεδονία;2024-04-18;Gold
201226;Μαρία;Αλεξίου;F;37;Ηράκλειο;Κρήτη;2025-08-27;Silver
201227;Βασίλης;Καραγιάννης;M;31;Χανιά;Κρήτη;2025-04-26;Bronze
201228;Αγγελική;Βλάχος;F;64;Ηράκλειο;Κρήτη;2024-08-07;Bronze
201229;Ιωάννα;Παπαδόπουλος;F;71;Λάρισα;Θεσσαλία;2024-04-06;Bronze
201230;Θανάσης;Παπαδόπουλος;M;57;Θεσσαλονίκη;Κεντρική Μακεδονία;2024-12-23;Bronze
201231;Μαρία;Σταματίου;F;52;Πάτρα;Δυτική Ελλάδα;2025-02-09;Bronze
201232;Κατερίνα;Οικονόμου;F;34;Θεσσαλονίκη;Κεντρική Μακεδονία;2025-11-01;Gold
201233;Νίκος;Πετρόπουλος;M;20;Τρίκαλα;Θεσσαλία;2025-10-30;Bronze
201234;Κατερίνα;Παπαδόπουλος;F;35;Λάρισα;Θεσσαλία;2024-03-08;Bronze
201235;Γεωργία;Κωνσταντίνου;F;24;Ρόδος;Νότιο Αιγαίο;2024-08-08;Bronze
201236;Άννα;Λαμπρόπουλος;F;59;Θεσσαλονίκη;Κεντρική Μακεδονία;2024-03-01;Silver
201237;Ελένη;Νικολάου;F;27;Λάρισα;Θεσσαλία;2025-07-11;Platinum
201238;Θανάσης;Λαμπρόπουλος;M;48;Πάτρα;Δυτική Ελλάδα;2025-02-03;Platinum
201239;Άννα;Σταματίου;F;29;Βόλος;Θεσσαλία;2024-03-21;Platinum
201240;Κατερίνα;Σταματίου;F;36;Αθήνα;Αττική;2024-09-28;Gold
201241;Κώστας;Καρράς;M;24;Θεσσαλονίκη;Κεντρική Μακεδονία;2025-06-30;Gold
201242;Γιώργος;Αλεξίου;M;37;Ιωάννινα;Ήπειρος;2025-06-22;Bronze
201243;Άννα;Οικονόμου;F;48;Αθήνα;Αττική;2024-06-01;Silver
201244;Κατερίνα;Οικονόμου;F;27;Αθήνα;Αττική;2024-02-02;Silver
201245;Χρήστος;Καρράς;M;64;Πάτρα;Δυτική Ελλάδα;2024-03-12;Silver
201246;Χρήστος;Λαμπρόπουλος;M;55;Αθήνα;Αττική;2024-01-11;Bronze
201247;Γεωργία;Παπανικολάου;F;19;Αθήνα;Αττική;2024-04-08;Silver
201248;Ανδρέας;Χατζής;M;18;Αθήνα;Αττική;2025-04-17;Bronze
201249;Ελένη;Αλεξίου;F;66;Αθήνα;Αττική;2025-11-01;Silver
201250;Νίκος;Γεωργίου;M;31;Χανιά;Κρήτη;2025-01-24;Silver
201251;Ελένη;Μιχαηλίδης;F;49;Πάτρα;Δυτική Ελλάδα;2024-07-09;Bronze
201252;Δήμητρα;Κωνσταντίνου;F;65;Ιωάννινα;Ήπειρος;2024-04-24;Platinum
201253;Θανάσης;Σταματίου;M;53;Θεσσαλονίκη;Κεντρική Μακεδονία;2025-04-30;Gold
201254;Σοφία;Αναστασίου;F;33;Ιωάννινα;Ήπειρος;2024-02-25;Platinum
201255;Δημήτρης;Αναστασίου;M;36;Πάτρα;Δυτική Ελλάδα;2024-07-07;Bronze
201256;Χρήστος;Παπαδόπουλος;M;27;Βόλος;Θεσσαλία;2024-07-04;Bronze
201257;Ελένη;Νικολάου;F;64;Σέρρες;Κεντρική Μακεδονία;2024-01-18;Silver
201258;Ιωάννα;Καραγιάννης;F;29;Ιωάννινα;Ήπειρος;2025-09-23;Bronze
201259;Χρήστος;Ιωαννίδης;M;38;Θεσσαλονίκη;Κεντρική Μακεδονία;2024-08-18;Gold
201260;Χριστίνα;Δημητρίου;F;59;Καβάλα;Ανατολική Μακεδονία & Θράκη;2025-09-09;Gold
201261;Κώστας;Κωνσταντίνου;M;40;Τρίκαλα;Θεσσαλία;2025-01-02;Silver
201262;Ελένη;Μιχαηλίδης;F;20;Πάτρα;Δυτική Ελλάδα;2024-04-18;Bronze
201263;Ανδρέας;Λαμπρόπουλος;M;55;Θεσσαλονίκη;Κεντρική Μακεδονία;2024-06-23;Gold
201264;Σοφία;Πετρόπουλος;F;69;Χανιά;Κρήτη;2025-02-27;Bronze
201265;Αγγελική;Καρράς;F;26;Ηράκλειο;Κρήτη;2025-04-19;Bronze
201266;Γιώργος;Ζαχαρίου;M;51;Λάρισα;Θεσσαλία;2024-11-15;Silver
201267;Βασίλης;Βλάχος;M;46;Σέρρες;Κεντρική Μακεδονία;2025-07-24;Platinum
201268;Θανάσης;Οικονόμου;M;49;Λάρισα;Θεσσαλία;2025-09-26;Gold
201269;Νίκος;Καρράς;M;37;Αθήνα;Αττική;2024-02-21;Bronze
201270;Χρήστος;Πετρόπουλος;M;64;Σέρρες;Κεντρική Μακεδονία;2024-05-10;Gold
201271;Άννα;Κωνσταντίνου;F;52;Λάρισα;Θεσσαλία;2025-06-06;Bronze
201272;Μαρία;Ζαχαρίου;F;28;Θεσσαλονίκη;Κεντρική Μακεδονία;2024-08-17;Silver
201273;Δήμητρα;Κωνσταντίνου;F;45;Πάτρα;Δυτική Ελλάδα;2024-05-31;Silver
201274;Κώστας;Δημητρίου;M;28;Ηράκλειο;Κρήτη;2025-05-18;Silver
201275;Γιώργος;Ιωαννίδης;M;39;Αθήνα;Αττική;2024-08-01;Gold
201276;Γιώργος;Παπαδόπουλος;M;19;Χανιά;Κρήτη;2025-06-15;Bronze
201277;Χριστίνα;Σπυρόπουλος;F;33;Ρόδος;Νότιο Αιγαίο;2024-04-23;Silver
201278;Βασίλης;Ζαχαρίου;M;54;Ρόδος;Νότιο Αιγαίο;2024-04-02;Bronze
201279;Χρήστος;Παπαδόπουλος;M;19;Ρόδος;Νότιο Αιγαίο;2024-04-04;Bronze
201280;Δημήτρης;Νικολάου;M;61;Καβάλα;Ανατολική Μακεδονία & Θράκη;2024-07-25;Platinum
201281;Γεωργία;Οικονόμου;F;42;Αθήνα;Αττική;2025-07-08;Gold
201282;Σοφία;Λαμπρόπουλος;F;71;Θεσσαλονίκη;Κεντρική Μακεδονία;2025-07-14;Bronze
201283;Χριστίνα;Βλάχος;F;20;Αθήνα;Αττική;2024-01-24;Gold
201284;Άννα;Βλάχος;F;45;Θεσσαλονίκη;Κεντρική Μακεδονία;2024-04-09;Silver
201285;Μιχάλης;Δημητρίου;M;24;Χανιά;Κρήτη;2024-03-28;Bronze
201286;Σοφία;Παπανικολάου;F;50;Πάτρα;Δυτική Ελλάδα;2025-08-10;Platinum
201287;Κατερίνα;Παπαδόπουλος;F;30;Σέρρες;Κεντρική Μακεδονία;2024-09-23;Gold
201288;Νίκος;Ιωαννίδης;M;31;Βόλος;Θεσσαλία;2024-09-01;Bronze
201289;Μαρία;Σπυρόπουλος;F;38;Ιωάννινα;Ήπειρος;2025-08-11;Silver
201290;Σοφία;Χατζής;F;63;Λάρισα;Θεσσαλία;2025-02-18;Bronze
201291;Γιώργος;Γεωργίου;M;21;Χανιά;Κρήτη;2024-05-21;Bronze
201292;Κώστας;Λαμπρόπουλος;M;23;Τρίκαλα;Θεσσαλία;2025-06-03;Bronze
201293;Δημήτρης;Ζαχαρίου;M;46;Ρόδος;Νότιο Αιγαίο;2024-10-22;Platinum
201294;Χρήστος;Νικολάου;M;20;Χανιά;Κρήτη;2024-12-20;Silver
201295;Μιχάλης;Κωνσταντίνου;M;62;Βόλος;Θεσσαλία;2024-05-19;Silver
201296;Άννα;Καρράς;F;37;Πάτρα;Δυτική Ελλάδα;2024-08-15;Bronze
201297;Μαρία;Παπαδόπουλος;F;36;Θεσσαλονίκη;Κεντρική Μακεδονία;2024-06-12;Silver
201298;Βασίλης;Παπανικολάου;M;24;Χανιά;Κρήτη;2024-04-28;Silver
201299;Κώστας;Παπανικολάου;M;40;Ρόδος;Νότιο Αιγαίο;2024-01-19;Bronze
201300;Ελένη;Οικονόμου;F;21;Καβάλα;Ανατολική Μακεδονία & Θράκη;2025-09-08;Bronze
201301;Παναγιώτης;Καρράς;M;44;Αθήνα;Αττική;2024-02-25;Bronze
201302;Βασίλης;Νικολάου;M;47;Θεσσαλονίκη;Κεντρική Μακεδονία;2024-01-31;Bronze
201303;Δημήτρης;Νικολάου;M;54;Τρίκαλα;Θεσσαλία;2025-10-04;Bronze
201304;Ελένη;Νικολάου;F;19;Σέρρες;Κεντρική Μακεδονία;2024-09-27;Platinum
201305;Μαρία;Καραγιάννης;F;65;Ιωάννινα;Ήπειρος;2025-03-21;Gold
201306;Παναγιώτης;Αναστασίου;M;42;Τρίκαλα;Θεσσαλία;2024-02-17;Platinum
201307;Κατερίνα;Νικολάου;F;46;Ιωάννινα;Ήπειρος;2024-08-12;Gold
201308;Χριστίνα;Παπαδόπουλος;F;24;Ρόδος;Νότιο Αιγαίο;2024-03-31;Bronze
201309;Ανδρέας;Καραγιάννης;M;64;Τρίκαλα;Θεσσαλία;2025-10-02;Platinum
201310;Ιωάννα;Νικολάου;F;34;Ηράκλειο;Κρήτη;2024-12-24;Silver
201311;Ελένη;Καραγιάννης;F;44;Χανιά;Κρήτη;2024-06-22;Bronze
201312;Ελένη;Νικολάου;F;70;Καβάλα;Ανατολική Μακεδονία & Θράκη;2025-11-15;Platinum
201313;Ιωάννα;Παπαδόπουλος;F;50;Ιωάννινα;Ήπειρος;2025-03-04;Silver
201314;Δήμητρα;Μιχαηλίδης;F;27;Πάτρα;Δυτική Ελλάδα;2024-10-09;Platinum
201315;Χριστίνα;Λαμπρόπουλος;F;46;Χανιά;Κρήτη;2024-10-03;Gold
201316;Ιωάννα;Σπυρόπουλος;F;71;Θεσσαλονίκη;Κεντρική Μακεδονία;2025-11-09;Bronze
201317;Δημήτρης;Ιωαννίδης;M;18;Αθήνα;Αττική;2025-02-26;Platinum
201318;Βασίλης;Αναστασίου;M;50;Ρόδος;Νότιο Αιγαίο;2025-05-09;Platinum
201319;Κώστας;Βλάχος;M;38;Λάρισα;Θεσσαλία;2024-08-02;Bronze
201320;Χριστίνα;Μιχαηλίδης;F;53;Πάτρα;Δυτική Ελλάδα;2024-04-23;Bronze
201321;Χριστίνα;Κωνσταντίνου;F;56;Τρίκαλα;Θεσσαλία;2024-12-30;Bronze
201322;Γεωργία;Σταματίου;F;19;Ιωάννινα;Ήπειρος;2025-11-06;Silver
201323;Ελένη;Γεωργίου;F;24;Σέρρες;Κεντρική Μακεδονία;2025-12-28;Silver
201324;Βασίλης;Λαμπρόπουλος;M;23;Χανιά;Κρήτη;2024-05-30;Silver
201325;Χρήστος;Βλάχος;M;37;Ηράκλειο;Κρήτη;2024-12-11;Silver
201326;Αγγελική;Ζαχαρίου;F;69;Πάτρα;Δυτική Ελλάδα;2024-03-07;Silver
201327;Γεωργία;Καρράς;F;52;Αθήνα;Αττική;2025-02-18;Bronze
201328;Ανδρέας;Γεωργίου;M;70;Θεσσαλονίκη;Κεντρική Μακεδονία;2024-02-14;Bronze
201329;Ανδρέας;Αναστασίου;M;30;Σέρρες;Κεντρική Μακεδονία;2024-10-12;Bronze
201330;Δημήτρης;Παπαδόπουλος;M;25;Τρίκαλα;Θεσσαλία;2025-02-15;Bronze
201331;Μαρία;Βλάχος;F;49;Πάτρα;Δυτική Ελλάδα;2024-04-12;Silver
201332;Μαρία;Οικονόμου;F;30;Πάτρα;Δυτική Ελλάδα;2024-03-04;Platinum
201333;Νίκος;Πετρόπουλος;M;46;Χανιά;Κρήτη;2025-08-29;Silver
201334;Νίκος;Δημητρίου;M;69;Λάρισα;Θεσσαλία;2024-02-03;Platinum
201335;Παναγιώτης;Καραγιάννης;M;70;Θεσσαλονίκη;Κεντρική Μακεδονία;2024-09-03;Bronze
201336;Ελένη;Χατζής;F;70;Καβάλα;Ανατολική Μακεδονία & Θράκη;2025-10-29;Silver
201337;Νίκος;Μιχαηλίδης;M;27;Βόλος;Θεσσαλία;2025-12-01;Silver
201338;Βασίλης;Κωνσταντίνου;M;24;Ρόδος;Νότιο Αιγαίο;2025-10-25;Bronze
201339;Αγγελική;Παπανικολάου;F;41;Αθήνα;Αττική;2025-10-05;Bronze
201340;Μιχάλης;Παπανικολάου;M;32;Βόλος;Θεσσαλία;2025-06-26;Bronze
201341;Γιώργος;Καραγιάννης;M;28;Χανιά;Κρήτη;2025-06-25;Silver
201342;Αγγελική;Παπαδόπουλος;F;48;Πάτρα;Δυτική Ελλάδα;2025-04-24;Silver
201343;Δημήτρης;Σπυρόπουλος;M;25;Ιωάννινα;Ήπειρος;2024-04-18;Bronze
201344;Θανάσης;Καραγιάννης;M;71;Πάτρα;Δυτική Ελλάδα;2024-05-12;Gold
201345;Σοφία;Καραγιάννης;F;49;Θεσσαλονίκη;Κεντρική Μακεδονία;2025-07-02;Bronze
201346;Άννα;Οικονόμου;F;46;Ιωάννινα;Ήπειρος;2025-07-27;Gold
201347;Κώστας;Αναστασίου;M;53;Αθήνα;Αττική;2025-11-20;Silver
201348;Δήμητρα;Σπυρόπουλος;F;50;Αθήνα;Αττική;2024-01-16;Bronze
201349;Σοφία;Αλεξίου;F;69;Πάτρα;Δυτική Ελλάδα;2024-08-06;Gold
201350;Κώστας;Γεωργίου;M;43;Ρόδος;Νότιο Αιγαίο;2024-02-08;Gold
201351;Γεωργία;Μιχαηλίδης;F;53;Βόλος;Θεσσαλία;2025-04-11;Bronze
201352;Μαρία;Μιχαηλίδης;F;69;Καβάλα;Ανατολική Μακεδονία & Θράκη;2025-11-29;Silver
201353;Χρήστος;Πετρόπουλος;M;62;Θεσσαλονίκη;Κεντρική Μακεδονία;2024-09-08;Silver
201354;Κατερίνα;Δημητρίου;F;38;Αθήνα;Αττική;2024-04-28;Gold
201355;Κατερίνα;Μιχαηλίδης;F;22;Αθήνα;Αττική;2025-05-06;Gold
201356;Δημήτρης;Ιωαννίδης;M;20;Σέρρες;Κεντρική Μακεδονία;2025-06-19;Gold
201357;Παναγιώτης;Αλεξίου;M;62;Τρίκαλα;Θεσσαλία;2025-12-12;Bronze
201358;Θανάσης;Νικολάου;M;36;Χανιά;Κρήτη;2024-10-26;Silver
201359;Γιώργος;Παπαδόπουλος;M;37;Θεσσαλονίκη;Κεντρική Μακεδονία;2025-03-11;Silver
201360;Γιώργος;Παπανικολάου;M;72;Ηράκλειο;Κρήτη;2024-02-17;Bronze
201361;Ελένη;Μιχαηλίδης;F;48;Τρίκαλα;Θεσσαλία;2025-01-08;Gold
201362;Σοφία;Μιχαηλίδης;F;63;Ηράκλειο;Κρήτη;2024-08-24;Silver
201363;Άννα;Αναστασίου;F;53;Θεσσαλονίκη;Κεντρική Μακεδονία;2024-04-05;Bronze
201364;Νίκος;Κωνσταντίνου;M;49;Ιωάννινα;Ήπειρος;2024-09-22;Gold
201365;Μιχάλης;Ζαχαρίου;M;70;Ρόδος;Νότιο Αιγαίο;2025-03-10;Gold
201366;Ανδρέας;Καραγιάννης;M;33;Χανιά;Κρήτη;2024-12-11;Bronze
201367;Κώστας;Λαμπρόπουλος;M;67;Θεσσαλονίκη;Κεντρική Μακεδονία;2025-04-04;Gold
201368;Ελένη;Νικολάου;F;32;Ρόδος;Νότιο Αιγαίο;2025-01-16;Gold
201369;Αγγελική;Γεωργίου;F;39;Βόλος;Θεσσαλία;2024-09-22;Bronze
201370;Θανάσης;Σπυρόπουλος;M;28;Ηράκλειο;Κρήτη;2025-01-27;Bronze
201371;Σοφία;Καρράς;F;66;Τρίκαλα;Θεσσαλία;2025-01-13;Gold
201372;Ιωάννα;Σπυρόπουλος;F;27;Αθήνα;Αττική;2025-01-01;Bronze
201373;Γιώργος;Σπυρόπουλος;M;31;Αθήνα;Αττική;2025-05-27;Silver
201374;Χριστίνα;Κωνσταντίνου;F;66;Σέρρες;Κεντρική Μακεδονία;2025-05-07;Silver
201375;Μιχάλης;Οικονόμου;M;31;Θεσσαλονίκη;Κεντρική Μακεδονία;2025-05-13;Bronze
201376;Βασίλης;Παπαδόπουλος;M;67;Πάτρα;Δυτική Ελλάδα;2025-03-28;Bronze
201377;Παναγιώτης;Ζαχαρίου;M;72;Βόλος;Θεσσαλία;2025-12-23;Silver
201378;Χρήστος;Οικονόμου;M;28;Ρόδος;Νότιο Αιγαίο;2024-06-25;Bronze
201379;Αγγελική;Μιχαηλίδης;F;27;Καβάλα;Ανατολική Μακεδονία & Θράκη;2024-07-09;Silver
201380;Μαρία;Σπυρόπουλος;F;44;Ιωάννινα;Ήπειρος;2024-09-13;Bronze
201381;Χριστίνα;Αλεξίου;F;27;Καβάλα;Ανατολική Μακεδονία & Θράκη;2024-03-10;Gold
201382;Ανδρέας;Αλεξίου;M;64;Χανιά;Κρήτη;2025-02-14;Silver
201383;Ανδρέας;Πετρόπουλος;M;26;Ηράκλειο;Κρήτη;2025-06-25;Bronze
201384;Γεωργία;Οικονόμου;F;44;Σέρρες;Κεντρική Μακεδονία;2025-12-11;Bronze
201385;Αγγελική;Ζαχαρίου;F;43;Ρόδος;Νότιο Αιγαίο;2025-11-26;Bronze
201386;Ανδρέας;Ιωαννίδης;M;67;Ηράκλειο;Κρήτη;2024-09-22;Bronze
201387;Βασίλης;Πετρόπουλος;M;67;Πάτρα;Δυτική Ελλάδα;2025-04-30;Bronze
201388;Ελένη;Παπανικολάου;F;56;Καβάλα;Ανατολική Μακεδονία & Θράκη;2025-03-15;Platinum
201389;Ανδρέας;Αλεξίου;M;61;Σέρρες;Κεντρική Μακεδονία;2024-11-25;Bronze
201390;Μιχάλης;Ζαχαρίου;M;56;Καβάλα;Ανατολική Μακεδονία & Θράκη;2025-05-26;Silver
201391;Σοφία;Σταματίου;F;45;Θεσσαλονίκη;Κεντρική Μακεδονία;2025-08-23;Silver
201392;Δημήτρης;Ζαχαρίου;M;34;Πάτρα;Δυτική Ελλάδα;2024-07-04;Silver
201393;Κατερίνα;Σπυρόπουλος;F;64;Ηράκλειο;Κρήτη;2024-07-03;Bronze
201394;Κώστας;Νικολάου;M;48;Θεσσαλονίκη;Κεντρική Μακεδονία;2024-04-18;Gold
201395;Δήμητρα;Καραγιάννης;F;45;Ρόδος;Νότιο Αιγαίο;2024-05-03;Platinum
201396;Χρήστος;Σταματίου;M;21;Λάρισα;Θεσσαλία;2024-06-10;Silver
201397;Ελένη;Αναστασίου;F;35;Χανιά;Κρήτη;2025-02-17;Silver
201398;Γιώργος;Ιωαννίδης;M;29;Θεσσαλονίκη;Κεντρική Μακεδονία;2025-03-11;Platinum
201399;Δημήτρης;Χατζής;M;72;Πάτρα;Δυτική Ελλάδα;2024-07-10;Bronze
201400;Χρήστος;Χατζής;M;68;Χανιά;Κρήτη;2024-01-15;Bronze
201401;Κατερίνα;Μιχαηλίδης;F;35;Καβάλα;Ανατολική Μακεδονία & Θράκη;2024-03-20;Bronze
201402;Νίκος;Σπυρόπουλος;M;47;Αθήνα;Αττική;2024-08-09;Gold
201403;Χρήστος;Αλεξίου;M;46;Αθήνα;Αττική;2024-12-16;Silver
201404;Παναγιώτης;Χατζής;M;30;Ηράκλειο;Κρήτη;2024-07-08;Bronze
201405;Κατερίνα;Κωνσταντίνου;F;35;Ιωάννινα;Ήπειρος;2025-08-14;Bronze
201406;Μιχάλης;Σταματίου;M;54;Λάρισα;Θεσσαλία;2025-03-30;Bronze
201407;Βασίλης;Παπαδόπουλος;M;52;Ηράκλειο;Κρήτη;2025-07-30;Bronze
201408;Δήμητρα;Κωνσταντίνου;F;21;Πάτρα;Δυτική Ελλάδα;2024-12-24;Silver
201409;Ελένη;Πετρόπουλος;F;32;Τρίκαλα;Θεσσαλία;2025-09-11;Bronze
201410;Κατερίνα;Καραγιάννης;F;29;Χανιά;Κρήτη;2024-03-30;Bronze
201411;Χρήστος;Βλάχος;M;40;Σέρρες;Κεντρική Μακεδονία;2024-02-18;Bronze
201412;Μαρία;Νικολάου;F;71;Ιωάννινα;Ήπειρος;2025-03-05;Silver
201413;Κατερίνα;Σπυρόπουλος;F;28;Χανιά;Κρήτη;2025-10-21;Bronze
201414;Θανάσης;Καραγιάννης;M;34;Ρόδος;Νότιο Αιγαίο;2025-10-03;Silver
201415;Μιχάλης;Παπαδόπουλος;M;50;Χανιά;Κρήτη;2025-03-21;Bronze
201416;Χρήστος;Καραγιάννης;M;41;Ιωάννινα;Ήπειρος;2024-01-23;Bronze
201417;Νίκος;Χατζής;M;71;Πάτρα;Δυτική Ελλάδα;2025-09-01;Bronze
201418;Νίκος;Ιωαννίδης;M;67;Λάρισα;Θεσσαλία;2024-08-31;Silver
201419;Σοφία;Λαμπρόπουλος;F;54;Αθήνα;Αττική;2025-08-21;Bronze
201420;Ανδρέας;Αλεξίου;M;33;Ηράκλειο;Κρήτη;2024-06-26;Bronze
201421;Δημήτρης;Ιωαννίδης;M;22;Αθήνα;Αττική;2024-06-06;Gold
201422;Δήμητρα;Οικονόμου;F;25;Ρόδος;Νότιο Αιγαίο;2024-08-19;Platinum
201423;Δήμητρα;Οικονόμου;F;32;Ιωάννινα;Ήπειρος;2025-08-17;Silver
201424;Άννα;Πετρόπουλος;F;30;Ηράκλειο;Κρήτη;2024-07-16;Gold
201425;Άννα;Μιχαηλίδης;F;28;Ρόδος;Νότιο Αιγαίο;2025-03-12;Bronze
201426;Ανδρέας;Χατζής;M;65;Τρίκαλα;Θεσσαλία;2025-07-05;Platinum
201427;Νίκος;Νικολάου;M;71;Λάρισα;Θεσσαλία;2024-10-03;Bronze
201428;Μιχάλης;Παπανικολάου;M;66;Ρόδος;Νότιο Αιγαίο;2025-02-06;Bronze
201429;Γιώργος;Γεωργίου;M;27;Ηράκλειο;Κρήτη;2025-05-23;Bronze
201430;Μιχάλης;Σπυρόπουλος;M;37;Ρόδος;Νότιο Αιγαίο;2025-01-15;Bronze
201431;Γιώργος;Μιχαηλίδης;M;29;Ρόδος;Νότιο Αιγαίο;2024-10-01;Silver
201432;Μιχάλης;Παπανικολάου;M;57;Θεσσαλονίκη;Κεντρική Μακεδονία;2025-08-23;Bronze
201433;Ιωάννα;Δημητρίου;F;62;Ηράκλειο;Κρήτη;2024-04-12;Silver
201434;Χρήστος;Νικολάου;M;45;Λάρισα;Θεσσαλία;2025-04-29;Bronze
201435;Σοφία;Μιχαηλίδης;F;24;Πάτρα;Δυτική Ελλάδα;2025-12-19;Bronze
201436;Ελένη;Σπυρόπουλος;F;69;Ηράκλειο;Κρήτη;2024-01-28;Bronze
201437;Βασίλης;Κωνσταντίνου;M;38;Πάτρα;Δυτική Ελλάδα;2024-10-03;Bronze
201438;Νίκος;Δημητρίου;M;40;Τρίκαλα;Θεσσαλία;2024-08-23;Gold
201439;Μαρία;Παπανικολάου;F;24;Λάρισα;Θεσσαλία;2024-08-02;Silver
201440;Νίκος;Χατζής;M;58;Θεσσαλονίκη;Κεντρική Μακεδονία;2024-11-02;Bronze
201441;Βασίλης;Σπυρόπουλος;M;49;Ρόδος;Νότιο Αιγαίο;2025-04-17;Silver
201442;Ιωάννα;Πετρόπουλος;F;26;Βόλος;Θεσσαλία;2025-12-10;Silver
201443;Κώστας;Δημητρίου;M;50;Χανιά;Κρήτη;2024-08-29;Silver
201444;Δήμητρα;Λαμπρόπουλος;F;68;Θεσσαλονίκη;Κεντρική Μακεδονία;2025-08-27;Bronze
201445;Παναγιώτης;Λαμπρόπουλος;M;48;Καβάλα;Ανατολική Μακεδονία & Θράκη;2024-02-12;Bronze
201446;Γεωργία;Αλεξίου;F;31;Ηράκλειο;Κρήτη;2024-06-23;Silver
201447;Δήμητρα;Γεωργίου;F;40;Ρόδος;Νότιο Αιγαίο;2024-02-28;Bronze
201448;Αγγελική;Αναστασίου;F;45;Λάρισα;Θεσσαλία;2024-02-28;Gold
201449;Αγγελική;Ιωαννίδης;F;65;Χανιά;Κρήτη;2025-06-27;Bronze
201450;Ανδρέας;Καρράς;M;63;Καβάλα;Ανατολική Μακεδονία & Θράκη;2024-05-18;Bronze
201451;Γιώργος;Ζαχαρίου;M;35;Ιωάννινα;Ήπειρος;2025-05-08;Bronze
201452;Ανδρέας;Αναστασίου;M;31;Σέρρες;Κεντρική Μακεδονία;2024-11-22;Silver
201453;Θανάσης;Μιχαηλίδης;M;28;Χανιά;Κρήτη;2024-06-11;Bronze
201454;Μαρία;Γεωργίου;F;52;Πάτρα;Δυτική Ελλάδα;2024-12-27;Silver
201455;Κατερίνα;Αναστασίου;F;46;Πάτρα;Δυτική Ελλάδα;2025-07-19;Bronze
201456;Κατερίνα;Παπαδόπουλος;F;23;Πάτρα;Δυτική Ελλάδα;2024-06-15;Bronze
201457;Ελένη;Αναστασίου;F;54;Ρόδος;Νότιο Αιγαίο;2024-06-28;Silver
201458;Θανάσης;Καρράς;M;43;Πάτρα;Δυτική Ελλάδα;2025-12-11;Bronze
201459;Χρήστος;Μιχαηλίδης;M;18;Λάρισα;Θεσσαλία;2024-12-16;Gold
201460;Θανάσης;Ιωαννίδης;M;45;Ηράκλειο;Κρήτη;2024-07-08;Bronze
201461;Μαρία;Παπαδόπουλος;F;63;Ηράκλειο;Κρήτη;2025-09-21;Bronze
201462;Θανάσης;Βλάχος;M;33;Βόλος;Θεσσαλία;2024-07-24;Silver
201463;Κώστας;Σταματίου;M;37;Καβάλα;Ανατολική Μακεδονία & Θράκη;2024-04-05;Bronze
201464;Χρήστος;Παπαδόπουλος;M;62;Αθήνα;Αττική;2025-03-05;Platinum
201465;Μιχάλης;Καραγιάννης;M;60;Αθήνα;Αττική;2024-11-24;Bronze
201466;Ελένη;Καρράς;F;71;Αθήνα;Αττική;2025-04-30;Platinum
201467;Χρήστος;Αναστασίου;M;31;Τρίκαλα;Θεσσαλία;2025-06-22;Silver
201468;Μαρία;Παπαδόπουλος;F;54;Βόλος;Θεσσαλία;2024-08-21;Silver
201469;Παναγιώτης;Καρράς;M;23;Καβάλα;Ανατολική Μακεδονία & Θράκη;2025-03-11;Silver
201470;Νίκος;Αλεξίου;M;30;Ιωάννινα;Ήπειρος;2024-04-27;Bronze
201471;Σοφία;Δημητρίου;F;45;Λάρισα;Θεσσαλία;2024-05-20;Platinum
201472;Χρήστος;Ιωαννίδης;M;35;Λάρισα;Θεσσαλία;2024-04-29;Gold
201473;Μιχάλης;Σταματίου;M;47;Καβάλα;Ανατολική Μακεδονία & Θράκη;2025-11-05;Gold
201474;Ιωάννα;Καρράς;F;66;Αθήνα;Αττική;2025-03-08;Gold
201475;Παναγιώτης;Πετρόπουλος;M;36;Πάτρα;Δυτική Ελλάδα;2025-09-30;Platinum
201476;Χριστίνα;Δημητρίου;F;48;Βόλος;Θεσσαλία;2024-12-14;Bronze
201477;Μαρία;Δημητρίου;F;71;Καβάλα;Ανατολική Μακεδονία & Θράκη;2025-09-26;Silver
201478;Κώστας;Αναστασίου;M;62;Πάτρα;Δυτική Ελλάδα;2024-02-12;Gold
201479;Αγγελική;Βλάχος;F;46;Λάρισα;Θεσσαλία;2024-09-30;Gold
201480;Μιχάλης;Σταματίου;M;32;Λάρισα;Θεσσαλία;2024-12-19;Bronze
201481;Άννα;Ζαχαρίου;F;70;Ιωάννινα;Ήπειρος;2025-08-09;Bronze
201482;Κώστας;Ιωαννίδης;M;36;Χανιά;Κρήτη;2025-01-13;Silver
201483;Κατερίνα;Καρράς;F;53;Ρόδος;Νότιο Αιγαίο;2024-02-12;Bronze
201484;Κατερίνα;Αλεξίου;F;51;Ιωάννινα;Ήπειρος;2025-12-24;Bronze
201485;Γιώργος;Πετρόπουλος;M;39;Ηράκλειο;Κρήτη;2025-05-27;Gold
201486;Ιωάννα;Κωνσταντίνου;F;29;Θεσσαλονίκη;Κεντρική Μακεδονία;2025-02-04;Silver
201487;Ανδρέας;Χατζής;M;56;Αθήνα;Αττική;2024-02-03;Silver
201488;Μιχάλης;Λαμπρόπουλος;M;22;Λάρισα;Θεσσαλία;2025-11-19;Bronze
201489;Ιωάννα;Καρράς;F;65;Θεσσαλονίκη;Κεντρική Μακεδονία;2024-10-27;Bronze
201490;Σοφία;Αλεξίου;F;47;Αθήνα;Αττική;2025-02-09;Silver
201491;Βασίλης;Σπυρόπουλος;M;71;Σέρρες;Κεντρική Μακεδονία;2024-12-25;Gold
201492;Χριστίνα;Σπυρόπουλος;F;26;Σέρρες;Κεντρική Μακεδονία;2025-02-01;Gold
201493;Αγγελική;Δημητρίου;F;41;Σέρρες;Κεντρική Μακεδονία;2024-10-31;Gold
201494;Βασίλης;Ιωαννίδης;M;70;Χανιά;Κρήτη;2025-09-15;Silver
201495;Κώστας;Σπυρόπουλος;M;48;Τρίκαλα;Θεσσαλία;2024-06-19;Silver
201496;Γιώργος;Ζαχαρίου;M;37;Βόλος;Θεσσαλία;2024-02-11;Silver
201497;Μαρία;Αναστασίου;F;33;Βόλος;Θεσσαλία;2025-02-25;Gold
201498;Μαρία;Παπανικολάου;F;20;Ηράκλειο;Κρήτη;2025-12-23;Bronze
201499;Χριστίνα;Χατζής;F;50;Ηράκλειο;Κρήτη;2024-08-04;Bronze
201500;Ιωάννα;Αλεξίου;F;19;Ιωάννινα;Ήπειρος;2025-04-27;Silver
201501;Βασίλης;Νικολάου;M;29;Τρίκαλα;Θεσσαλία;2024-07-06;Bronze
201502;Γεωργία;Κωνσταντίνου;F;67;Θεσσαλονίκη;Κεντρική Μακεδονία;2025-09-21;Bronze
201503;Αγγελική;Ζαχαρίου;F;45;Βόλος;Θεσσαλία;2024-08-11;Silver
201504;Γεωργία;Οικονόμου;F;42;Καβάλα;Ανατολική Μακεδονία & Θράκη;2024-07-29;Silver
201505;Παναγιώτης;Σταματίου;M;62;Χανιά;Κρήτη;2025-12-11;Silver
201506;Χριστίνα;Παπαδόπουλος;F;65;Βόλος;Θεσσαλία;2025-10-14;Bronze
201507;Παναγιώτης;Χατζής;M;26;Πάτρα;Δυτική Ελλάδα;2024-04-30;Silver
201508;Παναγιώτης;Λαμπρόπουλος;M;45;Τρίκαλα;Θεσσαλία;2024-03-20;Silver
201509;Ιωάννα;Παπαδόπουλος;F;44;Ιωάννινα;Ήπειρος;2024-07-29;Bronze
201510;Νίκος;Μιχαηλίδης;M;66;Πάτρα;Δυτική Ελλάδα;2025-08-14;Platinum
201511;Μιχάλης;Αλεξίου;M;69;Ρόδος;Νότιο Αιγαίο;2025-08-18;Bronze
201512;Θανάσης;Λαμπρόπουλος;M;28;Καβάλα;Ανατολική Μακεδονία & Θράκη;2024-05-02;Silver
201513;Δήμητρα;Αλεξίου;F;67;Ηράκλειο;Κρήτη;2025-04-19;Bronze
201514;Βασίλης;Καρράς;M;70;Λάρισα;Θεσσαλία;2025-09-17;Bronze
201515;Γεωργία;Αναστασίου;F;28;Αθήνα;Αττική;2024-07-30;Silver
201516;Νίκος;Βλάχος;M;38;Λάρισα;Θεσσαλία;2025-12-04;Platinum
201517;Νίκος;Αναστασίου;M;40;Ρόδος;Νότιο Αιγαίο;2025-09-17;Platinum
201518;Μαρία;Μιχαηλίδης;F;56;Πάτρα;Δυτική Ελλάδα;2024-03-06;Silver
201519;Άννα;Παπαδόπουλος;F;41;Λάρισα;Θεσσαλία;2025-09-13;Silver
201520;Άννα;Λαμπρόπουλος;F;50;Τρίκαλα;Θεσσαλία;2024-10-11;Silver
201521;Γιώργος;Νικολάου;M;68;Τρίκαλα;Θεσσαλία;2025-11-25;Gold
201522;Μιχάλης;Λαμπρόπουλος;M;25;Ιωάννινα;Ήπειρος;2025-04-27;Silver
201523;Χρήστος;Μιχαηλίδης;M;59;Λάρισα;Θεσσαλία;2025-11-10;Bronze
201524;Ανδρέας;Ζαχαρίου;M;55;Αθήνα;Αττική;2024-04-15;Bronze
201525;Γεωργία;Νικολάου;F;72;Σέρρες;Κεντρική Μακεδονία;2025-06-07;Bronze
201526;Δημήτρης;Σπυρόπουλος;M;67;Αθήνα;Αττική;2024-04-27;Silver
201527;Χρήστος;Αναστασίου;M;20;Καβάλα;Ανατολική Μακεδονία & Θράκη;2024-02-19;Bronze
201528;Βασίλης;Δημητρίου;M;47;Πάτρα;Δυτική Ελλάδα;2025-02-15;Bronze
201529;Θανάσης;Καρράς;M;53;Πάτρα;Δυτική Ελλάδα;2025-10-28;Gold
201530;Σοφία;Ζαχαρίου;F;38;Αθήνα;Αττική;2025-11-07;Gold
201531;Κατερίνα;Ζαχαρίου;F;50;Σέρρες;Κεντρική Μακεδονία;2025-08-16;Platinum
201532;Μιχάλης;Κωνσταντίνου;M;23;Θεσσαλονίκη;Κεντρική Μακεδονία;2025-03-05;Silver
201533;Γεωργία;Γεωργίου;F;64;Ρόδος;Νότιο Αιγαίο;2025-01-29;Gold
201534;Μιχάλης;Μιχαηλίδης;M;43;Πάτρα;Δυτική Ελλάδα;2024-01-16;Silver
201535;Γιώργος;Βλάχος;M;57;Θεσσαλονίκη;Κεντρική Μακεδονία;2025-04-12;Bronze
201536;Χρήστος;Αλεξίου;M;61;Λάρισα;Θεσσαλία;2024-10-14;Bronze
201537;Γεωργία;Μιχαηλίδης;F;58;Σέρρες;Κεντρική Μακεδονία;2024-07-07;Silver
201538;Αγγελική;Καραγιάννης;F;18;Θεσσαλονίκη;Κεντρική Μακεδονία;2024-07-01;Bronze
201539;Κατερίνα;Αναστασίου;F;28;Σέρρες;Κεντρική Μακεδονία;2025-01-17;Bronze
201540;Θανάσης;Δημητρίου;M;27;Ηράκλειο;Κρήτη;2025-04-14;Bronze
201541;Κώστας;Λαμπρόπουλος;M;35;Ρόδος;Νότιο Αιγαίο;2025-04-07;Bronze
201542;Δημήτρης;Πετρόπουλος;M;42;Σέρρες;Κεντρική Μακεδονία;2025-04-04;Bronze
201543;Άννα;Μιχαηλίδης;F;38;Πάτρα;Δυτική Ελλάδα;2025-12-07;Bronze
201544;Δήμητρα;Βλάχος;F;62;Ιωάννινα;Ήπειρος;2024-09-18;Silver
201545;Βασίλης;Σπυρόπουλος;M;68;Βόλος;Θεσσαλία;2024-10-12;Silver
201546;Χρήστος;Κωνσταντίνου;M;71;Χανιά;Κρήτη;2025-07-13;Bronze
201547;Γεωργία;Σπυρόπουλος;F;49;Ηράκλειο;Κρήτη;2025-06-14;Bronze
201548;Χριστίνα;Νικολάου;F;30;Πάτρα;Δυτική Ελλάδα;2024-08-24;Bronze
201549;Χριστίνα;Σπυρόπουλος;F;56;Ρόδος;Νότιο Αιγαίο;2025-06-25;Bronze
201550;Κώστας;Ιωαννίδης;M;55;Λάρισα;Θεσσαλία;2025-08-03;Gold
201551;Κώστας;Οικονόμου;M;34;Πάτρα;Δυτική Ελλάδα;2025-09-11;Silver
201552;Κώστας;Καρράς;M;54;Ρόδος;Νότιο Αιγαίο;2024-05-11;Bronze
201553;Χριστίνα;Δημητρίου;F;47;Ρόδος;Νότιο Αιγαίο;2025-08-20;Bronze
201554;Ανδρέας;Μιχαηλίδης;M;57;Ρόδος;Νότιο Αιγαίο;2025-09-07;Silver
201555;Θανάσης;Πετρόπουλος;M;68;Τρίκαλα;Θεσσαλία;2025-07-15;Bronze
201556;Αγγελική;Καραγιάννης;F;43;Χανιά;Κρήτη;2025-06-11;Silver
201557;Ιωάννα;Πετρόπουλος;F;29;Βόλος;Θεσσαλία;2025-03-20;Bronze
201558;Δημήτρης;Κωνσταντίνου;M;51;Πάτρα;Δυτική Ελλάδα;2024-02-20;Silver
201559;Γεωργία;Βλάχος;F;24;Βόλος;Θεσσαλία;2024-07-23;Silver
201560;Θανάσης;Δημητρίου;M;27;Πάτρα;Δυτική Ελλάδα;2025-02-16;Bronze
201561;Νίκος;Αναστασίου;M;37;Αθήνα;Αττική;2025-10-30;Platinum
201562;Χριστίνα;Νικολάου;F;71;Ρόδος;Νότιο Αιγαίο;2024-03-09;Platinum
201563;Άννα;Οικονόμου;F;36;Τρίκαλα;Θεσσαλία;2025-07-31;Bronze
201564;Ελένη;Παπαδόπουλος;F;31;Χανιά;Κρήτη;2025-08-11;Silver
201565;Βασίλης;Καραγιάννης;M;26;Αθήνα;Αττική;2025-08-28;Silver
201566;Δήμητρα;Μιχαηλίδης;F;37;Πάτρα;Δυτική Ελλάδα;2025-11-14;Platinum
201567;Παναγιώτης;Παπαδόπουλος;M;39;Ρόδος;Νότιο Αιγαίο;2025-12-27;Silver
201568;Βασίλης;Σταματίου;M;32;Βόλος;Θεσσαλία;2024-08-25;Bronze
201569;Χριστίνα;Καρράς;F;56;Θεσσαλονίκη;Κεντρική Μακεδονία;2025-09-29;Platinum
201570;Κατερίνα;Χατζής;F;70;Χανιά;Κρήτη;2024-02-04;Silver
201571;Χριστίνα;Λαμπρόπουλος;F;26;Αθήνα;Αττική;2024-03-28;Silver
201572;Άννα;Παπαδόπουλος;F;46;Ρόδος;Νότιο Αιγαίο;2025-02-22;Bronze
201573;Γεωργία;Παπανικολάου;F;48;Πάτρα;Δυτική Ελλάδα;2025-10-29;Gold
201574;Μαρία;Αναστασίου;F;33;Λάρισα;Θεσσαλία;2025-05-17;Bronze
201575;Ανδρέας;Βλάχος;M;22;Σέρρες;Κεντρική Μακεδονία;2024-07-17;Silver
201576;Χριστίνα;Γεωργίου;F;18;Αθήνα;Αττική;2025-05-23;Silver
201577;Κώστας;Δημητρίου;M;49;Βόλος;Θεσσαλία;2024-03-04;Bronze
201578;Θανάσης;Σταματίου;M;20;Πάτρα;Δυτική Ελλάδα;2025-12-12;Bronze
201579;Θανάσης;Αλεξίου;M;51;Καβάλα;Ανατολική Μακεδονία & Θράκη;2024-07-17;Bronze
201580;Δημήτρης;Αναστασίου;M;64;Πάτρα;Δυτική Ελλάδα;2024-10-27;Gold
201581;Σοφία;Σπυρόπουλος;F;36;Χανιά;Κρήτη;2025-09-15;Bronze
201582;Ιωάννα;Καρράς;F;19;Καβάλα;Ανατολική Μακεδονία & Θράκη;2025-07-01;Bronze
201583;Δημήτρης;Παπανικολάου;M;22;Αθήνα;Αττική;2025-12-09;Gold
201584;Δήμητρα;Δημητρίου;F;67;Ρόδος;Νότιο Αιγαίο;2024-03-14;Gold
201585;Βασίλης;Ιωαννίδης;M;23;Καβάλα;Ανατολική Μακεδονία & Θράκη;2025-12-12;Bronze
201586;Βασίλης;Χατζής;M;40;Θεσσαλονίκη;Κεντρική Μακεδονία;2024-10-01;Bronze
201587;Παναγιώτης;Οικονόμου;M;56;Θεσσαλονίκη;Κεντρική Μακεδονία;2025-07-25;Gold
201588;Ανδρέας;Ιωαννίδης;M;52;Τρίκαλα;Θεσσαλία;2024-03-21;Silver
201589;Ανδρέας;Σπυρόπουλος;M;34;Λάρισα;Θεσσαλία;2025-09-26;Bronze
201590;Άννα;Πετρόπουλος;F;60;Θεσσαλονίκη;Κεντρική Μακεδονία;2025-02-11;Bronze
201591;Ιωάννα;Παπαδόπουλος;F;21;Λάρισα;Θεσσαλία;2024-01-12;Silver
201592;Παναγιώτης;Παπανικολάου;M;37;Θεσσαλονίκη;Κεντρική Μακεδονία;2025-07-06;Bronze
201593;Δημήτρης;Πετρόπουλος;M;68;Τρίκαλα;Θεσσαλία;2025-07-13;Bronze
201594;Βασίλης;Παπαδόπουλος;M;61;Ηράκλειο;Κρήτη;2025-08-25;Bronze
201595;Γιώργος;Βλάχος;M;50;Βόλος;Θεσσαλία;2025-07-11;Silver
201596;Μαρία;Σπυρόπουλος;F;52;Χανιά;Κρήτη;2024-01-13;Bronze
201597;Κατερίνα;Πετρόπουλος;F;62;Βόλος;Θεσσαλία;2024-04-02;Platinum
201598;Σοφία;Καρράς;F;63;Ρόδος;Νότιο Αιγαίο;2024-07-30;Gold
201599;Ανδρέας;Καρράς;M;26;Ηράκλειο;Κρήτη;2024-02-26;Platinum
201600;Σοφία;Κωνσταντίνου;F;72;Αθήνα;Αττική;2025-05-30;Gold
201601;Χρήστος;Καραγιάννης;M;20;Χανιά;Κρήτη;2025-09-11;Silver
201602;Θανάσης;Σταματίου;M;20;Σέρρες;Κεντρική Μακεδονία;2024-04-30;Silver
201603;Βασίλης;Αναστασίου;M;32;Θεσσαλονίκη;Κεντρική Μακεδονία;2024-04-04;Bronze
201604;Χρήστος;Μιχαηλίδης;M;24;Θεσσαλονίκη;Κεντρική Μακεδονία;2024-12-09;Silver
201605;Αγγελική;Οικονόμου;F;39;Πάτρα;Δυτική Ελλάδα;2025-02-12;Bronze
201606;Νίκος;Πετρόπουλος;M;59;Ιωάννινα;Ήπειρος;2024-02-03;Bronze
201607;Κατερίνα;Νικολάου;F;19;Βόλος;Θεσσαλία;2024-08-19;Silver
201608;Μαρία;Καραγιάννης;F;48;Λάρισα;Θεσσαλία;2025-01-07;Silver
201609;Ιωάννα;Οικονόμου;F;52;Σέρρες;Κεντρική Μακεδονία;2025-11-26;Gold
201610;Νίκος;Σπυρόπουλος;M;66;Θεσσαλονίκη;Κεντρική Μακεδονία;2024-10-23;Bronze
201611;Θανάσης;Χατζής;M;39;Τρίκαλα;Θεσσαλία;2024-09-06;Silver
201612;Ιωάννα;Μιχαηλίδης;F;44;Πάτρα;Δυτική Ελλάδα;2025-02-21;Bronze
201613;Γεωργία;Μιχαηλίδης;F;18;Βόλος;Θεσσαλία;2024-08-25;Platinum
201614;Χρήστος;Δημητρίου;M;65;Χανιά;Κρήτη;2024-11-04;Bronze
201615;Ιωάννα;Λαμπρόπουλος;F;46;Αθήνα;Αττική;2024-08-09;Gold
201616;Μαρία;Παπανικολάου;F;70;Αθήνα;Αττική;2025-02-06;Bronze
201617;Χριστίνα;Βλάχος;F;45;Αθήνα;Αττική;2025-01-14;Bronze
201618;Χρήστος;Κωνσταντίνου;M;71;Αθήνα;Αττική;2025-09-30;Silver
201619;Γιώργος;Αλεξίου;M;55;Αθήνα;Αττική;2025-08-29;Bronze
201620;Γιώργος;Βλάχος;M;58;Αθήνα;Αττική;2024-05-26;Bronze
201621;Θανάσης;Κωνσταντίνου;M;39;Πάτρα;Δυτική Ελλάδα;2025-12-06;Bronze
201622;Δήμητρα;Χατζής;F;47;Τρίκαλα;Θεσσαλία;2025-09-03;Bronze
201623;Θανάσης;Σταματίου;M;43;Αθήνα;Αττική;2024-02-20;Silver
201624;Μαρία;Νικολάου;F;47;Βόλος;Θεσσαλία;2025-05-19;Platinum
201625;Σοφία;Κωνσταντίνου;F;58;Ρόδος;Νότιο Αιγαίο;2024-05-20;Bronze
201626;Αγγελική;Πετρόπουλος;F;36;Τρίκαλα;Θεσσαλία;2024-10-19;Gold
201627;Βασίλης;Δημητρίου;M;25;Χανιά;Κρήτη;2024-01-17;Silver
201628;Βασίλης;Πετρόπουλος;M;42;Βόλος;Θεσσαλία;2025-10-06;Bronze
201629;Παναγιώτης;Αναστασίου;M;66;Βόλος;Θεσσαλία;2025-02-11;Platinum
201630;Κώστας;Πετρόπουλος;M;68;Σέρρες;Κεντρική Μακεδονία;2025-01-14;Bronze
201631;Γεωργία;Καραγιάννης;F;21;Βόλος;Θεσσαλία;2025-12-17;Bronze
201632;Δημήτρης;Καρράς;M;24;Ιωάννινα;Ήπειρος;2024-05-22;Bronze
201633;Μαρία;Σπυρόπουλος;F;18;Λάρισα;Θεσσαλία;2025-04-04;Gold
201634;Χρήστος;Μιχαηλίδης;M;19;Πάτρα;Δυτική Ελλάδα;2024-07-20;Bronze
201635;Ανδρέας;Ζαχαρίου;M;41;Αθήνα;Αττική;2024-03-13;Bronze
201636;Γιώργος;Δημητρίου;M;46;Ηράκλειο;Κρήτη;2025-11-26;Silver
201637;Χρήστος;Καραγιάννης;M;69;Θεσσαλονίκη;Κεντρική Μακεδονία;2024-11-19;Bronze
201638;Αγγελική;Σπυρόπουλος;F;54;Αθήνα;Αττική;2025-01-17;Bronze
201639;Σοφία;Δημητρίου;F;31;Ηράκλειο;Κρήτη;2025-08-27;Bronze
201640;Γεωργία;Κωνσταντίνου;F;21;Τρίκαλα;Θεσσαλία;2025-01-19;Platinum
201641;Άννα;Γεωργίου;F;61;Βόλος;Θεσσαλία;2025-12-12;Platinum
201642;Γεωργία;Οικονόμου;F;38;Τρίκαλα;Θεσσαλία;2025-04-16;Bronze
201643;Βασίλης;Χατζής;M;52;Ιωάννινα;Ήπειρος;2025-03-21;Platinum
201644;Χριστίνα;Χατζής;F;31;Ιωάννινα;Ήπειρος;2024-12-04;Bronze
201645;Βασίλης;Βλάχος;M;30;Βόλος;Θεσσαλία;2025-12-31;Silver
201646;Αγγελική;Σπυρόπουλος;F;43;Χανιά;Κρήτη;2024-01-08;Bronze
201647;Μαρία;Σταματίου;F;33;Τρίκαλα;Θεσσαλία;2025-12-11;Silver
201648;Ελένη;Λαμπρόπουλος;F;34;Ηράκλειο;Κρήτη;2024-01-07;Gold
201649;Θανάσης;Σταματίου;M;28;Αθήνα;Αττική;2025-09-09;Bronze
201650;Άννα;Αλεξίου;F;30;Πάτρα;Δυτική Ελλάδα;2025-12-07;Silver
201651;Άννα;Νικολάου;F;31;Ρόδος;Νότιο Αιγαίο;2025-02-18;Bronze
201652;Κώστας;Λαμπρόπουλος;M;26;Βόλος;Θεσσαλία;2024-09-02;Gold
201653;Ιωάννα;Μιχαηλίδης;F;57;Ρόδος;Νότιο Αιγαίο;2025-10-30;Bronze
201654;Μιχάλης;Καραγιάννης;M;33;Ρόδος;Νότιο Αιγαίο;2025-12-27;Bronze
201655;Κατερίνα;Οικονόμου;F;26;Ηράκλειο;Κρήτη;2025-12-03;Bronze
201656;Παναγιώτης;Παπαδόπουλος;M;22;Ιωάννινα;Ήπειρος;2025-09-23;Bronze
201657;Βασίλης;Κωνσταντίνου;M;36;Πάτρα;Δυτική Ελλάδα;2024-08-05;Platinum
201658;Ελένη;Πετρόπουλος;F;55;Χανιά;Κρήτη;2024-06-01;Gold
201659;Μιχάλης;Παπανικολάου;M;70;Βόλος;Θεσσαλία;2024-03-27;Bronze
201660;Δήμητρα;Νικολάου;F;42;Αθήνα;Αττική;2025-03-29;Bronze
201661;Δημήτρης;Λαμπρόπουλος;M;32;Θεσσαλονίκη;Κεντρική Μακεδονία;2024-01-31;Bronze
201662;Σοφία;Βλάχος;F;31;Σέρρες;Κεντρική Μακεδονία;2024-06-07;Bronze
201663;Κατερίνα;Νικολάου;F;49;Καβάλα;Ανατολική Μακεδονία & Θράκη;2025-04-23;Silver
201664;Νίκος;Καρράς;M;64;Χανιά;Κρήτη;2025-12-17;Platinum
201665;Χριστίνα;Αναστασίου;F;64;Καβάλα;Ανατολική Μακεδονία & Θράκη;2024-01-29;Gold
201666;Μαρία;Αλεξίου;F;53;Βόλος;Θεσσαλία;2024-02-23;Bronze
201667;Ανδρέας;Πετρόπουλος;M;38;Πάτρα;Δυτική Ελλάδα;2025-09-30;Silver
201668;Κατερίνα;Αναστασίου;F;23;Τρίκαλα;Θεσσαλία;2024-02-08;Silver
201669;Μαρία;Νικολάου;F;49;Λάρισα;Θεσσαλία;2024-01-19;Silver
201670;Ιωάννα;Ιωαννίδης;F;50;Πάτρα;Δυτική Ελλάδα;2025-03-14;Silver
201671;Ανδρέας;Χατζής;M;18;Ιωάννινα;Ήπειρος;2024-06-12;Bronze
201672;Δημήτρης;Μιχαηλίδης;M;30;Χανιά;Κρήτη;2025-11-09;Platinum
201673;Σοφία;Καρράς;F;64;Θεσσαλονίκη;Κεντρική Μακεδονία;2024-10-16;Silver
201674;Δήμητρα;Πετρόπουλος;F;49;Σέρρες;Κεντρική Μακεδονία;2025-08-23;Bronze
201675;Θανάσης;Χατζής;M;61;Καβάλα;Ανατολική Μακεδονία & Θράκη;2025-08-11;Gold
201676;Γεωργία;Δημητρίου;F;34;Ρόδος;Νότιο Αιγαίο;2025-12-24;Silver
201677;Θανάσης;Πετρόπουλος;M;38;Βόλος;Θεσσαλία;2024-01-15;Gold
201678;Κώστας;Καρράς;M;67;Ιωάννινα;Ήπειρος;2024-10-30;Bronze
201679;Δημήτρης;Χατζής;M;34;Ιωάννινα;Ήπειρος;2024-04-13;Bronze
201680;Βασίλης;Χατζής;M;63;Χανιά;Κρήτη;2025-10-28;Bronze
201681;Ανδρέας;Πετρόπουλος;M;36;Χανιά;Κρήτη;2024-12-13;Bronze
201682;Γιώργος;Δημητρίου;M;29;Σέρρες;Κεντρική Μακεδονία;2025-04-06;Bronze
201683;Κώστας;Αλεξίου;M;70;Ρόδος;Νότιο Αιγαίο;2025-06-27;Silver
201684;Ιωάννα;Αναστασίου;F;29;Σέρρες;Κεντρική Μακεδονία;2024-06-14;Bronze
201685;Αγγελική;Καραγιάννης;F;22;Χανιά;Κρήτη;2025-05-28;Silver
201686;Δημήτρης;Σπυρόπουλος;M;51;Σέρρες;Κεντρική Μακεδονία;2025-07-13;Silver
201687;Ανδρέας;Λαμπρόπουλος;M;72;Λάρισα;Θεσσαλία;2024-03-10;Bronze
201688;Χρήστος;Δημητρίου;M;64;Ηράκλειο;Κρήτη;2025-12-15;Silver
201689;Χριστίνα;Αναστασίου;F;47;Τρίκαλα;Θεσσαλία;2025-08-11;Silver
201690;Χριστίνα;Παπαδόπουλος;F;66;Σέρρες;Κεντρική Μακεδονία;2024-11-28;Silver
201691;Γεωργία;Κωνσταντίνου;F;54;Ιωάννινα;Ήπειρος;2024-07-16;Gold
201692;Γιώργος;Πετρόπουλος;M;72;Καβάλα;Ανατολική Μακεδονία & Θράκη;2024-06-06;Bronze
201693;Γιώργος;Λαμπρόπουλος;M;21;Ρόδος;Νότιο Αιγαίο;2024-05-24;Bronze
201694;Χριστίνα;Νικολάου;F;18;Θεσσαλονίκη;Κεντρική Μακεδονία;2025-03-04;Bronze
201695;Ιωάννα;Ζαχαρίου;F;44;Λάρισα;Θεσσαλία;2024-12-04;Silver
201696;Δήμητρα;Παπανικολάου;F;66;Βόλος;Θεσσαλία;2025-05-20;Bronze
201697;Παναγιώτης;Καραγιάννης;M;45;Λάρισα;Θεσσαλία;2024-01-06;Bronze
201698;Αγγελική;Σπυρόπουλος;F;39;Χανιά;Κρήτη;2025-02-28;Gold
201699;Παναγιώτης;Οικονόμου;M;40;Θεσσαλονίκη;Κεντρική Μακεδονία;2025-02-28;Bronze
201700;Δήμητρα;Γεωργίου;F;27;Πάτρα;Δυτική Ελλάδα;2024-09-19;Gold
201701;Ελένη;Ζαχαρίου;F;55;Ρόδος;Νότιο Αιγαίο;2025-04-28;Platinum
201702;Κώστας;Αλεξίου;M;30;Χανιά;Κρήτη;2025-02-20;Gold
201703;Μαρία;Ζαχαρίου;F;67;Ηράκλειο;Κρήτη;2024-11-21;Gold
201704;Νίκος;Σπυρόπουλος;M;19;Ηράκλειο;Κρήτη;2025-02-22;Bronze
201705;Σοφία;Νικολάου;F;31;Χανιά;Κρήτη;2025-10-20;Bronze
201706;Γιώργος;Παπανικολάου;M;64;Αθήνα;Αττική;2025-07-07;Silver
201707;Γιώργος;Πετρόπουλος;M;67;Λάρισα;Θεσσαλία;2024-03-11;Bronze
201708;Θανάσης;Καρράς;M;58;Θεσσαλονίκη;Κεντρική Μακεδονία;2025-09-13;Silver
201709;Γεωργία;Καραγιάννης;F;26;Λάρισα;Θεσσαλία;2024-12-10;Platinum
201710;Ελένη;Αλεξίου;F;41;Ιωάννινα;Ήπειρος;2025-09-16;Bronze
201711;Παναγιώτης;Παπανικολάου;M;20;Καβάλα;Ανατολική Μακεδονία & Θράκη;2024-07-28;Bronze
201712;Ιωάννα;Αναστασίου;F;50;Αθήνα;Αττική;2025-08-09;Bronze
201713;Θανάσης;Κωνσταντίνου;M;61;Αθήνα;Αττική;2024-12-10;Silver
201714;Κώστας;Καρράς;M;18;Πάτρα;Δυτική Ελλάδα;2025-09-23;Bronze
201715;Γιώργος;Βλάχος;M;23;Βόλος;Θεσσαλία;2025-06-27;Silver
201716;Ανδρέας;Ζαχαρίου;M;35;Ρόδος;Νότιο Αιγαίο;2024-01-18;Silver
201717;Κατερίνα;Οικονόμου;F;32;Θεσσαλονίκη;Κεντρική Μακεδονία;2025-07-31;Silver
201718;Ιωάννα;Αναστασίου;F;52;Ιωάννινα;Ήπειρος;2025-04-16;Bronze
201719;Ελένη;Αναστασίου;F;22;Χανιά;Κρήτη;2025-03-11;Silver
201720;Δημήτρης;Παπαδόπουλος;M;50;Χανιά;Κρήτη;2024-05-12;Gold
201721;Αγγελική;Μιχαηλίδης;F;62;Χανιά;Κρήτη;2024-10-10;Bronze
201722;Κατερίνα;Βλάχος;F;59;Ηράκλειο;Κρήτη;2024-06-21;Platinum
201723;Μαρία;Ιωαννίδης;F;64;Χανιά;Κρήτη;2025-01-20;Silver
201724;Κατερίνα;Σπυρόπουλος;F;44;Καβάλα;Ανατολική Μακεδονία & Θράκη;2024-10-26;Gold
201725;Νίκος;Σπυρόπουλος;M;30;Τρίκαλα;Θεσσαλία;2024-01-03;Bronze
201726;Θανάσης;Αλεξίου;M;60;Σέρρες;Κεντρική Μακεδονία;2025-11-28;Bronze
201727;Βασίλης;Δημητρίου;M;47;Χανιά;Κρήτη;2025-05-27;Bronze
201728;Χρήστος;Ιωαννίδης;M;70;Βόλος;Θεσσαλία;2025-07-30;Bronze
201729;Χρήστος;Νικολάου;M;33;Πάτρα;Δυτική Ελλάδα;2025-04-16;Silver
201730;Μιχάλης;Γεωργίου;M;46;Ρόδος;Νότιο Αιγαίο;2025-05-29;Platinum
201731;Κώστας;Σταματίου;M;32;Καβάλα;Ανατολική Μακεδονία & Θράκη;2025-11-26;Gold
201732;Γιώργος;Καρράς;M;38;Λάρισα;Θεσσαλία;2025-07-09;Silver
201733;Μαρία;Λαμπρόπουλος;F;35;Καβάλα;Ανατολική Μακεδονία & Θράκη;2025-04-02;Silver
201734;Ελένη;Σπυρόπουλος;F;44;Καβάλα;Ανατολική Μακεδονία & Θράκη;2024-11-17;Bronze
201735;Βασίλης;Λαμπρόπουλος;M;57;Σέρρες;Κεντρική Μακεδονία;2024-02-10;Gold
201736;Μιχάλης;Ζαχαρίου;M;22;Βόλος;Θεσσαλία;2025-08-20;Bronze
201737;Γεωργία;Οικονόμου;F;53;Ρόδος;Νότιο Αιγαίο;2024-11-05;Bronze
201738;Κατερίνα;Μιχαηλίδης;F;70;Χανιά;Κρήτη;2024-08-03;Silver
201739;Χριστίνα;Αλεξίου;F;51;Αθήνα;Αττική;2024-06-08;Platinum
201740;Χριστίνα;Δημητρίου;F;27;Ηράκλειο;Κρήτη;2025-08-30;Bronze
201741;Κώστας;Γεωργίου;M;58;Σέρρες;Κεντρική Μακεδονία;2025-09-09;Bronze
201742;Ελένη;Λαμπρόπουλος;F;69;Χανιά;Κρήτη;2024-04-12;Bronze
201743;Ελένη;Ζαχαρίου;F;67;Πάτρα;Δυτική Ελλάδα;2024-01-28;Silver
201744;Μαρία;Μιχαηλίδης;F;42;Τρίκαλα;Θεσσαλία;2025-09-02;Bronze
201745;Γιώργος;Σπυρόπουλος;M;55;Πάτρα;Δυτική Ελλάδα;2024-08-12;Silver
201746;Θανάσης;Λαμπρόπουλος;M;27;Ιωάννινα;Ήπειρος;2025-07-20;Silver
201747;Δημήτρης;Κωνσταντίνου;M;63;Χανιά;Κρήτη;2025-11-09;Gold
201748;Σοφία;Πετρόπουλος;F;47;Αθήνα;Αττική;2024-09-05;Silver
201749;Χρήστος;Καραγιάννης;M;38;Καβάλα;Ανατολική Μακεδονία & Θράκη;2025-06-07;Silver
201750;Δημήτρης;Παπανικολάου;M;40;Τρίκαλα;Θεσσαλία;2025-04-01;Bronze
201751;Ιωάννα;Βλάχος;F;65;Θεσσαλονίκη;Κεντρική Μακεδονία;2024-06-23;Gold
201752;Νίκος;Παπανικολάου;M;39;Βόλος;Θεσσαλία;2025-10-09;Bronze
201753;Ιωάννα;Οικονόμου;F;40;Πάτρα;Δυτική Ελλάδα;2025-10-21;Bronze
201754;Γεωργία;Πετρόπουλος;F;61;Τρίκαλα;Θεσσαλία;2024-08-15;Silver
201755;Σοφία;Οικονόμου;F;37;Βόλος;Θεσσαλία;2025-06-05;Silver
201756;Νίκος;Αναστασίου;M;22;Λάρισα;Θεσσαλία;2025-05-09;Platinum
201757;Κώστας;Βλάχος;M;59;Βόλος;Θεσσαλία;2024-02-20;Bronze
201758;Ελένη;Παπανικολάου;F;58;Ιωάννινα;Ήπειρος;2025-06-30;Silver
201759;Θανάσης;Σπυρόπουλος;M;46;Ρόδος;Νότιο Αιγαίο;2025-04-02;Silver
201760;Δημήτρης;Αναστασίου;M;69;Σέρρες;Κεντρική Μακεδονία;2024-09-30;Bronze
201761;Σοφία;Καρράς;F;48;Ρόδος;Νότιο Αιγαίο;2024-10-27;Bronze
201762;Χρήστος;Καρράς;M;37;Αθήνα;Αττική;2024-03-08;Bronze
201763;Θανάσης;Παπανικολάου;M;48;Ηράκλειο;Κρήτη;2025-05-25;Silver
201764;Νίκος;Ιωαννίδης;M;55;Καβάλα;Ανατολική Μακεδονία & Θράκη;2025-01-09;Silver
201765;Θανάσης;Νικολάου;M;60;Καβάλα;Ανατολική Μακεδονία & Θράκη;2024-08-27;Bronze
201766;Αγγελική;Αλεξίου;F;63;Αθήνα;Αττική;2024-05-19;Silver
201767;Ανδρέας;Λαμπρόπουλος;M;41;Τρίκαλα;Θεσσαλία;2025-11-08;Bronze
201768;Δημήτρης;Βλάχος;M;29;Λάρισα;Θεσσαλία;2024-04-02;Bronze
201769;Ελένη;Λαμπρόπουλος;F;40;Σέρρες;Κεντρική Μακεδονία;2024-09-17;Silver
201770;Χριστίνα;Παπαδόπουλος;F;47;Ηράκλειο;Κρήτη;2024-11-03;Bronze
201771;Ιωάννα;Κωνσταντίνου;F;42;Πάτρα;Δυτική Ελλάδα;2024-05-05;Bronze
201772;Αγγελική;Αναστασίου;F;59;Θεσσαλονίκη;Κεντρική Μακεδονία;2025-10-04;Silver
201773;Χρήστος;Δημητρίου;M;46;Αθήνα;Αττική;2024-12-10;Bronze
201774;Κώστας;Δημητρίου;M;50;Σέρρες;Κεντρική Μακεδονία;2024-04-06;Bronze
201775;Παναγιώτης;Γεωργίου;M;32;Λάρισα;Θεσσαλία;2024-10-07;Silver
201776;Μαρία;Χατζής;F;34;Χανιά;Κρήτη;2024-07-27;Silver
201777;Σοφία;Παπαδόπουλος;F;65;Πάτρα;Δυτική Ελλάδα;2025-08-28;Gold
201778;Βασίλης;Μιχαηλίδης;M;36;Σέρρες;Κεντρική Μακεδονία;2025-10-14;Platinum
201779;Γιώργος;Νικολάου;M;45;Σέρρες;Κεντρική Μακεδονία;2024-12-22;Platinum
201780;Θανάσης;Χατζής;M;42;Τρίκαλα;Θεσσαλία;2024-07-10;Bronze
201781;Χρήστος;Μιχαηλίδης;M;46;Καβάλα;Ανατολική Μακεδονία & Θράκη;2024-05-06;Silver
201782;Χριστίνα;Καρράς;F;45;Θεσσαλονίκη;Κεντρική Μακεδονία;2024-01-02;Bronze
201783;Χριστίνα;Βλάχος;F;35;Πάτρα;Δυτική Ελλάδα;2024-02-02;Bronze
201784;Κώστας;Βλάχος;M;35;Ρόδος;Νότιο Αιγαίο;2025-08-25;Silver
201785;Δημήτρης;Σπυρόπουλος;M;45;Χανιά;Κρήτη;2024-08-14;Gold
201786;Δήμητρα;Πετρόπουλος;F;65;Αθήνα;Αττική;2024-04-06;Silver
201787;Γεωργία;Δημητρίου;F;38;Πάτρα;Δυτική Ελλάδα;2025-10-12;Bronze
201788;Ελένη;Κωνσταντίνου;F;36;Αθήνα;Αττική;2025-09-23;Bronze
201789;Ανδρέας;Δημητρίου;M;47;Λάρισα;Θεσσαλία;2025-02-08;Gold
201790;Σοφία;Νικολάου;F;69;Ιωάννινα;Ήπειρος;2024-02-23;Bronze
201791;Άννα;Καραγιάννης;F;66;Πάτρα;Δυτική Ελλάδα;2025-01-23;Bronze
201792;Χριστίνα;Πετρόπουλος;F;58;Βόλος;Θεσσαλία;2024-12-30;Silver
201793;Κώστας;Καραγιάννης;M;61;Καβάλα;Ανατολική Μακεδονία & Θράκη;2025-01-19;Gold
201794;Ελένη;Αναστασίου;F;56;Αθήνα;Αττική;2024-01-27;Bronze
201795;Μαρία;Σταματίου;F;65;Βόλος;Θεσσαλία;2024-12-17;Bronze
201796;Παναγιώτης;Αναστασίου;M;61;Λάρισα;Θεσσαλία;2025-07-16;Bronze
201797;Κώστας;Λαμπρόπουλος;M;52;Ηράκλειο;Κρήτη;2025-08-09;Bronze
201798;Άννα;Βλάχος;F;22;Λάρισα;Θεσσαλία;2025-01-04;Bronze
201799;Ανδρέας;Καραγιάννης;M;36;Ρόδος;Νότιο Αιγαίο;2024-07-21;Bronze
201800;Νίκος;Κωνσταντίνου;M;62;Ρόδος;Νότιο Αιγαίο;2025-04-13;Silver
201801;Γεωργία;Παπανικολάου;F;31;Θεσσαλονίκη;Κεντρική Μακεδονία;2024-05-17;Gold
201802;Παναγιώτης;Παπαδόπουλος;M;55;Βόλος;Θεσσαλία;2024-10-19;Bronze
201803;Χριστίνα;Καρράς;F;24;Χανιά;Κρήτη;2024-07-17;Bronze
201804;Αγγελική;Οικονόμου;F;21;Θεσσαλονίκη;Κεντρική Μακεδονία;2025-12-14;Silver
201805;Νίκος;Αναστασίου;M;31;Ρόδος;Νότιο Αιγαίο;2024-03-27;Bronze
201806;Παναγιώτης;Βλάχος;M;45;Καβάλα;Ανατολική Μακεδονία & Θράκη;2025-07-01;Bronze
201807;Γιώργος;Καραγιάννης;M;69;Χανιά;Κρήτη;2024-03-20;Silver
201808;Γιώργος;Πετρόπουλος;M;60;Ιωάννινα;Ήπειρος;2025-10-08;Silver
201809;Σοφία;Νικολάου;F;39;Καβάλα;Ανατολική Μακεδονία & Θράκη;2024-02-24;Bronze
201810;Κώστας;Καρράς;M;70;Ρόδος;Νότιο Αιγαίο;2025-11-03;Bronze
201811;Ανδρέας;Κωνσταντίνου;M;29;Τρίκαλα;Θεσσαλία;2024-07-19;Bronze
201812;Γιώργος;Σταματίου;M;30;Αθήνα;Αττική;2024-07-08;Platinum
201813;Δήμητρα;Παπανικολάου;F;62;Αθήνα;Αττική;2025-11-22;Bronze
201814;Κώστας;Αναστασίου;M;65;Θεσσαλονίκη;Κεντρική Μακεδονία;2024-04-08;Bronze
201815;Γιώργος;Μιχαηλίδης;M;44;Καβάλα;Ανατολική Μακεδονία & Θράκη;2024-02-07;Bronze
201816;Παναγιώτης;Παπανικολάου;M;65;Ρόδος;Νότιο Αιγαίο;2025-08-02;Bronze
201817;Χρήστος;Καρράς;M;33;Ηράκλειο;Κρήτη;2025-06-15;Bronze
201818;Κώστας;Κωνσταντίνου;M;20;Αθήνα;Αττική;2024-11-23;Bronze
201819;Κώστας;Σταματίου;M;21;Βόλος;Θεσσαλία;2025-01-21;Bronze
201820;Νίκος;Πετρόπουλος;M;66;Αθήνα;Αττική;2024-03-18;Bronze
201821;Παναγιώτης;Λαμπρόπουλος;M;37;Ηράκλειο;Κρήτη;2024-08-16;Silver
201822;Δημήτρης;Σταματίου;M;41;Πάτρα;Δυτική Ελλάδα;2025-06-13;Bronze
201823;Δημήτρης;Σταματίου;M;33;Τρίκαλα;Θεσσαλία;2025-09-04;Bronze
201824;Σοφία;Παπανικολάου;F;26;Ηράκλειο;Κρήτη;2024-11-07;Bronze
201825;Σοφία;Αναστασίου;F;57;Καβάλα;Ανατολική Μακεδονία & Θράκη;2025-03-14;Gold
201826;Παναγιώτης;Χατζής;M;50;Ιωάννινα;Ήπειρος;2025-03-15;Bronze
201827;Γιώργος;Χατζής;M;40;Ηράκλειο;Κρήτη;2025-03-23;Gold
201828;Άννα;Κωνσταντίνου;F;60;Ρόδος;Νότιο Αιγαίο;2025-07-17;Silver
201829;Κατερίνα;Πετρόπουλος;F;48;Ηράκλειο;Κρήτη;2024-12-30;Bronze
201830;Ανδρέας;Σταματίου;M;42;Ιωάννινα;Ήπειρος;2025-01-14;Gold
201831;Παναγιώτης;Καραγιάννης;M;66;Ιωάννινα;Ήπειρος;2024-06-10;Bronze
201832;Βασίλης;Οικονόμου;M;57;Ιωάννινα;Ήπειρος;2025-03-02;Bronze
201833;Ιωάννα;Ιωαννίδης;F;32;Ηράκλειο;Κρήτη;2025-02-18;Gold
201834;Κατερίνα;Αναστασίου;F;46;Λάρισα;Θεσσαλία;2025-02-07;Bronze
201835;Άννα;Παπανικολάου;F;31;Χανιά;Κρήτη;2025-08-17;Silver
201836;Κατερίνα;Χατζής;F;53;Βόλος;Θεσσαλία;2024-09-12;Bronze
201837;Χρήστος;Καραγιάννης;M;55;Πάτρα;Δυτική Ελλάδα;2024-10-31;Bronze
201838;Ελένη;Σταματίου;F;59;Καβάλα;Ανατολική Μακεδονία & Θράκη;2025-10-22;Silver
201839;Άννα;Λαμπρόπουλος;F;32;Βόλος;Θεσσαλία;2024-10-04;Bronze
201840;Χριστίνα;Λαμπρόπουλος;F;39;Χανιά;Κρήτη;2025-03-15;Bronze
201841;Χρήστος;Γεωργίου;M;43;Τρίκαλα;Θεσσαλία;2025-07-05;Bronze
201842;Γεωργία;Βλάχος;F;57;Ρόδος;Νότιο Αιγαίο;2025-07-13;Gold
201843;Χρήστος;Γεωργίου;M;40;Ηράκλειο;Κρήτη;2025-11-20;Platinum
201844;Νίκος;Μιχαηλίδης;M;68;Χανιά;Κρήτη;2025-11-02;Bronze
201845;Ελένη;Παπαδόπουλος;F;33;Αθήνα;Αττική;2025-05-24;Gold
201846;Κατερίνα;Μιχαηλίδης;F;21;Καβάλα;Ανατολική Μακεδονία & Θράκη;2025-12-08;Bronze
201847;Νίκος;Κωνσταντίνου;M;52;Ρόδος;Νότιο Αιγαίο;2025-03-09;Gold
201848;Βασίλης;Νικολάου;M;42;Τρίκαλα;Θεσσαλία;2024-10-08;Silver
201849;Κώστας;Γεωργίου;M;36;Ιωάννινα;Ήπειρος;2024-07-20;Silver
201850;Ιωάννα;Μιχαηλίδης;F;29;Βόλος;Θεσσαλία;2025-10-19;Bronze
201851;Θανάσης;Σταματίου;M;42;Τρίκαλα;Θεσσαλία;2024-10-30;Bronze
201852;Άννα;Αλεξίου;F;56;Θεσσαλονίκη;Κεντρική Μακεδονία;2025-04-16;Bronze
201853;Μαρία;Αλεξίου;F;43;Ρόδος;Νότιο Αιγαίο;2024-09-25;Silver
201854;Νίκος;Σταματίου;M;59;Ιωάννινα;Ήπειρος;2025-12-20;Gold
201855;Γεωργία;Σπυρόπουλος;F;23;Ρόδος;Νότιο Αιγαίο;2025-02-23;Silver
201856;Χρήστος;Λαμπρόπουλος;M;32;Ηράκλειο;Κρήτη;2024-12-02;Bronze
201857;Γιώργος;Γεωργίου;M;42;Θεσσαλονίκη;Κεντρική Μακεδονία;2024-06-22;Bronze
201858;Νίκος;Μιχαηλίδης;M;67;Τρίκαλα;Θεσσαλία;2024-09-09;Silver
201859;Γεωργία;Οικονόμου;F;66;Θεσσαλονίκη;Κεντρική Μακεδονία;2024-07-18;Bronze
201860;Σοφία;Αλεξίου;F;48;Σέρρες;Κεντρική Μακεδονία;2025-03-05;Gold
201861;Παναγιώτης;Λαμπρόπουλος;M;68;Θεσσαλονίκη;Κεντρική Μακεδονία;2024-10-15;Bronze
201862;Ελένη;Οικονόμου;F;22;Ιωάννινα;Ήπειρος;2025-05-20;Silver
201863;Νίκος;Κωνσταντίνου;M;52;Θεσσαλονίκη;Κεντρική Μακεδονία;2024-04-16;Bronze
201864;Γεωργία;Χατζής;F;60;Σέρρες;Κεντρική Μακεδονία;2024-03-26;Gold
201865;Παναγιώτης;Σταματίου;M;20;Πάτρα;Δυτική Ελλάδα;2025-06-26;Silver
201866;Χριστίνα;Γεωργίου;F;43;Χανιά;Κρήτη;2024-02-03;Silver
201867;Θανάσης;Πετρόπουλος;M;20;Ηράκλειο;Κρήτη;2024-10-25;Bronze
201868;Παναγιώτης;Ζαχαρίου;M;65;Βόλος;Θεσσαλία;2024-11-05;Silver
201869;Γιώργος;Αλεξίου;M;38;Ηράκλειο;Κρήτη;2024-03-17;Bronze
201870;Γεωργία;Γεωργίου;F;49;Ρόδος;Νότιο Αιγαίο;2024-04-12;Bronze
201871;Μαρία;Δημητρίου;F;38;Καβάλα;Ανατολική Μακεδονία & Θράκη;2024-04-11;Gold
201872;Μιχάλης;Γεωργίου;M;31;Πάτρα;Δυτική Ελλάδα;2025-12-23;Bronze
201873;Μαρία;Νικολάου;F;37;Καβάλα;Ανατολική Μακεδονία & Θράκη;2025-11-16;Gold
201874;Βασίλης;Λαμπρόπουλος;M;69;Σέρρες;Κεντρική Μακεδονία;2024-03-31;Bronze
201875;Κώστας;Λαμπρόπουλος;M;47;Σέρρες;Κεντρική Μακεδονία;2024-11-02;Bronze
201876;Ελένη;Πετρόπουλος;F;31;Ιωάννινα;Ήπειρος;2025-05-02;Gold
201877;Ιωάννα;Μιχαηλίδης;F;36;Ιωάννινα;Ήπειρος;2024-07-11;Silver
201878;Βασίλης;Δημητρίου;M;20;Σέρρες;Κεντρική Μακεδονία;2025-05-26;Bronze
201879;Χρήστος;Γεωργίου;M;68;Ρόδος;Νότιο Αιγαίο;2024-10-20;Bronze
201880;Νίκος;Ιωαννίδης;M;36;Αθήνα;Αττική;2024-03-18;Silver
201881;Ανδρέας;Αλεξίου;M;39;Αθήνα;Αττική;2025-02-24;Silver
201882;Κατερίνα;Μιχαηλίδης;F;22;Ιωάννινα;Ήπειρος;2025-07-15;Bronze
201883;Δήμητρα;Σταματίου;F;38;Πάτρα;Δυτική Ελλάδα;2025-11-02;Silver
201884;Ελένη;Παπαδόπουλος;F;26;Σέρρες;Κεντρική Μακεδονία;2025-01-07;Bronze
201885;Μιχάλης;Χατζής;M;52;Ρόδος;Νότιο Αιγαίο;2025-12-22;Silver
201886;Χριστίνα;Μιχαηλίδης;F;56;Λάρισα;Θεσσαλία;2025-06-02;Silver
201887;Γιώργος;Παπαδόπουλος;M;41;Θεσσαλονίκη;Κεντρική Μακεδονία;2025-08-28;Platinum
201888;Χριστίνα;Σπυρόπουλος;F;40;Σέρρες;Κεντρική Μακεδονία;2025-02-15;Bronze
201889;Αγγελική;Αναστασίου;F;27;Πάτρα;Δυτική Ελλάδα;2025-04-04;Silver
201890;Μιχάλης;Νικολάου;M;42;Ιωάννινα;Ήπειρος;2024-05-16;Gold
201891;Χριστίνα;Ιωαννίδης;F;19;Λάρισα;Θεσσαλία;2025-01-26;Gold
201892;Μαρία;Οικονόμου;F;23;Λάρισα;Θεσσαλία;2025-10-31;Gold
201893;Δημήτρης;Παπαδόπουλος;M;70;Ιωάννινα;Ήπειρος;2025-06-05;Silver
201894;Κατερίνα;Κωνσταντίνου;F;20;Τρίκαλα;Θεσσαλία;2025-06-08;Bronze
201895;Γιώργος;Παπαδόπουλος;M;58;Ιωάννινα;Ήπειρος;2025-02-22;Silver
201896;Παναγιώτης;Γεωργίου;M;49;Πάτρα;Δυτική Ελλάδα;2025-07-03;Bronze
201897;Χριστίνα;Σταματίου;F;30;Χανιά;Κρήτη;2024-04-23;Bronze
201898;Κώστας;Βλάχος;M;27;Χανιά;Κρήτη;2024-05-31;Bronze
201899;Παναγιώτης;Παπαδόπουλος;M;52;Λάρισα;Θεσσαλία;2025-04-27;Bronze
201900;Βασίλης;Αλεξίου;M;40;Ρόδος;Νότιο Αιγαίο;2025-08-28;Silver
201901;Γιώργος;Κωνσταντίνου;M;23;Αθήνα;Αττική;2025-07-21;Bronze
201902;Δημήτρης;Ιωαννίδης;M;68;Θεσσαλονίκη;Κεντρική Μακεδονία;2025-12-22;Bronze
201903;Ανδρέας;Παπαδόπουλος;M;70;Βόλος;Θεσσαλία;2024-07-17;Bronze
201904;Κατερίνα;Σταματίου;F;67;Σέρρες;Κεντρική Μακεδονία;2025-06-27;Silver
201905;Χρήστος;Αναστασίου;M;25;Σέρρες;Κεντρική Μακεδονία;2025-12-18;Platinum
201906;Ιωάννα;Λαμπρόπουλος;F;20;Ρόδος;Νότιο Αιγαίο;2025-04-20;Silver
201907;Κώστας;Λαμπρόπουλος;M;19;Θεσσαλονίκη;Κεντρική Μακεδονία;2024-01-25;Gold
201908;Θανάσης;Αναστασίου;M;63;Βόλος;Θεσσαλία;2024-09-05;Bronze
201909;Κατερίνα;Ζαχαρίου;F;66;Θεσσαλονίκη;Κεντρική Μακεδονία;2025-11-02;Bronze
201910;Αγγελική;Καρράς;F;69;Καβάλα;Ανατολική Μακεδονία & Θράκη;2024-10-21;Silver
201911;Βασίλης;Οικονόμου;M;29;Θεσσαλονίκη;Κεντρική Μακεδονία;2025-10-18;Silver
201912;Γιώργος;Μιχαηλίδης;M;32;Βόλος;Θεσσαλία;2025-05-24;Platinum
201913;Δημήτρης;Σπυρόπουλος;M;53;Ρόδος;Νότιο Αιγαίο;2024-04-28;Silver
201914;Δημήτρης;Πετρόπουλος;M;64;Τρίκαλα;Θεσσαλία;2025-03-31;Bronze
201915;Χρήστος;Πετρόπουλος;M;54;Αθήνα;Αττική;2024-11-22;Gold
201916;Δήμητρα;Καραγιάννης;F;68;Βόλος;Θεσσαλία;2025-08-29;Silver
201917;Βασίλης;Κωνσταντίνου;M;29;Ρόδος;Νότιο Αιγαίο;2024-01-01;Gold
201918;Γεωργία;Οικονόμου;F;62;Λάρισα;Θεσσαλία;2025-01-02;Gold
201919;Μαρία;Μιχαηλίδης;F;22;Τρίκαλα;Θεσσαλία;2024-02-19;Bronze
201920;Ιωάννα;Βλάχος;F;32;Καβάλα;Ανατολική Μακεδονία & Θράκη;2024-10-06;Bronze
201921;Νίκος;Μιχαηλίδης;M;38;Πάτρα;Δυτική Ελλάδα;2025-03-30;Bronze
201922;Χρήστος;Λαμπρόπουλος;M;22;Λάρισα;Θεσσαλία;2025-08-24;Gold
201923;Κώστας;Ιωαννίδης;M;32;Σέρρες;Κεντρική Μακεδονία;2024-01-21;Silver
201924;Μιχάλης;Μιχαηλίδης;M;57;Ρόδος;Νότιο Αιγαίο;2024-06-13;Silver
201925;Σοφία;Κωνσταντίνου;F;37;Καβάλα;Ανατολική Μακεδονία & Θράκη;2025-05-25;Gold
201926;Ανδρέας;Παπαδόπουλος;M;52;Λάρισα;Θεσσαλία;2025-11-22;Bronze
201927;Παναγιώτης;Σταματίου;M;31;Λάρισα;Θεσσαλία;2025-06-08;Bronze
201928;Παναγιώτης;Δημητρίου;M;47;Τρίκαλα;Θεσσαλία;2024-05-09;Bronze
201929;Δήμητρα;Βλάχος;F;43;Ρόδος;Νότιο Αιγαίο;2024-04-20;Bronze
201930;Δήμητρα;Σπυρόπουλος;F;36;Ρόδος;Νότιο Αιγαίο;2024-01-30;Bronze
201931;Γεωργία;Μιχαηλίδης;F;18;Πάτρα;Δυτική Ελλάδα;2024-10-11;Bronze
201932;Μαρία;Βλάχος;F;66;Ηράκλειο;Κρήτη;2024-08-14;Silver
201933;Γεωργία;Αναστασίου;F;40;Πάτρα;Δυτική Ελλάδα;2024-08-15;Gold
201934;Αγγελική;Νικολάου;F;51;Ιωάννινα;Ήπειρος;2024-08-19;Bronze
201935;Κώστας;Πετρόπουλος;M;45;Ιωάννινα;Ήπειρος;2024-07-07;Gold
201936;Μιχάλης;Σταματίου;M;24;Καβάλα;Ανατολική Μακεδονία & Θράκη;2024-10-29;Platinum
201937;Κώστας;Παπαδόπουλος;M;37;Θεσσαλονίκη;Κεντρική Μακεδονία;2025-02-21;Silver
201938;Νίκος;Ιωαννίδης;M;61;Ηράκλειο;Κρήτη;2025-08-27;Bronze
201939;Χριστίνα;Πετρόπουλος;F;31;Καβάλα;Ανατολική Μακεδονία & Θράκη;2024-01-06;Bronze
201940;Ανδρέας;Οικονόμου;M;31;Θεσσαλονίκη;Κεντρική Μακεδονία;2024-08-24;Silver
201941;Παναγιώτης;Λαμπρόπουλος;M;67;Βόλος;Θεσσαλία;2024-01-08;Bronze
201942;Χρήστος;Γεωργίου;M;60;Ρόδος;Νότιο Αιγαίο;2024-02-19;Bronze
201943;Δημήτρης;Αλεξίου;M;41;Ρόδος;Νότιο Αιγαίο;2024-08-19;Silver
201944;Ελένη;Πετρόπουλος;F;21;Αθήνα;Αττική;2024-02-29;Silver
201945;Θανάσης;Παπανικολάου;M;45;Θεσσαλονίκη;Κεντρική Μακεδονία;2025-01-20;Bronze
201946;Χριστίνα;Κωνσταντίνου;F;62;Καβάλα;Ανατολική Μακεδονία & Θράκη;2024-03-06;Silver
201947;Δήμητρα;Πετρόπουλος;F;37;Αθήνα;Αττική;2025-04-05;Silver
201948;Δημήτρης;Παπαδόπουλος;M;36;Βόλος;Θεσσαλία;2024-08-10;Bronze
201949;Νίκος;Μιχαηλίδης;M;59;Σέρρες;Κεντρική Μακεδονία;2025-04-24;Silver
201950;Παναγιώτης;Παπανικολάου;M;42;Λάρισα;Θεσσαλία;2025-03-27;Silver
201951;Μιχάλης;Παπαδόπουλος;M;68;Τρίκαλα;Θεσσαλία;2024-05-01;Silver
201952;Άννα;Πετρόπουλος;F;62;Θεσσαλονίκη;Κεντρική Μακεδονία;2024-03-23;Silver
201953;Χριστίνα;Καρράς;F;63;Ιωάννινα;Ήπειρος;2024-12-14;Bronze
201954;Μιχάλης;Καρράς;M;22;Πάτρα;Δυτική Ελλάδα;2024-01-28;Gold
201955;Βασίλης;Δημητρίου;M;70;Τρίκαλα;Θεσσαλία;2025-10-25;Bronze
201956;Χρήστος;Δημητρίου;M;69;Τρίκαλα;Θεσσαλία;2025-10-01;Bronze
201957;Δημήτρης;Δημητρίου;M;61;Θεσσαλονίκη;Κεντρική Μακεδονία;2025-02-04;Silver
201958;Μαρία;Μιχαηλίδης;F;58;Καβάλα;Ανατολική Μακεδονία & Θράκη;2025-10-09;Bronze
201959;Άννα;Νικολάου;F;27;Ηράκλειο;Κρήτη;2025-12-01;Silver
201960;Γεωργία;Νικολάου;F;22;Πάτρα;Δυτική Ελλάδα;2025-01-22;Gold
201961;Αγγελική;Ιωαννίδης;F;44;Ηράκλειο;Κρήτη;2025-05-24;Bronze
201962;Κατερίνα;Πετρόπουλος;F;37;Ηράκλειο;Κρήτη;2024-01-23;Bronze
201963;Μιχάλης;Παπανικολάου;M;67;Ηράκλειο;Κρήτη;2025-08-06;Gold
201964;Δημήτρης;Δημητρίου;M;31;Πάτρα;Δυτική Ελλάδα;2024-09-22;Bronze
201965;Χριστίνα;Πετρόπουλος;F;31;Πάτρα;Δυτική Ελλάδα;2025-05-05;Gold
201966;Ελένη;Καραγιάννης;F;60;Χανιά;Κρήτη;2024-07-25;Gold
201967;Χριστίνα;Παπανικολάου;F;54;Θεσσαλονίκη;Κεντρική Μακεδονία;2024-12-15;Gold
201968;Γιώργος;Γεωργίου;M;24;Λάρισα;Θεσσαλία;2025-11-14;Gold
201969;Δήμητρα;Σταματίου;F;62;Ιωάννινα;Ήπειρος;2025-02-06;Bronze
201970;Ιωάννα;Βλάχος;F;41;Θεσσαλονίκη;Κεντρική Μακεδονία;2024-05-27;Silver
201971;Δήμητρα;Ιωαννίδης;F;32;Ηράκλειο;Κρήτη;2025-05-15;Platinum
201972;Χριστίνα;Παπανικολάου;F;66;Ιωάννινα;Ήπειρος;2025-09-20;Silver
201973;Σοφία;Ζαχαρίου;F;46;Χανιά;Κρήτη;2024-10-27;Silver
201974;Κώστας;Κωνσταντίνου;M;70;Ρόδος;Νότιο Αιγαίο;2024-10-21;Silver
201975;Γιώργος;Αναστασίου;M;44;Σέρρες;Κεντρική Μακεδονία;2024-05-21;Bronze
201976;Γεωργία;Νικολάου;F;54;Ιωάννινα;Ήπειρος;2024-11-30;Bronze
201977;Ελένη;Νικολάου;F;70;Σέρρες;Κεντρική Μακεδονία;2024-02-25;Gold
201978;Μιχάλης;Καρράς;M;63;Καβάλα;Ανατολική Μακεδονία & Θράκη;2024-07-02;Silver
201979;Ανδρέας;Παπαδόπουλος;M;57;Καβάλα;Ανατολική Μακεδονία & Θράκη;2025-08-21;Gold
201980;Σοφία;Νικολάου;F;22;Πάτρα;Δυτική Ελλάδα;2025-08-12;Bronze
201981;Δήμητρα;Παπαδόπουλος;F;29;Πάτρα;Δυτική Ελλάδα;2024-07-19;Bronze
201982;Ιωάννα;Λαμπρόπουλος;F;72;Τρίκαλα;Θεσσαλία;2025-12-17;Silver
201983;Παναγιώτης;Ιωαννίδης;M;49;Τρίκαλα;Θεσσαλία;2025-08-03;Silver
201984;Ανδρέας;Γεωργίου;M;51;Λάρισα;Θεσσαλία;2025-12-15;Silver
201985;Μαρία;Αλεξίου;F;32;Σέρρες;Κεντρική Μακεδονία;2025-09-17;Silver
201986;Παναγιώτης;Σπυρόπουλος;M;53;Σέρρες;Κεντρική Μακεδονία;2024-05-27;Gold
201987;Μιχάλης;Νικολάου;M;62;Αθήνα;Αττική;2025-08-04;Silver
201988;Δήμητρα;Δημητρίου;F;63;Ιωάννινα;Ήπειρος;2025-05-14;Bronze
201989;Μαρία;Μιχαηλίδης;F;30;Ιωάννινα;Ήπειρος;2025-10-07;Bronze
201990;Βασίλης;Καρράς;M;30;Αθήνα;Αττική;2024-04-25;Bronze
201991;Κώστας;Παπαδόπουλος;M;70;Αθήνα;Αττική;2025-11-23;Silver
201992;Κατερίνα;Μιχαηλίδης;F;70;Λάρισα;Θεσσαλία;2025-07-10;Bronze
201993;Χρήστος;Σπυρόπουλος;M;61;Ρόδος;Νότιο Αιγαίο;2025-01-25;Bronze
201994;Βασίλης;Πετρόπουλος;M;43;Καβάλα;Ανατολική Μακεδονία & Θράκη;2025-10-15;Bronze
201995;Χρήστος;Παπαδόπουλος;M;72;Βόλος;Θεσσαλία;2025-10-17;Silver
201996;Χριστίνα;Πετρόπουλος;F;26;Αθήνα;Αττική;2025-07-29;Platinum
201997;Σοφία;Χατζής;F;63;Αθήνα;Αττική;2024-04-26;Gold
201998;Παναγιώτης;Πετρόπουλος;M;41;Θεσσαλονίκη;Κεντρική Μακεδονία;2025-07-31;Platinum
201999;Μαρία;Παπαδόπουλος;F;22;Θεσσαλονίκη;Κεντρική Μακεδονία;2024-12-05;Bronze
202000;Μιχάλης;Ιωαννίδης;M;68;Χανιά;Κρήτη;2025-12-08;Gold
202001;Βασίλης;Οικονόμου;M;31;Χανιά;Κρήτη;2025-06-05;Silver
202002;Παναγιώτης;Κωνσταντίνου;M;58;Θεσσαλονίκη;Κεντρική Μακεδονία;2024-03-03;Bronze
202003;Άννα;Δημητρίου;F;40;Ιωάννινα;Ήπειρος;2025-01-29;Gold
202004;Ελένη;Αλεξίου;F;71;Βόλος;Θεσσαλία;2024-07-14;Silver
202005;Παναγιώτης;Ζαχαρίου;M;59;Ηράκλειο;Κρήτη;2025-05-03;Bronze
202006;Δήμητρα;Ζαχαρίου;F;21;Ηράκλειο;Κρήτη;2024-02-13;Silver
202007;Νίκος;Μιχαηλίδης;M;51;Βόλος;Θεσσαλία;2025-01-25;Bronze
202008;Μιχάλης;Σπυρόπουλος;M;53;Λάρισα;Θεσσαλία;2024-02-06;Bronze
202009;Κώστας;Σπυρόπουλος;M;68;Σέρρες;Κεντρική Μακεδονία;2024-04-15;Bronze
202010;Μιχάλης;Γεωργίου;M;45;Θεσσαλονίκη;Κεντρική Μακεδονία;2024-04-19;Bronze
202011;Χριστίνα;Ζαχαρίου;F;45;Θεσσαλονίκη;Κεντρική Μακεδονία;2024-03-28;Silver
202012;Χριστίνα;Σπυρόπουλος;F;40;Ρόδος;Νότιο Αιγαίο;2025-12-30;Silver
202013;Κώστας;Καρράς;M;22;Καβάλα;Ανατολική Μακεδονία & Θράκη;2024-02-12;Silver
202014;Ανδρέας;Λαμπρόπουλος;M;31;Βόλος;Θεσσαλία;2024-07-13;Bronze
202015;Θανάσης;Ιωαννίδης;M;45;Βόλος;Θεσσαλία;2025-03-26;Silver
202016;Άννα;Ιωαννίδης;F;33;Ηράκλειο;Κρήτη;2025-08-15;Silver
202017;Παναγιώτης;Σταματίου;M;42;Ιωάννινα;Ήπειρος;2025-11-06;Bronze
202018;Ιωάννα;Παπανικολάου;F;53;Αθήνα;Αττική;2024-03-09;Silver
202019;Χριστίνα;Καρράς;F;53;Καβάλα;Ανατολική Μακεδονία & Θράκη;2025-09-11;Gold
202020;Δημήτρης;Παπαδόπουλος;M;27;Χανιά;Κρήτη;2024-12-15;Bronze
202021;Κατερίνα;Καραγιάννης;F;66;Ιωάννινα;Ήπειρος;2025-03-16;Silver
202022;Παναγιώτης;Παπανικολάου;M;22;Σέρρες;Κεντρική Μακεδονία;2025-01-14;Gold
202023;Κώστας;Παπανικολάου;M;26;Χανιά;Κρήτη;2025-01-14;Platinum
202024;Ελένη;Βλάχος;F;18;Χανιά;Κρήτη;2025-04-23;Gold
202025;Βασίλης;Χατζής;M;48;Πάτρα;Δυτική Ελλάδα;2024-01-09;Silver
202026;Βασίλης;Σταματίου;M;48;Καβάλα;Ανατολική Μακεδονία & Θράκη;2025-04-25;Silver
202027;Νίκος;Ζαχαρίου;M;36;Πάτρα;Δυτική Ελλάδα;2024-11-22;Bronze
202028;Αγγελική;Μιχαηλίδης;F;30;Αθήνα;Αττική;2025-09-09;Bronze
202029;Ελένη;Νικολάου;F;22;Αθήνα;Αττική;2024-05-24;Silver
202030;Κατερίνα;Αλεξίου;F;36;Σέρρες;Κεντρική Μακεδονία;2024-10-24;Silver
202031;Ανδρέας;Καραγιάννης;M;72;Τρίκαλα;Θεσσαλία;2025-11-09;Bronze
202032;Ελένη;Πετρόπουλος;F;71;Τρίκαλα;Θεσσαλία;2025-03-13;Platinum
202033;Ελένη;Μιχαηλίδης;F;41;Τρίκαλα;Θεσσαλία;2025-09-16;Bronze
202034;Χριστίνα;Σπυρόπουλος;F;44;Λάρισα;Θεσσαλία;2024-02-11;Silver
202035;Αγγελική;Βλάχος;F;30;Λάρισα;Θεσσαλία;2024-09-29;Bronze
202036;Κατερίνα;Σταματίου;F;70;Λάρισα;Θεσσαλία;2024-05-21;Platinum
202037;Δήμητρα;Αλεξίου;F;67;Καβάλα;Ανατολική Μακεδονία & Θράκη;2025-10-01;Bronze
202038;Κώστας;Δημητρίου;M;55;Θεσσαλονίκη;Κεντρική Μακεδονία;2024-09-21;Bronze
202039;Μιχάλης;Παπαδόπουλος;M;41;Τρίκαλα;Θεσσαλία;2024-10-18;Silver
202040;Χρήστος;Οικονόμου;M;66;Θεσσαλονίκη;Κεντρική Μακεδονία;2024-12-08;Silver
202041;Νίκος;Παπανικολάου;M;20;Τρίκαλα;Θεσσαλία;2025-12-19;Bronze
202042;Χρήστος;Νικολάου;M;44;Αθήνα;Αττική;2024-02-01;Silver
202043;Χρήστος;Ιωαννίδης;M;53;Ρόδος;Νότιο Αιγαίο;2024-08-01;Silver
202044;Δήμητρα;Πετρόπουλος;F;47;Χανιά;Κρήτη;2024-07-27;Bronze
202045;Αγγελική;Ζαχαρίου;F;63;Ηράκλειο;Κρήτη;2025-01-01;Silver
202046;Θανάσης;Σταματίου;M;24;Λάρισα;Θεσσαλία;2025-08-07;Bronze
202047;Παναγιώτης;Μιχαηλίδης;M;33;Τρίκαλα;Θεσσαλία;2025-06-01;Gold
202048;Σοφία;Βλάχος;F;69;Πάτρα;Δυτική Ελλάδα;2024-01-24;Gold
202049;Μιχάλης;Νικολάου;M;70;Σέρρες;Κεντρική Μακεδονία;2025-02-21;Bronze
202050;Βασίλης;Νικολάου;M;37;Ιωάννινα;Ήπειρος;2025-07-05;Bronze
202051;Μιχάλης;Νικολάου;M;36;Αθήνα;Αττική;2024-02-10;Gold
202052;Γιώργος;Λαμπρόπουλος;M;43;Σέρρες;Κεντρική Μακεδονία;2024-02-20;Bronze
202053;Μαρία;Παπανικολάου;F;23;Ρόδος;Νότιο Αιγαίο;2024-01-25;Silver
202054;Σοφία;Αλεξίου;F;70;Πάτρα;Δυτική Ελλάδα;2025-05-22;Gold
202055;Άννα;Οικονόμου;F;59;Τρίκαλα;Θεσσαλία;2024-07-21;Platinum
202056;Χριστίνα;Αλεξίου;F;42;Ρόδος;Νότιο Αιγαίο;2025-12-30;Gold
202057;Γιώργος;Δημητρίου;M;21;Αθήνα;Αττική;2024-02-08;Silver
202058;Νίκος;Λαμπρόπουλος;M;46;Χανιά;Κρήτη;2024-04-26;Silver
202059;Αγγελική;Οικονόμου;F;29;Χανιά;Κρήτη;2025-10-21;Platinum
202060;Ανδρέας;Κωνσταντίνου;M;22;Βόλος;Θεσσαλία;2025-07-10;Gold
202061;Θανάσης;Οικονόμου;M;57;Τρίκαλα;Θεσσαλία;2024-08-23;Bronze
202062;Άννα;Σπυρόπουλος;F;44;Ιωάννινα;Ήπειρος;2024-03-31;Bronze
202063;Χριστίνα;Σταματίου;F;52;Σέρρες;Κεντρική Μακεδονία;2024-01-26;Silver
202064;Κώστας;Νικολάου;M;61;Σέρρες;Κεντρική Μακεδονία;2025-03-15;Silver
202065;Γεωργία;Αναστασίου;F;67;Καβάλα;Ανατολική Μακεδονία & Θράκη;2025-12-15;Platinum
202066;Μαρία;Ιωαννίδης;F;63;Ηράκλειο;Κρήτη;2024-03-16;Platinum
202067;Γιώργος;Ιωαννίδης;M;61;Χανιά;Κρήτη;2024-08-05;Silver
202068;Γιώργος;Πετρόπουλος;M;45;Καβάλα;Ανατολική Μακεδονία & Θράκη;2024-07-26;Silver
202069;Κατερίνα;Γεωργίου;F;53;Ρόδος;Νότιο Αιγαίο;2024-05-07;Silver
202070;Χρήστος;Πετρόπουλος;M;32;Καβάλα;Ανατολική Μακεδονία & Θράκη;2025-02-21;Silver
202071;Μαρία;Γεωργίου;F;43;Καβάλα;Ανατολική Μακεδονία & Θράκη;2025-03-13;Silver
202072;Βασίλης;Καραγιάννης;M;48;Ιωάννινα;Ήπειρος;2024-05-08;Silver
202073;Χρήστος;Βλάχος;M;45;Χανιά;Κρήτη;2025-06-22;Gold
202074;Μαρία;Δημητρίου;F;64;Σέρρες;Κεντρική Μακεδονία;2025-02-10;Gold
202075;Μιχάλης;Μιχαηλίδης;M;29;Ρόδος;Νότιο Αιγαίο;2024-06-11;Bronze
202076;Χριστίνα;Σπυρόπουλος;F;50;Τρίκαλα;Θεσσαλία;2025-06-11;Bronze
202077;Μιχάλης;Μιχαηλίδης;M;23;Ιωάννινα;Ήπειρος;2024-11-28;Bronze
202078;Μιχάλης;Αναστασίου;M;55;Ρόδος;Νότιο Αιγαίο;2024-09-04;Gold
202079;Κώστας;Παπανικολάου;M;39;Ρόδος;Νότιο Αιγαίο;2025-05-03;Silver
202080;Χρήστος;Παπανικολάου;M;56;Καβάλα;Ανατολική Μακεδονία & Θράκη;2025-01-24;Bronze
202081;Βασίλης;Ιωαννίδης;M;65;Χανιά;Κρήτη;2024-01-26;Bronze
202082;Παναγιώτης;Γεωργίου;M;67;Καβάλα;Ανατολική Μακεδονία & Θράκη;2024-04-21;Gold
202083;Δήμητρα;Καραγιάννης;F;53;Ρόδος;Νότιο Αιγαίο;2024-07-11;Silver
202084;Θανάσης;Ιωαννίδης;M;43;Βόλος;Θεσσαλία;2024-04-05;Silver
202085;Ελένη;Γεωργίου;F;71;Λάρισα;Θεσσαλία;2025-06-22;Bronze
202086;Ανδρέας;Οικονόμου;M;18;Τρίκαλα;Θεσσαλία;2025-09-09;Bronze
202087;Γεωργία;Σταματίου;F;51;Καβάλα;Ανατολική Μακεδονία & Θράκη;2025-07-28;Gold
202088;Δήμητρα;Σπυρόπουλος;F;21;Σέρρες;Κεντρική Μακεδονία;2024-08-26;Silver
202089;Θανάσης;Αλεξίου;M;19;Θεσσαλονίκη;Κεντρική Μακεδονία;2024-04-14;Silver
202090;Ανδρέας;Παπαδόπουλος;M;22;Σέρρες;Κεντρική Μακεδονία;2025-06-03;Bronze
202091;Μιχάλης;Κωνσταντίνου;M;28;Ρόδος;Νότιο Αιγαίο;2024-01-24;Bronze
202092;Κατερίνα;Σταματίου;F;28;Ηράκλειο;Κρήτη;2024-07-12;Bronze
202093;Νίκος;Λαμπρόπουλος;M;19;Ιωάννινα;Ήπειρος;2024-06-21;Gold
202094;Μιχάλης;Αλεξίου;M;19;Πάτρα;Δυτική Ελλάδα;2024-09-24;Gold
202095;Χριστίνα;Νικολάου;F;34;Τρίκαλα;Θεσσαλία;2025-08-10;Silver
202096;Μιχάλης;Αναστασίου;M;19;Τρίκαλα;Θεσσαλία;2024-11-30;Silver
202097;Παναγιώτης;Αναστασίου;M;43;Σέρρες;Κεντρική Μακεδονία;2025-09-03;Bronze
202098;Ιωάννα;Κωνσταντίνου;F;21;Τρίκαλα;Θεσσαλία;2025-01-24;Silver
202099;Άννα;Ιωαννίδης;F;59;Λάρισα;Θεσσαλία;2024-09-16;Platinum
202100;Παναγιώτης;Παπανικολάου;M;64;Θεσσαλονίκη;Κεντρική Μακεδονία;2024-10-14;Bronze
202101;Αγγελική;Λαμπρόπουλος;F;60;Ιωάννινα;Ήπειρος;2024-12-28;Gold
202102;Παναγιώτης;Ζαχαρίου;M;30;Λάρισα;Θεσσαλία;2025-07-29;Silver
202103;Ανδρέας;Λαμπρόπουλος;M;45;Σέρρες;Κεντρική Μακεδονία;2024-06-12;Gold
202104;Άννα;Καρράς;F;43;Λάρισα;Θεσσαλία;2025-06-14;Bronze
202105;Γιώργος;Σπυρόπουλος;M;48;Βόλος;Θεσσαλία;2025-06-21;Silver
202106;Άννα;Σταματίου;F;67;Σέρρες;Κεντρική Μακεδονία;2025-02-22;Gold
202107;Παναγιώτης;Αναστασίου;M;33;Τρίκαλα;Θεσσαλία;2025-03-16;Platinum
202108;Αγγελική;Οικονόμου;F;40;Αθήνα;Αττική;2024-11-08;Bronze
202109;Ανδρέας;Οικονόμου;M;56;Πάτρα;Δυτική Ελλάδα;2025-06-28;Bronze
202110;Κατερίνα;Παπαδόπουλος;F;21;Καβάλα;Ανατολική Μακεδονία & Θράκη;2024-07-20;Bronze
202111;Θανάσης;Οικονόμου;M;62;Καβάλα;Ανατολική Μακεδονία & Θράκη;2025-04-02;Bronze
202112;Κατερίνα;Χατζής;F;38;Λάρισα;Θεσσαλία;2025-10-12;Gold
202113;Μαρία;Βλάχος;F;53;Αθήνα;Αττική;2024-03-05;Bronze
202114;Αγγελική;Ιωαννίδης;F;25;Βόλος;Θεσσαλία;2024-02-09;Silver
202115;Παναγιώτης;Παπανικολάου;M;19;Σέρρες;Κεντρική Μακεδονία;2024-07-08;Platinum
202116;Παναγιώτης;Αλεξίου;M;39;Ηράκλειο;Κρήτη;2024-03-07;Bronze
202117;Γεωργία;Κωνσταντίνου;F;67;Σέρρες;Κεντρική Μακεδονία;2025-12-04;Silver
202118;Δημήτρης;Καραγιάννης;M;57;Βόλος;Θεσσαλία;2024-07-11;Bronze
202119;Νίκος;Νικολάου;M;33;Σέρρες;Κεντρική Μακεδονία;2024-12-27;Silver
202120;Κατερίνα;Μιχαηλίδης;F;40;Πάτρα;Δυτική Ελλάδα;2025-04-16;Gold
202121;Βασίλης;Καρράς;M;71;Σέρρες;Κεντρική Μακεδονία;2025-01-24;Gold
202122;Ελένη;Οικονόμου;F;51;Βόλος;Θεσσαλία;2025-05-22;Bronze
202123;Βασίλης;Ιωαννίδης;M;40;Λάρισα;Θεσσαλία;2024-12-16;Platinum
202124;Χριστίνα;Οικονόμου;F;69;Ρόδος;Νότιο Αιγαίο;2025-10-02;Bronze
202125;Ανδρέας;Γεωργίου;M;23;Καβάλα;Ανατολική Μακεδονία & Θράκη;2025-11-12;Gold
202126;Δήμητρα;Ιωαννίδης;F;38;Σέρρες;Κεντρική Μακεδονία;2024-08-13;Silver
202127;Χρήστος;Νικολάου;M;48;Πάτρα;Δυτική Ελλάδα;2025-07-10;Gold
202128;Ιωάννα;Αλεξίου;F;33;Καβάλα;Ανατολική Μακεδονία & Θράκη;2024-09-13;Bronze
202129;Νίκος;Παπανικολάου;M;71;Καβάλα;Ανατολική Μακεδονία & Θράκη;2025-01-18;Platinum
202130;Χρήστος;Κωνσταντίνου;M;24;Πάτρα;Δυτική Ελλάδα;2025-03-10;Bronze
202131;Αγγελική;Γεωργίου;F;50;Σέρρες;Κεντρική Μακεδονία;2025-03-28;Bronze
202132;Θανάσης;Πετρόπουλος;M;21;Ιωάννινα;Ήπειρος;2025-08-07;Bronze
202133;Άννα;Παπαδόπουλος;F;68;Ηράκλειο;Κρήτη;2025-09-25;Silver
202134;Χρήστος;Καραγιάννης;M;21;Λάρισα;Θεσσαλία;2024-12-09;Bronze
202135;Γεωργία;Χατζής;F;52;Πάτρα;Δυτική Ελλάδα;2024-05-08;Gold
202136;Ιωάννα;Βλάχος;F;61;Θεσσαλονίκη;Κεντρική Μακεδονία;2024-06-26;Platinum
202137;Παναγιώτης;Βλάχος;M;70;Χανιά;Κρήτη;2025-07-23;Silver
202138;Παναγιώτης;Ζαχαρίου;M;40;Θεσσαλονίκη;Κεντρική Μακεδονία;2025-11-04;Bronze
202139;Γιώργος;Νικολάου;M;41;Ρόδος;Νότιο Αιγαίο;2024-09-05;Bronze
202140;Μαρία;Νικολάου;F;53;Πάτρα;Δυτική Ελλάδα;2024-08-31;Bronze
202141;Κατερίνα;Καραγιάννης;F;41;Βόλος;Θεσσαλία;2025-03-28;Bronze
202142;Θανάσης;Πετρόπουλος;M;22;Θεσσαλονίκη;Κεντρική Μακεδονία;2024-12-05;Bronze
202143;Παναγιώτης;Κωνσταντίνου;M;30;Θεσσαλονίκη;Κεντρική Μακεδονία;2025-06-17;Gold
202144;Παναγιώτης;Βλάχος;M;45;Ρόδος;Νότιο Αιγαίο;2025-01-16;Bronze
202145;Γιώργος;Σταματίου;M;60;Ρόδος;Νότιο Αιγαίο;2025-05-10;Silver
202146;Ανδρέας;Παπαδόπουλος;M;44;Πάτρα;Δυτική Ελλάδα;2025-11-30;Silver
202147;Γεωργία;Νικολάου;F;42;Βόλος;Θεσσαλία;2024-03-06;Gold
202148;Κώστας;Ζαχαρίου;M;25;Ιωάννινα;Ήπειρος;2024-05-24;Silver
202149;Γιώργος;Ζαχαρίου;M;49;Ηράκλειο;Κρήτη;2025-09-25;Bronze
202150;Θανάσης;Λαμπρόπουλος;M;33;Ιωάννινα;Ήπειρος;2025-08-03;Gold
202151;Ιωάννα;Αλεξίου;F;61;Καβάλα;Ανατολική Μακεδονία & Θράκη;2025-03-21;Gold
202152;Γιώργος;Ιωαννίδης;M;26;Ρόδος;Νότιο Αιγαίο;2025-06-10;Silver
202153;Μαρία;Σπυρόπουλος;F;59;Λάρισα;Θεσσαλία;2024-12-20;Gold
202154;Ανδρέας;Αλεξίου;M;21;Λάρισα;Θεσσαλία;2024-10-07;Bronze
202155;Κώστας;Παπαδόπουλος;M;26;Σέρρες;Κεντρική Μακεδονία;2025-01-21;Silver
202156;Βασίλης;Καραγιάννης;M;53;Ρόδος;Νότιο Αιγαίο;2024-02-05;Gold
202157;Δήμητρα;Οικονόμου;F;28;Ρόδος;Νότιο Αιγαίο;2024-11-19;Silver
202158;Χριστίνα;Οικονόμου;F;33;Σέρρες;Κεντρική Μακεδονία;2024-02-18;Bronze
202159;Παναγιώτης;Καρράς;M;61;Τρίκαλα;Θεσσαλία;2025-04-15;Silver
202160;Ελένη;Λαμπρόπουλος;F;63;Τρίκαλα;Θεσσαλία;2024-05-29;Bronze
202161;Αγγελική;Ζαχαρίου;F;24;Αθήνα;Αττική;2024-03-18;Gold
202162;Μιχάλης;Σταματίου;M;22;Αθήνα;Αττική;2024-11-17;Bronze
202163;Παναγιώτης;Μιχαηλίδης;M;21;Θεσσαλονίκη;Κεντρική Μακεδονία;2025-07-12;Bronze
202164;Γιώργος;Γεωργίου;M;33;Χανιά;Κρήτη;2025-11-04;Silver
202165;Άννα;Σταματίου;F;20;Χανιά;Κρήτη;2024-07-20;Silver
202166;Χρήστος;Ζαχαρίου;M;25;Τρίκαλα;Θεσσαλία;2025-10-14;Bronze
202167;Μαρία;Βλάχος;F;52;Ρόδος;Νότιο Αιγαίο;2025-11-23;Silver
202168;Μιχάλης;Βλάχος;M;65;Ιωάννινα;Ήπειρος;2025-09-06;Bronze
202169;Ιωάννα;Καρράς;F;48;Πάτρα;Δυτική Ελλάδα;2024-02-17;Bronze
202170;Κατερίνα;Δημητρίου;F;34;Τρίκαλα;Θεσσαλία;2024-04-12;Gold
202171;Μαρία;Σπυρόπουλος;F;25;Ιωάννινα;Ήπειρος;2024-09-04;Bronze
202172;Μαρία;Λαμπρόπουλος;F;71;Ρόδος;Νότιο Αιγαίο;2024-11-24;Bronze
202173;Μιχάλης;Παπαδόπουλος;M;51;Βόλος;Θεσσαλία;2024-03-23;Gold
202174;Θανάσης;Κωνσταντίνου;M;69;Σέρρες;Κεντρική Μακεδονία;2024-11-07;Bronze
202175;Χριστίνα;Πετρόπουλος;F;48;Πάτρα;Δυτική Ελλάδα;2025-09-23;Bronze
202176;Χριστίνα;Γεωργίου;F;56;Πάτρα;Δυτική Ελλάδα;2025-04-09;Bronze
202177;Δημήτρης;Σπυρόπουλος;M;46;Τρίκαλα;Θεσσαλία;2025-12-01;Gold
202178;Κατερίνα;Καρράς;F;33;Ρόδος;Νότιο Αιγαίο;2024-12-28;Bronze
202179;Χρήστος;Μιχαηλίδης;M;67;Καβάλα;Ανατολική Μακεδονία & Θράκη;2025-07-10;Bronze
202180;Ανδρέας;Ιωαννίδης;M;49;Ηράκλειο;Κρήτη;2025-04-14;Bronze
202181;Σοφία;Οικονόμου;F;28;Τρίκαλα;Θεσσαλία;2024-05-23;Bronze
202182;Χριστίνα;Δημητρίου;F;37;Λάρισα;Θεσσαλία;2025-02-04;Gold
202183;Μιχάλης;Καρράς;M;31;Τρίκαλα;Θεσσαλία;2024-08-11;Bronze
202184;Νίκος;Σπυρόπουλος;M;44;Θεσσαλονίκη;Κεντρική Μακεδονία;2025-12-01;Bronze
202185;Ανδρέας;Σταματίου;M;36;Χανιά;Κρήτη;2024-08-20;Bronze
202186;Αγγελική;Καρράς;F;31;Ιωάννινα;Ήπειρος;2024-09-25;Silver
202187;Χριστίνα;Παπανικολάου;F;42;Χανιά;Κρήτη;2025-08-01;Bronze
202188;Μαρία;Αλεξίου;F;42;Χανιά;Κρήτη;2025-07-26;Gold
202189;Γιώργος;Παπαδόπουλος;M;35;Χανιά;Κρήτη;2024-08-13;Silver
202190;Χρήστος;Βλάχος;M;62;Θεσσαλονίκη;Κεντρική Μακεδονία;2024-12-18;Silver
202191;Κώστας;Πετρόπουλος;M;25;Σέρρες;Κεντρική Μακεδονία;2025-10-21;Bronze
202192;Χρήστος;Παπανικολάου;M;56;Ηράκλειο;Κρήτη;2024-10-13;Bronze
202193;Μαρία;Μιχαηλίδης;F;65;Σέρρες;Κεντρική Μακεδονία;2024-05-28;Silver
202194;Βασίλης;Σπυρόπουλος;M;28;Πάτρα;Δυτική Ελλάδα;2025-06-09;Bronze
202195;Ελένη;Ζαχαρίου;F;30;Αθήνα;Αττική;2024-03-30;Silver
202196;Γεωργία;Μιχαηλίδης;F;59;Αθήνα;Αττική;2025-05-06;Bronze
202197;Αγγελική;Πετρόπουλος;F;64;Τρίκαλα;Θεσσαλία;2025-06-17;Silver
202198;Σοφία;Χατζής;F;57;Καβάλα;Ανατολική Μακεδονία & Θράκη;2025-10-01;Silver
202199;Κατερίνα;Νικολάου;F;24;Καβάλα;Ανατολική Μακεδονία & Θράκη;2024-05-07;Bronze
202200;Δήμητρα;Καρράς;F;40;Χανιά;Κρήτη;2024-04-07;Silver
202201;Γιώργος;Καρράς;M;22;Καβάλα;Ανατολική Μακεδονία & Θράκη;2024-08-04;Silver
202202;Χριστίνα;Βλάχος;F;24;Ιωάννινα;Ήπειρος;2024-07-23;Gold
202203;Θανάσης;Σπυρόπουλος;M;41;Βόλος;Θεσσαλία;2025-04-04;Gold
202204;Ελένη;Καρράς;F;56;Λάρισα;Θεσσαλία;2025-09-15;Bronze
202205;Αγγελική;Ζαχαρίου;F;22;Θεσσαλονίκη;Κεντρική Μακεδονία;2025-08-10;Gold
202206;Βασίλης;Χατζής;M;59;Ρόδος;Νότιο Αιγαίο;2025-08-22;Bronze
202207;Γιώργος;Γεωργίου;M;66;Ηράκλειο;Κρήτη;2025-10-20;Gold
202208;Ελένη;Καρράς;F;49;Βόλος;Θεσσαλία;2024-07-12;Gold
202209;Νίκος;Μιχαηλίδης;M;32;Τρίκαλα;Θεσσαλία;2024-07-18;Bronze
202210;Δημήτρης;Δημητρίου;M;48;Ρόδος;Νότιο Αιγαίο;2025-06-23;Bronze
202211;Γιώργος;Αναστασίου;M;62;Ρόδος;Νότιο Αιγαίο;2024-02-27;Bronze
202212;Θανάσης;Ιωαννίδης;M;65;Λάρισα;Θεσσαλία;2025-01-15;Silver
202213;Αγγελική;Βλάχος;F;39;Τρίκαλα;Θεσσαλία;2025-03-07;Gold
202214;Θανάσης;Χατζής;M;53;Θεσσαλονίκη;Κεντρική Μακεδονία;2024-06-05;Silver
202215;Άννα;Πετρόπουλος;F;58;Πάτρα;Δυτική Ελλάδα;2024-05-28;Gold
202216;Ελένη;Σπυρόπουλος;F;69;Λάρισα;Θεσσαλία;2024-03-12;Gold
202217;Ανδρέας;Λαμπρόπουλος;M;22;Σέρρες;Κεντρική Μακεδονία;2024-09-17;Gold
202218;Κατερίνα;Γεωργίου;F;70;Τρίκαλα;Θεσσαλία;2024-07-05;Silver
202219;Μαρία;Γεωργίου;F;62;Χανιά;Κρήτη;2025-02-08;Bronze
202220;Δήμητρα;Κωνσταντίνου;F;24;Ηράκλειο;Κρήτη;2025-07-22;Bronze
202221;Νίκος;Παπανικολάου;M;42;Ηράκλειο;Κρήτη;2024-02-23;Silver
202222;Μιχάλης;Πετρόπουλος;M;43;Χανιά;Κρήτη;2025-11-08;Silver
202223;Θανάσης;Καρράς;M;62;Σέρρες;Κεντρική Μακεδονία;2024-11-09;Bronze
202224;Κατερίνα;Κωνσταντίνου;F;64;Αθήνα;Αττική;2025-07-29;Platinum
202225;Νίκος;Σπυρόπουλος;M;48;Σέρρες;Κεντρική Μακεδονία;2024-07-11;Bronze
202226;Χρήστος;Μιχαηλίδης;M;50;Θεσσαλονίκη;Κεντρική Μακεδονία;2024-03-09;Gold
202227;Θανάσης;Καραγιάννης;M;30;Ιωάννινα;Ήπειρος;2025-04-08;Bronze
202228;Νίκος;Καραγιάννης;M;60;Ηράκλειο;Κρήτη;2025-12-24;Bronze
202229;Κώστας;Αναστασίου;M;26;Σέρρες;Κεντρική Μακεδονία;2024-06-24;Silver
202230;Ελένη;Πετρόπουλος;F;51;Τρίκαλα;Θεσσαλία;2024-08-23;Gold
202231;Χρήστος;Βλάχος;M;29;Τρίκαλα;Θεσσαλία;2024-08-28;Bronze
202232;Μαρία;Γεωργίου;F;52;Θεσσαλονίκη;Κεντρική Μακεδονία;2025-10-26;Gold
202233;Σοφία;Σταματίου;F;36;Χανιά;Κρήτη;2024-10-04;Bronze
202234;Κώστας;Κωνσταντίνου;M;33;Βόλος;Θεσσαλία;2024-01-08;Silver
202235;Ιωάννα;Καρράς;F;40;Τρίκαλα;Θεσσαλία;2024-04-03;Bronze
202236;Ελένη;Παπανικολάου;F;44;Λάρισα;Θεσσαλία;2024-01-09;Silver
202237;Ελένη;Αναστασίου;F;49;Βόλος;Θεσσαλία;2024-07-16;Silver
202238;Δημήτρης;Σπυρόπουλος;M;20;Βόλος;Θεσσαλία;2024-11-14;Gold
202239;Παναγιώτης;Παπανικολάου;M;23;Σέρρες;Κεντρική Μακεδονία;2025-10-10;Silver
202240;Χρήστος;Δημητρίου;M;60;Θεσσαλονίκη;Κεντρική Μακεδονία;2024-01-28;Silver
202241;Χριστίνα;Παπανικολάου;F;57;Λάρισα;Θεσσαλία;2024-07-04;Silver
202242;Γιώργος;Σταματίου;M;33;Καβάλα;Ανατολική Μακεδονία & Θράκη;2025-01-26;Silver
202243;Γεωργία;Καρράς;F;56;Πάτρα;Δυτική Ελλάδα;2024-06-20;Silver
202244;Δημήτρης;Λαμπρόπουλος;M;42;Θεσσαλονίκη;Κεντρική Μακεδονία;2025-08-05;Bronze
202245;Βασίλης;Αλεξίου;M;56;Σέρρες;Κεντρική Μακεδονία;2024-01-17;Gold
202246;Παναγιώτης;Νικολάου;M;35;Σέρρες;Κεντρική Μακεδονία;2025-10-08;Gold
202247;Μαρία;Μιχαηλίδης;F;45;Σέρρες;Κεντρική Μακεδονία;2024-06-30;Silver
202248;Παναγιώτης;Καρράς;M;30;Ηράκλειο;Κρήτη;2024-11-03;Silver
202249;Δημήτρης;Κωνσταντίνου;M;31;Καβάλα;Ανατολική Μακεδονία & Θράκη;2025-01-14;Bronze
202250;Χριστίνα;Πετρόπουλος;F;34;Τρίκαλα;Θεσσαλία;2024-02-08;Silver
202251;Σοφία;Σταματίου;F;36;Ηράκλειο;Κρήτη;2025-07-29;Bronze
202252;Βασίλης;Παπανικολάου;M;39;Αθήνα;Αττική;2025-04-05;Bronze
202253;Μαρία;Χατζής;F;40;Πάτρα;Δυτική Ελλάδα;2025-07-26;Silver
202254;Γεωργία;Κωνσταντίνου;F;48;Σέρρες;Κεντρική Μακεδονία;2024-01-09;Bronze
202255;Γεωργία;Καρράς;F;36;Βόλος;Θεσσαλία;2024-08-02;Bronze
202256;Μιχάλης;Μιχαηλίδης;M;39;Αθήνα;Αττική;2024-09-21;Silver
202257;Γιώργος;Οικονόμου;M;66;Ρόδος;Νότιο Αιγαίο;2025-08-25;Bronze
202258;Βασίλης;Ζαχαρίου;M;47;Ηράκλειο;Κρήτη;2024-10-08;Platinum
202259;Χριστίνα;Ζαχαρίου;F;45;Ιωάννινα;Ήπειρος;2025-04-05;Silver
202260;Ιωάννα;Παπαδόπουλος;F;44;Τρίκαλα;Θεσσαλία;2024-04-19;Silver
202261;Χρήστος;Χατζής;M;21;Θεσσαλονίκη;Κεντρική Μακεδονία;2024-09-24;Silver
202262;Νίκος;Παπαδόπουλος;M;66;Ηράκλειο;Κρήτη;2025-06-20;Bronze
202263;Ελένη;Παπανικολάου;F;43;Καβάλα;Ανατολική Μακεδονία & Θράκη;2025-01-02;Bronze
202264;Μαρία;Παπανικολάου;F;22;Χανιά;Κρήτη;2025-06-01;Bronze
202265;Νίκος;Μιχαηλίδης;M;49;Σέρρες;Κεντρική Μακεδονία;2024-10-26;Bronze
202266;Δημήτρης;Αναστασίου;M;62;Ηράκλειο;Κρήτη;2025-01-11;Silver
202267;Γεωργία;Ζαχαρίου;F;38;Αθήνα;Αττική;2024-10-11;Bronze
202268;Ανδρέας;Καρράς;M;44;Τρίκαλα;Θεσσαλία;2025-08-13;Gold
202269;Μιχάλης;Παπανικολάου;M;37;Αθήνα;Αττική;2024-05-18;Gold
202270;Κατερίνα;Λαμπρόπουλος;F;45;Θεσσαλονίκη;Κεντρική Μακεδονία;2025-04-27;Gold
202271;Ανδρέας;Σπυρόπουλος;M;25;Λάρισα;Θεσσαλία;2024-02-04;Gold
202272;Μαρία;Βλάχος;F;52;Βόλος;Θεσσαλία;2025-12-23;Platinum
202273;Κατερίνα;Μιχαηλίδης;F;71;Λάρισα;Θεσσαλία;2025-06-10;Platinum
202274;Χρήστος;Βλάχος;M;51;Σέρρες;Κεντρική Μακεδονία;2024-10-21;Silver
202275;Αγγελική;Οικονόμου;F;60;Ιωάννινα;Ήπειρος;2024-07-19;Bronze
202276;Άννα;Παπαδόπουλος;F;64;Θεσσαλονίκη;Κεντρική Μακεδονία;2024-01-23;Gold
202277;Μιχάλης;Λαμπρόπουλος;M;54;Ιωάννινα;Ήπειρος;2025-09-07;Bronze
202278;Γιώργος;Αναστασίου;M;59;Χανιά;Κρήτη;2025-01-12;Bronze
202279;Ιωάννα;Ιωαννίδης;F;51;Ιωάννινα;Ήπειρος;2025-05-01;Bronze
202280;Χρήστος;Παπανικολάου;M;44;Πάτρα;Δυτική Ελλάδα;2024-02-22;Platinum
202281;Άννα;Κωνσταντίνου;F;37;Σέρρες;Κεντρική Μακεδονία;2024-10-15;Bronze
202282;Χριστίνα;Ζαχαρίου;F;67;Ρόδος;Νότιο Αιγαίο;2025-01-21;Silver
202283;Δημήτρης;Γεωργίου;M;52;Θεσσαλονίκη;Κεντρική Μακεδονία;2025-11-21;Platinum
202284;Δημήτρης;Ιωαννίδης;M;46;Σέρρες;Κεντρική Μακεδονία;2025-03-07;Bronze
202285;Μιχάλης;Βλάχος;M;71;Θεσσαλονίκη;Κεντρική Μακεδονία;2025-04-02;Bronze
202286;Ιωάννα;Σπυρόπουλος;F;45;Πάτρα;Δυτική Ελλάδα;2025-11-22;Bronze
202287;Χρήστος;Βλάχος;M;43;Καβάλα;Ανατολική Μακεδονία & Θράκη;2025-07-05;Bronze
202288;Βασίλης;Πετρόπουλος;M;53;Ρόδος;Νότιο Αιγαίο;2025-05-15;Gold
202289;Ιωάννα;Ιωαννίδης;F;57;Λάρισα;Θεσσαλία;2025-12-01;Bronze
202290;Παναγιώτης;Ζαχαρίου;M;63;Βόλος;Θεσσαλία;2024-05-21;Silver
202291;Μιχάλης;Σπυρόπουλος;M;68;Λάρισα;Θεσσαλία;2024-01-29;Platinum
202292;Μιχάλης;Μιχαηλίδης;M;47;Ιωάννινα;Ήπειρος;2025-07-24;Silver
202293;Παναγιώτης;Νικολάου;M;19;Καβάλα;Ανατολική Μακεδονία & Θράκη;2025-03-07;Silver
202294;Παναγιώτης;Πετρόπουλος;M;46;Βόλος;Θεσσαλία;2024-07-23;Bronze
202295;Ανδρέας;Καραγιάννης;M;67;Ηράκλειο;Κρήτη;2025-10-29;Gold
202296;Θανάσης;Χατζής;M;21;Αθήνα;Αττική;2025-10-20;Silver
202297;Μαρία;Καρράς;F;41;Ιωάννινα;Ήπειρος;2024-12-31;Silver
202298;Δημήτρης;Αναστασίου;M;64;Λάρισα;Θεσσαλία;2024-12-17;Bronze
202299;Χριστίνα;Ιωαννίδης;F;33;Βόλος;Θεσσαλία;2024-07-03;Gold
202300;Χρήστος;Καρράς;M;20;Σέρρες;Κεντρική Μακεδονία;2025-11-30;Gold
202301;Γιώργος;Κωνσταντίνου;M;47;Αθήνα;Αττική;2025-08-07;Silver
202302;Γιώργος;Βλάχος;M;70;Λάρισα;Θεσσαλία;2025-08-21;Platinum
202303;Χριστίνα;Δημητρίου;F;23;Ρόδος;Νότιο Αιγαίο;2025-12-06;Gold
202304;Δήμητρα;Δημητρίου;F;23;Χανιά;Κρήτη;2024-04-14;Silver
202305;Αγγελική;Αλεξίου;F;65;Καβάλα;Ανατολική Μακεδονία & Θράκη;2024-10-10;Bronze
202306;Παναγιώτης;Αναστασίου;M;48;Καβάλα;Ανατολική Μακεδονία & Θράκη;2025-03-11;Gold
202307;Αγγελική;Καραγιάννης;F;60;Αθήνα;Αττική;2024-10-14;Silver
202308;Χριστίνα;Μιχαηλίδης;F;53;Πάτρα;Δυτική Ελλάδα;2025-12-26;Silver
202309;Κατερίνα;Ιωαννίδης;F;43;Βόλος;Θεσσαλία;2025-09-06;Silver
202310;Βασίλης;Πετρόπουλος;M;22;Λάρισα;Θεσσαλία;2024-06-17;Silver
202311;Γιώργος;Σταματίου;M;54;Τρίκαλα;Θεσσαλία;2024-07-09;Silver
202312;Μαρία;Παπανικολάου;F;35;Καβάλα;Ανατολική Μακεδονία & Θράκη;2025-11-27;Bronze
202313;Κατερίνα;Νικολάου;F;22;Λάρισα;Θεσσαλία;2024-02-26;Bronze
202314;Νίκος;Λαμπρόπουλος;M;42;Ιωάννινα;Ήπειρος;2024-02-03;Bronze
202315;Ιωάννα;Βλάχος;F;31;Χανιά;Κρήτη;2025-08-27;Gold
202316;Ιωάννα;Ζαχαρίου;F;39;Πάτρα;Δυτική Ελλάδα;2024-09-24;Silver
202317;Κατερίνα;Παπαδόπουλος;F;30;Βόλος;Θεσσαλία;2025-09-12;Bronze
202318;Γιώργος;Σταματίου;M;64;Ηράκλειο;Κρήτη;2025-05-31;Silver
202319;Ανδρέας;Δημητρίου;M;52;Τρίκαλα;Θεσσαλία;2025-11-29;Silver
202320;Χριστίνα;Αναστασίου;F;49;Καβάλα;Ανατολική Μακεδονία & Θράκη;2024-11-05;Bronze
202321;Δημήτρης;Ιωαννίδης;M;22;Χανιά;Κρήτη;2025-11-21;Bronze
202322;Ανδρέας;Ζαχαρίου;M;41;Ηράκλειο;Κρήτη;2024-09-30;Gold
202323;Δήμητρα;Λαμπρόπουλος;F;70;Θεσσαλονίκη;Κεντρική Μακεδονία;2024-12-23;Bronze
202324;Κατερίνα;Γεωργίου;F;49;Χανιά;Κρήτη;2025-09-08;Bronze
202325;Θανάσης;Ζαχαρίου;M;37;Τρίκαλα;Θεσσαλία;2025-11-24;Gold
202326;Κώστας;Λαμπρόπουλος;M;42;Βόλος;Θεσσαλία;2025-01-04;Gold
202327;Χρήστος;Σπυρόπουλος;M;40;Ρόδος;Νότιο Αιγαίο;2024-07-01;Bronze
202328;Νίκος;Χατζής;M;32;Λάρισα;Θεσσαλία;2025-06-29;Gold
202329;Βασίλης;Οικονόμου;M;64;Αθήνα;Αττική;2024-07-19;Platinum
202330;Παναγιώτης;Μιχαηλίδης;M;30;Λάρισα;Θεσσαλία;2024-05-10;Silver
202331;Παναγιώτης;Σταματίου;M;24;Τρίκαλα;Θεσσαλία;2025-09-14;Gold
202332;Άννα;Οικονόμου;F;71;Ρόδος;Νότιο Αιγαίο;2024-04-14;Bronze
202333;Κατερίνα;Καραγιάννης;F;30;Λάρισα;Θεσσαλία;2024-04-02;Platinum
202334;Χριστίνα;Δημητρίου;F;30;Ηράκλειο;Κρήτη;2024-03-26;Bronze
202335;Δήμητρα;Αλεξίου;F;72;Αθήνα;Αττική;2024-03-05;Bronze
202336;Δημήτρης;Οικονόμου;M;69;Λάρισα;Θεσσαλία;2024-10-30;Bronze
202337;Αγγελική;Δημητρίου;F;60;Τρίκαλα;Θεσσαλία;2024-04-12;Gold
202338;Δήμητρα;Πετρόπουλος;F;53;Λάρισα;Θεσσαλία;2025-11-10;Gold
202339;Ιωάννα;Καρράς;F;65;Τρίκαλα;Θεσσαλία;2025-03-18;Bronze
202340;Δήμητρα;Αναστασίου;F;25;Χανιά;Κρήτη;2024-07-07;Silver
202341;Κώστας;Καρράς;M;57;Ρόδος;Νότιο Αιγαίο;2024-09-30;Bronze
202342;Χρήστος;Αναστασίου;M;61;Θεσσαλονίκη;Κεντρική Μακεδονία;2025-09-24;Gold
202343;Γιώργος;Καρράς;M;24;Τρίκαλα;Θεσσαλία;2025-01-26;Platinum
202344;Γεωργία;Δημητρίου;F;19;Αθήνα;Αττική;2025-12-20;Silver
202345;Κώστας;Κωνσταντίνου;M;26;Τρίκαλα;Θεσσαλία;2024-05-06;Bronze
202346;Χρήστος;Ζαχαρίου;M;26;Πάτρα;Δυτική Ελλάδα;2025-12-04;Bronze
202347;Δήμητρα;Μιχαηλίδης;F;28;Σέρρες;Κεντρική Μακεδονία;2025-01-25;Gold
202348;Κατερίνα;Παπαδόπουλος;F;51;Ηράκλειο;Κρήτη;2025-10-08;Bronze
202349;Γιώργος;Παπαδόπουλος;M;40;Ρόδος;Νότιο Αιγαίο;2024-08-23;Bronze
202350;Ιωάννα;Νικολάου;F;66;Πάτρα;Δυτική Ελλάδα;2025-07-18;Silver
202351;Δημήτρης;Σταματίου;M;27;Αθήνα;Αττική;2024-02-17;Platinum
202352;Σοφία;Λαμπρόπουλος;F;39;Ρόδος;Νότιο Αιγαίο;2025-05-20;Silver
202353;Άννα;Λαμπρόπουλος;F;47;Θεσσαλονίκη;Κεντρική Μακεδονία;2024-05-28;Silver
202354;Παναγιώτης;Παπανικολάου;M;29;Τρίκαλα;Θεσσαλία;2024-02-15;Bronze
202355;Κώστας;Ζαχαρίου;M;43;Αθήνα;Αττική;2025-01-24;Bronze
202356;Κώστας;Σταματίου;M;34;Αθήνα;Αττική;2025-03-04;Gold
202357;Ιωάννα;Κωνσταντίνου;F;46;Ιωάννινα;Ήπειρος;2025-12-10;Platinum
202358;Μαρία;Χατζής;F;19;Λάρισα;Θεσσαλία;2024-03-26;Silver
202359;Χριστίνα;Μιχαηλίδης;F;62;Λάρισα;Θεσσαλία;2024-07-28;Bronze
202360;Δήμητρα;Ιωαννίδης;F;45;Πάτρα;Δυτική Ελλάδα;2024-08-13;Silver
202361;Αγγελική;Ζαχαρίου;F;50;Καβάλα;Ανατολική Μακεδονία & Θράκη;2025-01-25;Bronze
202362;Νίκος;Αλεξίου;M;42;Σέρρες;Κεντρική Μακεδονία;2024-02-23;Bronze
202363;Κώστας;Χατζής;M;19;Θεσσαλονίκη;Κεντρική Μακεδονία;2024-04-10;Gold
202364;Βασίλης;Μιχαηλίδης;M;18;Λάρισα;Θεσσαλία;2025-05-08;Gold
202365;Ιωάννα;Δημητρίου;F;66;Ρόδος;Νότιο Αιγαίο;2025-09-22;Bronze
202366;Δημήτρης;Παπανικολάου;M;25;Τρίκαλα;Θεσσαλία;2024-09-19;Gold
202367;Άννα;Λαμπρόπουλος;F;28;Τρίκαλα;Θεσσαλία;2025-08-06;Bronze
202368;Θανάσης;Γεωργίου;M;34;Καβάλα;Ανατολική Μακεδονία & Θράκη;2025-07-30;Silver
202369;Άννα;Αναστασίου;F;46;Πάτρα;Δυτική Ελλάδα;2025-07-28;Bronze
202370;Ελένη;Καρράς;F;48;Ηράκλειο;Κρήτη;2025-10-16;Bronze
202371;Άννα;Νικολάου;F;60;Τρίκαλα;Θεσσαλία;2025-02-07;Silver
202372;Αγγελική;Ζαχαρίου;F;43;Σέρρες;Κεντρική Μακεδονία;2025-06-25;Silver
202373;Δήμητρα;Μιχαηλίδης;F;62;Σέρρες;Κεντρική Μακεδονία;2024-06-01;Silver
202374;Ανδρέας;Λαμπρόπουλος;M;60;Πάτρα;Δυτική Ελλάδα;2024-06-11;Silver
202375;Βασίλης;Παπαδόπουλος;M;66;Θεσσαλονίκη;Κεντρική Μακεδονία;2025-06-23;Bronze
202376;Ανδρέας;Αλεξίου;M;20;Ιωάννινα;Ήπειρος;2025-06-06;Silver
202377;Αγγελική;Αναστασίου;F;61;Ιωάννινα;Ήπειρος;2025-05-11;Gold
202378;Αγγελική;Παπαδόπουλος;F;57;Ιωάννινα;Ήπειρος;2024-10-12;Bronze
202379;Μιχάλης;Κωνσταντίνου;M;64;Λάρισα;Θεσσαλία;2025-08-11;Bronze
202380;Δήμητρα;Νικολάου;F;23;Ηράκλειο;Κρήτη;2024-12-31;Silver
202381;Μιχάλης;Παπανικολάου;M;40;Σέρρες;Κεντρική Μακεδονία;2025-12-27;Bronze
202382;Βασίλης;Πετρόπουλος;M;49;Λάρισα;Θεσσαλία;2025-07-04;Silver
202383;Ελένη;Δημητρίου;F;63;Σέρρες;Κεντρική Μακεδονία;2024-10-25;Platinum
202384;Κατερίνα;Καρράς;F;46;Βόλος;Θεσσαλία;2024-05-03;Gold
202385;Θανάσης;Πετρόπουλος;M;49;Ιωάννινα;Ήπειρος;2024-09-20;Bronze
202386;Γεωργία;Καρράς;F;40;Βόλος;Θεσσαλία;2024-03-14;Gold
202387;Σοφία;Γεωργίου;F;57;Ιωάννινα;Ήπειρος;2025-03-27;Silver
202388;Άννα;Παπαδόπουλος;F;69;Αθήνα;Αττική;2025-08-02;Platinum
202389;Αγγελική;Σταματίου;F;21;Θεσσαλονίκη;Κεντρική Μακεδονία;2025-02-09;Gold
202390;Νίκος;Παπανικολάου;M;54;Καβάλα;Ανατολική Μακεδονία & Θράκη;2025-10-29;Silver
202391;Παναγιώτης;Νικολάου;M;26;Χανιά;Κρήτη;2024-10-14;Gold
202392;Παναγιώτης;Πετρόπουλος;M;28;Καβάλα;Ανατολική Μακεδονία & Θράκη;2025-01-25;Bronze
202393;Θανάσης;Ζαχαρίου;M;67;Λάρισα;Θεσσαλία;2025-03-22;Silver
202394;Νίκος;Ζαχαρίου;M;20;Λάρισα;Θεσσαλία;2024-01-09;Gold
202395;Παναγιώτης;Λαμπρόπουλος;M;18;Θεσσαλονίκη;Κεντρική Μακεδονία;2024-12-07;Gold
202396;Άννα;Ιωαννίδης;F;68;Χανιά;Κρήτη;2025-02-12;Bronze
202397;Ελένη;Ιωαννίδης;F;38;Λάρισα;Θεσσαλία;2024-10-06;Bronze
202398;Ανδρέας;Βλάχος;M;55;Πάτρα;Δυτική Ελλάδα;2025-02-06;Bronze
202399;Ιωάννα;Κωνσταντίνου;F;65;Ιωάννινα;Ήπειρος;2025-10-10;Silver
202400;Κατερίνα;Οικονόμου;F;58;Βόλος;Θεσσαλία;2024-07-30;Bronze
202401;Γεωργία;Χατζής;F;22;Θεσσαλονίκη;Κεντρική Μακεδονία;2025-09-05;Silver
202402;Χριστίνα;Σπυρόπουλος;F;65;Σέρρες;Κεντρική Μακεδονία;2025-11-30;Bronze
202403;Μαρία;Σταματίου;F;23;Βόλος;Θεσσαλία;2024-11-24;Silver
202404;Βασίλης;Βλάχος;M;19;Σέρρες;Κεντρική Μακεδονία;2025-05-24;Silver
202405;Αγγελική;Νικολάου;F;23;Πάτρα;Δυτική Ελλάδα;2025-01-30;Bronze
202406;Άννα;Πετρόπουλος;F;41;Ιωάννινα;Ήπειρος;2025-05-04;Silver
202407;Σοφία;Μιχαηλίδης;F;18;Καβάλα;Ανατολική Μακεδονία & Θράκη;2025-07-28;Silver
202408;Μιχάλης;Παπανικολάου;M;23;Σέρρες;Κεντρική Μακεδονία;2025-07-30;Silver
202409;Θανάσης;Ζαχαρίου;M;22;Καβάλα;Ανατολική Μακεδονία & Θράκη;2025-05-09;Bronze
202410;Κώστας;Χατζής;M;61;Τρίκαλα;Θεσσαλία;2024-10-10;Bronze
202411;Γεωργία;Σταματίου;F;39;Ηράκλειο;Κρήτη;2025-11-19;Bronze
202412;Γεωργία;Λαμπρόπουλος;F;29;Χανιά;Κρήτη;2025-11-20;Gold
202413;Γεωργία;Καραγιάννης;F;35;Καβάλα;Ανατολική Μακεδονία & Θράκη;2025-03-31;Bronze
202414;Δήμητρα;Χατζής;F;20;Καβάλα;Ανατολική Μακεδονία & Θράκη;2024-01-20;Bronze
202415;Γεωργία;Κωνσταντίνου;F;59;Τρίκαλα;Θεσσαλία;2024-08-03;Silver
202416;Άννα;Καρράς;F;52;Καβάλα;Ανατολική Μακεδονία & Θράκη;2025-11-04;Silver
202417;Χριστίνα;Χατζής;F;29;Πάτρα;Δυτική Ελλάδα;2024-01-03;Gold
202418;Γεωργία;Οικονόμου;F;49;Ιωάννινα;Ήπειρος;2025-12-11;Bronze
202419;Ανδρέας;Αλεξίου;M;41;Ρόδος;Νότιο Αιγαίο;2025-04-19;Silver
202420;Γιώργος;Γεωργίου;M;25;Βόλος;Θεσσαλία;2025-10-20;Bronze
202421;Άννα;Αναστασίου;F;57;Λάρισα;Θεσσαλία;2024-09-03;Silver
202422;Αγγελική;Καραγιάννης;F;26;Πάτρα;Δυτική Ελλάδα;2024-12-26;Platinum
202423;Αγγελική;Παπανικολάου;F;43;Λάρισα;Θεσσαλία;2024-04-16;Bronze
202424;Ιωάννα;Αναστασίου;F;24;Ιωάννινα;Ήπειρος;2025-06-30;Bronze
202425;Ιωάννα;Αλεξίου;F;57;Σέρρες;Κεντρική Μακεδονία;2024-11-17;Bronze
202426;Βασίλης;Ιωαννίδης;M;41;Βόλος;Θεσσαλία;2025-07-19;Bronze
202427;Ιωάννα;Πετρόπουλος;F;37;Καβάλα;Ανατολική Μακεδονία & Θράκη;2025-01-05;Gold
202428;Χρήστος;Μιχαηλίδης;M;20;Πάτρα;Δυτική Ελλάδα;2025-06-27;Gold
202429;Ελένη;Αλεξίου;F;44;Πάτρα;Δυτική Ελλάδα;2024-09-01;Bronze
202430;Ιωάννα;Παπαδόπουλος;F;37;Αθήνα;Αττική;2025-04-21;Bronze
202431;Γεωργία;Σπυρόπουλος;F;58;Τρίκαλα;Θεσσαλία;2024-04-08;Bronze
202432;Γεωργία;Καραγιάννης;F;64;Τρίκαλα;Θεσσαλία;2024-09-08;Platinum
202433;Βασίλης;Ιωαννίδης;M;63;Βόλος;Θεσσαλία;2025-08-08;Bronze
202434;Βασίλης;Αλεξίου;M;49;Λάρισα;Θεσσαλία;2025-01-16;Silver
202435;Μαρία;Γεωργίου;F;47;Αθήνα;Αττική;2024-07-14;Silver
202436;Ελένη;Παπαδόπουλος;F;22;Καβάλα;Ανατολική Μακεδονία & Θράκη;2024-12-22;Silver
202437;Γιώργος;Γεωργίου;M;46;Τρίκαλα;Θεσσαλία;2024-02-06;Platinum
202438;Γεωργία;Κωνσταντίνου;F;54;Αθήνα;Αττική;2025-05-15;Silver
202439;Βασίλης;Παπανικολάου;M;38;Σέρρες;Κεντρική Μακεδονία;2024-04-10;Bronze
202440;Νίκος;Ιωαννίδης;M;55;Ηράκλειο;Κρήτη;2025-11-11;Silver
202441;Ιωάννα;Μιχαηλίδης;F;61;Ηράκλειο;Κρήτη;2024-12-27;Platinum
202442;Ιωάννα;Βλάχος;F;41;Σέρρες;Κεντρική Μακεδονία;2024-12-30;Silver
202443;Μαρία;Καραγιάννης;F;21;Καβάλα;Ανατολική Μακεδονία & Θράκη;2024-05-11;Bronze
202444;Παναγιώτης;Δημητρίου;M;31;Ηράκλειο;Κρήτη;2024-12-19;Gold
202445;Θανάσης;Παπαδόπουλος;M;22;Λάρισα;Θεσσαλία;2024-07-13;Bronze
202446;Σοφία;Σταματίου;F;49;Σέρρες;Κεντρική Μακεδονία;2024-11-13;Platinum
202447;Χρήστος;Μιχαηλίδης;M;72;Σέρρες;Κεντρική Μακεδονία;2024-08-18;Bronze
202448;Ιωάννα;Δημητρίου;F;62;Λάρισα;Θεσσαλία;2025-06-16;Platinum
202449;Γιώργος;Οικονόμου;M;47;Σέρρες;Κεντρική Μακεδονία;2024-08-21;Gold
202450;Δήμητρα;Λαμπρόπουλος;F;70;Πάτρα;Δυτική Ελλάδα;2025-02-03;Gold
202451;Ανδρέας;Σταματίου;M;60;Ιωάννινα;Ήπειρος;2024-08-30;Gold
202452;Γεωργία;Κωνσταντίνου;F;63;Θεσσαλονίκη;Κεντρική Μακεδονία;2024-05-24;Gold
202453;Χριστίνα;Χατζής;F;24;Θεσσαλονίκη;Κεντρική Μακεδονία;2024-05-09;Silver
202454;Κώστας;Δημητρίου;M;34;Σέρρες;Κεντρική Μακεδονία;2025-11-04;Bronze
202455;Χρήστος;Δημητρίου;M;24;Ρόδος;Νότιο Αιγαίο;2025-05-15;Gold
202456;Ανδρέας;Πετρόπουλος;M;37;Ιωάννινα;Ήπειρος;2024-11-22;Silver
202457;Σοφία;Μιχαηλίδης;F;41;Τρίκαλα;Θεσσαλία;2024-08-07;Bronze
202458;Σοφία;Αναστασίου;F;22;Θεσσαλονίκη;Κεντρική Μακεδονία;2025-06-17;Bronze
202459;Ελένη;Αλεξίου;F;42;Καβάλα;Ανατολική Μακεδονία & Θράκη;2024-07-11;Silver
202460;Ανδρέας;Νικολάου;M;21;Ηράκλειο;Κρήτη;2025-07-19;Gold
202461;Θανάσης;Αλεξίου;M;46;Τρίκαλα;Θεσσαλία;2025-03-15;Silver
202462;Βασίλης;Κωνσταντίνου;M;49;Θεσσαλονίκη;Κεντρική Μακεδονία;2024-09-23;Bronze
202463;Κώστας;Παπαδόπουλος;M;22;Λάρισα;Θεσσαλία;2025-11-08;Silver
202464;Δημήτρης;Παπανικολάου;M;35;Αθήνα;Αττική;2024-04-09;Bronze
202465;Κατερίνα;Λαμπρόπουλος;F;31;Ιωάννινα;Ήπειρος;2024-01-12;Bronze
202466;Χριστίνα;Αναστασίου;F;47;Καβάλα;Ανατολική Μακεδονία & Θράκη;2024-02-17;Silver
202467;Χρήστος;Καραγιάννης;M;45;Θεσσαλονίκη;Κεντρική Μακεδονία;2025-07-10;Bronze
202468;Χριστίνα;Νικολάου;F;65;Ρόδος;Νότιο Αιγαίο;2025-01-17;Bronze
202469;Ιωάννα;Δημητρίου;F;58;Ιωάννινα;Ήπειρος;2024-07-08;Platinum
202470;Κατερίνα;Οικονόμου;F;36;Χανιά;Κρήτη;2025-06-20;Gold
202471;Αγγελική;Οικονόμου;F;60;Λάρισα;Θεσσαλία;2024-04-15;Silver
202472;Γιώργος;Βλάχος;M;70;Σέρρες;Κεντρική Μακεδονία;2024-06-14;Bronze
202473;Δήμητρα;Μιχαηλίδης;F;34;Ρόδος;Νότιο Αιγαίο;2025-03-15;Silver
202474;Θανάσης;Πετρόπουλος;M;23;Ιωάννινα;Ήπειρος;2024-02-07;Bronze
202475;Θανάσης;Παπαδόπουλος;M;42;Λάρισα;Θεσσαλία;2025-08-05;Bronze
202476;Μαρία;Βλάχος;F;37;Πάτρα;Δυτική Ελλάδα;2024-12-10;Gold
202477;Θανάσης;Σπυρόπουλος;M;61;Αθήνα;Αττική;2024-05-06;Silver
202478;Αγγελική;Χατζής;F;24;Ηράκλειο;Κρήτη;2025-02-10;Platinum
202479;Θανάσης;Μιχαηλίδης;M;47;Αθήνα;Αττική;2025-04-18;Bronze
202480;Ανδρέας;Βλάχος;M;22;Ρόδος;Νότιο Αιγαίο;2024-09-11;Silver
202481;Κατερίνα;Παπανικολάου;F;28;Ιωάννινα;Ήπειρος;2024-01-04;Bronze
202482;Χρήστος;Χατζής;M;65;Αθήνα;Αττική;2025-07-17;Silver
202483;Δήμητρα;Κωνσταντίνου;F;50;Αθήνα;Αττική;2024-05-24;Gold
202484;Δημήτρης;Ιωαννίδης;M;52;Ηράκλειο;Κρήτη;2025-05-30;Gold
202485;Θανάσης;Δημητρίου;M;18;Ιωάννινα;Ήπειρος;2025-01-05;Bronze
202486;Ελένη;Καραγιάννης;F;37;Βόλος;Θεσσαλία;2024-09-16;Bronze
202487;Ανδρέας;Γεωργίου;M;19;Πάτρα;Δυτική Ελλάδα;2024-03-24;Bronze
202488;Κώστας;Λαμπρόπουλος;M;33;Ηράκλειο;Κρήτη;2024-03-29;Silver
202489;Αγγελική;Χατζής;F;63;Καβάλα;Ανατολική Μακεδονία & Θράκη;2025-08-02;Silver
202490;Ανδρέας;Πετρόπουλος;M;47;Θεσσαλονίκη;Κεντρική Μακεδονία;2025-05-19;Gold
202491;Μιχάλης;Παπαδόπουλος;M;30;Αθήνα;Αττική;2024-12-19;Bronze
202492;Μαρία;Χατζής;F;37;Θεσσαλονίκη;Κεντρική Μακεδονία;2024-05-12;Bronze
202493;Μαρία;Παπανικολάου;F;23;Ιωάννινα;Ήπειρος;2024-09-16;Silver
202494;Βασίλης;Χατζής;M;38;Ηράκλειο;Κρήτη;2024-09-01;Bronze
202495;Ελένη;Λαμπρόπουλος;F;47;Ιωάννινα;Ήπειρος;2025-04-13;Silver
202496;Μαρία;Παπαδόπουλος;F;42;Λάρισα;Θεσσαλία;2024-08-17;Bronze
202497;Άννα;Δημητρίου;F;58;Καβάλα;Ανατολική Μακεδονία & Θράκη;2024-08-30;Bronze
202498;Κώστας;Κωνσταντίνου;M;55;Ιωάννινα;Ήπειρος;2025-04-07;Bronze
202499;Σοφία;Παπανικολάου;F;25;Αθήνα;Αττική;2024-11-05;Silver
202500;Θανάσης;Αναστασίου;M;62;Καβάλα;Ανατολική Μακεδονία & Θράκη;2024-08-10;Gold
202501;Ανδρέας;Μιχαηλίδης;M;19;Βόλος;Θεσσαλία;2024-10-23;Bronze
202502;Μιχάλης;Πετρόπουλος;M;67;Ρόδος;Νότιο Αιγαίο;2025-01-03;Gold
202503;Ιωάννα;Καρράς;F;71;Θεσσαλονίκη;Κεντρική Μακεδονία;2024-04-17;Bronze
202504;Γεωργία;Καραγιάννης;F;43;Λάρισα;Θεσσαλία;2025-04-05;Bronze
202505;Χριστίνα;Παπανικολάου;F;47;Πάτρα;Δυτική Ελλάδα;2025-06-08;Silver
202506;Κατερίνα;Σταματίου;F;42;Σέρρες;Κεντρική Μακεδονία;2025-08-13;Bronze
202507;Σοφία;Παπαδόπουλος;F;66;Ηράκλειο;Κρήτη;2025-08-16;Bronze
202508;Χριστίνα;Ζαχαρίου;F;72;Βόλος;Θεσσαλία;2025-03-02;Bronze
202509;Χριστίνα;Χατζής;F;64;Ρόδος;Νότιο Αιγαίο;2024-07-05;Gold
202510;Ελένη;Αλεξίου;F;51;Πάτρα;Δυτική Ελλάδα;2025-02-23;Gold
202511;Μαρία;Πετρόπουλος;F;67;Καβάλα;Ανατολική Μακεδονία & Θράκη;2025-03-27;Gold
202512;Γεωργία;Ιωαννίδης;F;47;Αθήνα;Αττική;2025-10-31;Bronze
202513;Κατερίνα;Μιχαηλίδης;F;32;Καβάλα;Ανατολική Μακεδονία & Θράκη;2025-04-24;Silver
202514;Ελένη;Δημητρίου;F;21;Καβάλα;Ανατολική Μακεδονία & Θράκη;2024-09-01;Platinum
202515;Κώστας;Λαμπρόπουλος;M;56;Ιωάννινα;Ήπειρος;2024-06-25;Bronze
202516;Χρήστος;Λαμπρόπουλος;M;59;Πάτρα;Δυτική Ελλάδα;2024-10-21;Bronze
202517;Δημήτρης;Βλάχος;M;21;Πάτρα;Δυτική Ελλάδα;2024-08-08;Silver
202518;Παναγιώτης;Κωνσταντίνου;M;42;Αθήνα;Αττική;2025-02-14;Gold
202519;Χρήστος;Χατζής;M;34;Τρίκαλα;Θεσσαλία;2024-08-20;Silver
202520;Χρήστος;Πετρόπουλος;M;40;Σέρρες;Κεντρική Μακεδονία;2024-05-13;Bronze
202521;Αγγελική;Μιχαηλίδης;F;38;Πάτρα;Δυτική Ελλάδα;2025-09-05;Bronze
202522;Βασίλης;Παπανικολάου;M;33;Καβάλα;Ανατολική Μακεδονία & Θράκη;2024-02-19;Bronze
202523;Σοφία;Κωνσταντίνου;F;51;Χανιά;Κρήτη;2024-12-10;Bronze
202524;Δήμητρα;Βλάχος;F;24;Θεσσαλονίκη;Κεντρική Μακεδονία;2025-08-15;Silver
202525;Παναγιώτης;Σταματίου;M;41;Βόλος;Θεσσαλία;2024-11-14;Gold
202526;Ανδρέας;Βλάχος;M;46;Ιωάννινα;Ήπειρος;2024-11-05;Platinum
202527;Δήμητρα;Παπαδόπουλος;F;48;Χανιά;Κρήτη;2025-03-10;Silver
202528;Αγγελική;Μιχαηλίδης;F;19;Σέρρες;Κεντρική Μακεδονία;2024-07-03;Bronze
202529;Κώστας;Γεωργίου;M;33;Θεσσαλονίκη;Κεντρική Μακεδονία;2025-05-07;Bronze
202530;Θανάσης;Παπανικολάου;M;53;Ιωάννινα;Ήπειρος;2025-02-28;Gold
202531;Βασίλης;Καραγιάννης;M;54;Χανιά;Κρήτη;2025-05-10;Bronze
202532;Άννα;Δημητρίου;F;34;Πάτρα;Δυτική Ελλάδα;2024-11-13;Silver
202533;Κατερίνα;Χατζής;F;70;Θεσσαλονίκη;Κεντρική Μακεδονία;2025-04-30;Gold
202534;Σοφία;Αναστασίου;F;25;Ιωάννινα;Ήπειρος;2024-01-09;Bronze
202535;Βασίλης;Λαμπρόπουλος;M;50;Αθήνα;Αττική;2025-04-27;Bronze
202536;Ελένη;Οικονόμου;F;29;Χανιά;Κρήτη;2025-05-14;Bronze
202537;Κώστας;Παπαδόπουλος;M;27;Σέρρες;Κεντρική Μακεδονία;2024-06-12;Silver
202538;Νίκος;Καραγιάννης;M;41;Λάρισα;Θεσσαλία;2025-01-10;Platinum
202539;Χρήστος;Κωνσταντίνου;M;51;Καβάλα;Ανατολική Μακεδονία & Θράκη;2025-09-26;Bronze
202540;Γιώργος;Κωνσταντίνου;M;43;Ιωάννινα;Ήπειρος;2024-05-14;Gold
202541;Μαρία;Γεωργίου;F;40;Πάτρα;Δυτική Ελλάδα;2025-02-19;Silver
202542;Σοφία;Κωνσταντίνου;F;28;Αθήνα;Αττική;2024-08-23;Gold
202543;Μαρία;Καραγιάννης;F;52;Βόλος;Θεσσαλία;2024-10-26;Silver
202544;Δημήτρης;Παπαδόπουλος;M;54;Βόλος;Θεσσαλία;2025-06-03;Platinum
202545;Δημήτρης;Λαμπρόπουλος;M;31;Ιωάννινα;Ήπειρος;2025-07-01;Silver
202546;Χρήστος;Οικονόμου;M;68;Θεσσαλονίκη;Κεντρική Μακεδονία;2024-09-22;Bronze
202547;Δημήτρης;Νικολάου;M;43;Καβάλα;Ανατολική Μακεδονία & Θράκη;2024-03-18;Bronze
202548;Αγγελική;Γεωργίου;F;57;Σέρρες;Κεντρική Μακεδονία;2025-04-16;Bronze
202549;Μαρία;Γεωργίου;F;54;Ιωάννινα;Ήπειρος;2025-05-23;Silver
202550;Κατερίνα;Παπαδόπουλος;F;57;Πάτρα;Δυτική Ελλάδα;2024-12-24;Bronze
202551;Γιώργος;Γεωργίου;M;72;Χανιά;Κρήτη;2024-06-07;Silver
202552;Κατερίνα;Βλάχος;F;32;Τρίκαλα;Θεσσαλία;2024-06-01;Platinum
202553;Μαρία;Κωνσταντίνου;F;54;Σέρρες;Κεντρική Μακεδονία;2024-07-21;Gold
202554;Αγγελική;Σταματίου;F;55;Θεσσαλονίκη;Κεντρική Μακεδονία;2024-12-17;Silver
202555;Δήμητρα;Γεωργίου;F;22;Ιωάννινα;Ήπειρος;2024-08-04;Gold
202556;Ελένη;Αναστασίου;F;56;Πάτρα;Δυτική Ελλάδα;2024-01-20;Gold
202557;Δήμητρα;Σπυρόπουλος;F;37;Τρίκαλα;Θεσσαλία;2024-04-23;Platinum
202558;Κατερίνα;Αναστασίου;F;53;Καβάλα;Ανατολική Μακεδονία & Θράκη;2024-08-31;Silver
202559;Χρήστος;Νικολάου;M;40;Ρόδος;Νότιο Αιγαίο;2024-03-22;Silver
202560;Νίκος;Σταματίου;M;37;Σέρρες;Κεντρική Μακεδονία;2025-08-11;Platinum
202561;Ιωάννα;Βλάχος;F;66;Σέρρες;Κεντρική Μακεδονία;2025-03-20;Silver
202562;Ιωάννα;Σταματίου;F;66;Λάρισα;Θεσσαλία;2024-10-31;Bronze
202563;Άννα;Παπανικολάου;F;37;Ρόδος;Νότιο Αιγαίο;2025-04-18;Silver
202564;Θανάσης;Μιχαηλίδης;M;41;Καβάλα;Ανατολική Μακεδονία & Θράκη;2024-04-22;Bronze
202565;Σοφία;Βλάχος;F;51;Σέρρες;Κεντρική Μακεδονία;2025-10-25;Bronze
202566;Θανάσης;Χατζής;M;21;Ηράκλειο;Κρήτη;2024-10-03;Gold
202567;Παναγιώτης;Νικολάου;M;36;Καβάλα;Ανατολική Μακεδονία & Θράκη;2025-08-18;Gold
202568;Γιώργος;Οικονόμου;M;54;Λάρισα;Θεσσαλία;2024-01-10;Silver
202569;Δήμητρα;Καραγιάννης;F;32;Καβάλα;Ανατολική Μακεδονία & Θράκη;2025-03-01;Bronze
202570;Χρήστος;Μιχαηλίδης;M;62;Τρίκαλα;Θεσσαλία;2024-05-21;Bronze
202571;Γεωργία;Νικολάου;F;20;Ηράκλειο;Κρήτη;2025-02-26;Gold
202572;Γιώργος;Πετρόπουλος;M;66;Θεσσαλονίκη;Κεντρική Μακεδονία;2024-10-01;Gold
202573;Νίκος;Παπανικολάου;M;27;Καβάλα;Ανατολική Μακεδονία & Θράκη;2024-09-04;Bronze
202574;Μιχάλης;Σταματίου;M;70;Πάτρα;Δυτική Ελλάδα;2025-02-09;Bronze
202575;Παναγιώτης;Καραγιάννης;M;39;Ιωάννινα;Ήπειρος;2025-08-08;Platinum
202576;Γιώργος;Δημητρίου;M;51;Λάρισα;Θεσσαλία;2024-05-08;Gold
202577;Δημήτρης;Παπανικολάου;M;57;Χανιά;Κρήτη;2024-10-06;Bronze
202578;Κατερίνα;Σταματίου;F;54;Χανιά;Κρήτη;2025-10-14;Bronze
202579;Γεωργία;Καρράς;F;61;Ιωάννινα;Ήπειρος;2025-12-11;Silver
202580;Ελένη;Ιωαννίδης;F;33;Ρόδος;Νότιο Αιγαίο;2024-01-21;Gold
202581;Χρήστος;Σταματίου;M;65;Λάρισα;Θεσσαλία;2025-04-21;Silver
202582;Χρήστος;Παπανικολάου;M;18;Αθήνα;Αττική;2024-07-26;Bronze
202583;Θανάσης;Οικονόμου;M;63;Σέρρες;Κεντρική Μακεδονία;2024-02-26;Bronze
202584;Χριστίνα;Δημητρίου;F;71;Σέρρες;Κεντρική Μακεδονία;2024-11-15;Bronze
202585;Αγγελική;Καραγιάννης;F;33;Τρίκαλα;Θεσσαλία;2025-12-23;Bronze
202586;Μαρία;Αναστασίου;F;29;Σέρρες;Κεντρική Μακεδονία;2024-09-11;Bronze
202587;Γεωργία;Νικολάου;F;64;Τρίκαλα;Θεσσαλία;2024-03-03;Silver
202588;Δήμητρα;Κωνσταντίνου;F;54;Ηράκλειο;Κρήτη;2025-09-28;Bronze
202589;Θανάσης;Μιχαηλίδης;M;55;Αθήνα;Αττική;2024-10-10;Bronze
202590;Θανάσης;Σταματίου;M;68;Τρίκαλα;Θεσσαλία;2024-12-21;Bronze
202591;Αγγελική;Βλάχος;F;39;Καβάλα;Ανατολική Μακεδονία & Θράκη;2024-07-21;Bronze
202592;Δημήτρης;Βλάχος;M;19;Καβάλα;Ανατολική Μακεδονία & Θράκη;2024-08-26;Bronze
202593;Δημήτρης;Οικονόμου;M;29;Ηράκλειο;Κρήτη;2025-03-09;Bronze
202594;Κώστας;Αναστασίου;M;66;Καβάλα;Ανατολική Μακεδονία & Θράκη;2024-09-16;Bronze
202595;Άννα;Σπυρόπουλος;F;28;Αθήνα;Αττική;2024-09-04;Bronze
202596;Ανδρέας;Δημητρίου;M;43;Αθήνα;Αττική;2024-05-08;Bronze
202597;Ανδρέας;Γεωργίου;M;70;Αθήνα;Αττική;2025-05-14;Silver
202598;Δήμητρα;Παπανικολάου;F;52;Καβάλα;Ανατολική Μακεδονία & Θράκη;2024-02-25;Gold
202599;Μαρία;Κωνσταντίνου;F;27;Πάτρα;Δυτική Ελλάδα;2025-10-25;Gold
202600;Δήμητρα;Μιχαηλίδης;F;37;Θεσσαλονίκη;Κεντρική Μακεδονία;2024-03-21;Silver
202601;Ανδρέας;Ιωαννίδης;M;72;Θεσσαλονίκη;Κεντρική Μακεδονία;2024-05-14;Bronze
202602;Μιχάλης;Ζαχαρίου;M;22;Ρόδος;Νότιο Αιγαίο;2024-04-03;Gold
202603;Μαρία;Ιωαννίδης;F;63;Τρίκαλα;Θεσσαλία;2024-08-16;Silver
202604;Γεωργία;Κωνσταντίνου;F;66;Θεσσαλονίκη;Κεντρική Μακεδονία;2025-09-23;Silver
202605;Ελένη;Παπανικολάου;F;62;Καβάλα;Ανατολική Μακεδονία & Θράκη;2024-11-17;Bronze
202606;Χρήστος;Καρράς;M;69;Ηράκλειο;Κρήτη;2024-06-26;Platinum
202607;Παναγιώτης;Καρράς;M;33;Αθήνα;Αττική;2025-03-16;Bronze
202608;Κατερίνα;Δημητρίου;F;60;Σέρρες;Κεντρική Μακεδονία;2025-07-03;Silver
202609;Άννα;Παπανικολάου;F;26;Αθήνα;Αττική;2024-01-01;Silver
202610;Ανδρέας;Οικονόμου;M;36;Πάτρα;Δυτική Ελλάδα;2024-02-26;Bronze
202611;Αγγελική;Ιωαννίδης;F;60;Σέρρες;Κεντρική Μακεδονία;2025-03-06;Silver
202612;Ελένη;Αναστασίου;F;30;Σέρρες;Κεντρική Μακεδονία;2024-08-08;Silver
202613;Μαρία;Ζαχαρίου;F;20;Τρίκαλα;Θεσσαλία;2025-08-30;Bronze
202614;Νίκος;Αναστασίου;M;66;Ιωάννινα;Ήπειρος;2024-04-08;Gold
202615;Θανάσης;Νικολάου;M;49;Χανιά;Κρήτη;2025-06-21;Silver
202616;Βασίλης;Πετρόπουλος;M;31;Αθήνα;Αττική;2024-10-14;Gold
202617;Ελένη;Μιχαηλίδης;F;33;Χανιά;Κρήτη;2025-06-19;Bronze
202618;Αγγελική;Ιωαννίδης;F;23;Χανιά;Κρήτη;2025-12-02;Bronze
202619;Γεωργία;Οικονόμου;F;40;Σέρρες;Κεντρική Μακεδονία;2024-02-06;Silver
202620;Δήμητρα;Μιχαηλίδης;F;66;Χανιά;Κρήτη;2025-07-03;Gold
202621;Ιωάννα;Σταματίου;F;51;Αθήνα;Αττική;2024-01-13;Silver
202622;Μιχάλης;Σταματίου;M;70;Αθήνα;Αττική;2025-10-15;Platinum
202623;Παναγιώτης;Σπυρόπουλος;M;27;Σέρρες;Κεντρική Μακεδονία;2024-07-16;Silver
202624;Χριστίνα;Αναστασίου;F;19;Καβάλα;Ανατολική Μακεδονία & Θράκη;2025-06-12;Bronze
202625;Βασίλης;Βλάχος;M;21;Ιωάννινα;Ήπειρος;2025-09-10;Bronze
202626;Ελένη;Κωνσταντίνου;F;40;Λάρισα;Θεσσαλία;2025-09-14;Silver
202627;Ιωάννα;Δημητρίου;F;34;Ιωάννινα;Ήπειρος;2025-05-07;Bronze
202628;Χρήστος;Μιχαηλίδης;M;51;Χανιά;Κρήτη;2025-03-03;Bronze
202629;Βασίλης;Παπανικολάου;M;66;Καβάλα;Ανατολική Μακεδονία & Θράκη;2024-04-13;Bronze
202630;Δήμητρα;Καρράς;F;20;Βόλος;Θεσσαλία;2025-11-15;Silver
202631;Χριστίνα;Αλεξίου;F;37;Ηράκλειο;Κρήτη;2024-04-01;Silver
202632;Άννα;Χατζής;F;27;Αθήνα;Αττική;2024-02-03;Bronze
202633;Χριστίνα;Παπανικολάου;F;66;Ηράκλειο;Κρήτη;2024-09-02;Gold
202634;Ιωάννα;Βλάχος;F;19;Σέρρες;Κεντρική Μακεδονία;2024-07-23;Bronze
202635;Αγγελική;Καραγιάννης;F;24;Ρόδος;Νότιο Αιγαίο;2024-06-13;Gold
202636;Ανδρέας;Αναστασίου;M;53;Καβάλα;Ανατολική Μακεδονία & Θράκη;2025-11-20;Bronze
202637;Κώστας;Κωνσταντίνου;M;60;Αθήνα;Αττική;2024-05-21;Platinum
202638;Δήμητρα;Παπανικολάου;F;19;Σέρρες;Κεντρική Μακεδονία;2024-02-29;Platinum
202639;Γεωργία;Οικονόμου;F;50;Τρίκαλα;Θεσσαλία;2024-02-07;Silver
202640;Θανάσης;Καραγιάννης;M;43;Σέρρες;Κεντρική Μακεδονία;2025-04-14;Bronze
202641;Κατερίνα;Αναστασίου;F;42;Θεσσαλονίκη;Κεντρική Μακεδονία;2025-02-05;Bronze
202642;Παναγιώτης;Βλάχος;M;51;Ηράκλειο;Κρήτη;2025-11-18;Bronze
202643;Θανάσης;Δημητρίου;M;36;Ηράκλειο;Κρήτη;2024-11-16;Bronze
202644;Γεωργία;Βλάχος;F;19;Καβάλα;Ανατολική Μακεδονία & Θράκη;2025-12-09;Platinum
202645;Ελένη;Σπυρόπουλος;F;54;Ρόδος;Νότιο Αιγαίο;2025-10-21;Bronze
202646;Χριστίνα;Μιχαηλίδης;F;27;Χανιά;Κρήτη;2025-09-26;Silver
202647;Ανδρέας;Γεωργίου;M;51;Ρόδος;Νότιο Αιγαίο;2025-01-21;Bronze
202648;Κατερίνα;Σπυρόπουλος;F;67;Βόλος;Θεσσαλία;2025-10-09;Bronze
202649;Κώστας;Νικολάου;M;33;Αθήνα;Αττική;2024-05-12;Bronze
202650;Μαρία;Ιωαννίδης;F;42;Τρίκαλα;Θεσσαλία;2025-04-24;Silver
202651;Κώστας;Ιωαννίδης;M;23;Σέρρες;Κεντρική Μακεδονία;2025-01-12;Silver
202652;Παναγιώτης;Γεωργίου;M;51;Σέρρες;Κεντρική Μακεδονία;2024-06-18;Gold
202653;Ανδρέας;Δημητρίου;M;44;Ιωάννινα;Ήπειρος;2025-03-17;Bronze
202654;Κώστας;Αλεξίου;M;55;Πάτρα;Δυτική Ελλάδα;2025-05-14;Silver
202655;Σοφία;Καραγιάννης;F;58;Ρόδος;Νότιο Αιγαίο;2024-02-04;Silver
202656;Άννα;Καρράς;F;23;Βόλος;Θεσσαλία;2024-05-23;Silver
202657;Αγγελική;Αναστασίου;F;37;Λάρισα;Θεσσαλία;2024-06-08;Bronze
202658;Παναγιώτης;Λαμπρόπουλος;M;27;Λάρισα;Θεσσαλία;2025-07-03;Silver
202659;Άννα;Δημητρίου;F;33;Καβάλα;Ανατολική Μακεδονία & Θράκη;2024-08-28;Silver
202660;Δήμητρα;Οικονόμου;F;32;Θεσσαλονίκη;Κεντρική Μακεδονία;2024-04-22;Gold
202661;Κώστας;Μιχαηλίδης;M;61;Ιωάννινα;Ήπειρος;2025-10-08;Silver
202662;Παναγιώτης;Γεωργίου;M;56;Ηράκλειο;Κρήτη;2025-11-16;Silver
202663;Χρήστος;Δημητρίου;M;19;Λάρισα;Θεσσαλία;2025-04-10;Platinum
202664;Βασίλης;Χατζής;M;71;Τρίκαλα;Θεσσαλία;2024-05-07;Gold
202665;Ανδρέας;Μιχαηλίδης;M;60;Σέρρες;Κεντρική Μακεδονία;2025-09-05;Bronze
202666;Ιωάννα;Καρράς;F;53;Χανιά;Κρήτη;2025-11-16;Gold
202667;Ελένη;Οικονόμου;F;32;Λάρισα;Θεσσαλία;2024-03-21;Bronze
202668;Νίκος;Ζαχαρίου;M;24;Θεσσαλονίκη;Κεντρική Μακεδονία;2025-07-29;Silver
202669;Μαρία;Παπανικολάου;F;23;Τρίκαλα;Θεσσαλία;2025-12-21;Bronze
202670;Ελένη;Σπυρόπουλος;F;55;Σέρρες;Κεντρική Μακεδονία;2024-01-03;Bronze
202671;Μαρία;Ζαχαρίου;F;41;Ιωάννινα;Ήπειρος;2024-01-02;Silver
202672;Μαρία;Μιχαηλίδης;F;47;Θεσσαλονίκη;Κεντρική Μακεδονία;2024-10-30;Silver
202673;Αγγελική;Αλεξίου;F;22;Αθήνα;Αττική;2024-07-21;Bronze
202674;Χριστίνα;Κωνσταντίνου;F;38;Καβάλα;Ανατολική Μακεδονία & Θράκη;2024-05-08;Platinum
202675;Μιχάλης;Παπανικολάου;M;60;Καβάλα;Ανατολική Μακεδονία & Θράκη;2025-09-06;Bronze
202676;Μιχάλης;Κωνσταντίνου;M;19;Ηράκλειο;Κρήτη;2024-08-07;Gold
202677;Σοφία;Κωνσταντίνου;F;57;Σέρρες;Κεντρική Μακεδονία;2025-08-17;Silver
202678;Μαρία;Πετρόπουλος;F;32;Ηράκλειο;Κρήτη;2025-09-15;Bronze
202679;Χρήστος;Πετρόπουλος;M;36;Θεσσαλονίκη;Κεντρική Μακεδονία;2024-07-09;Gold
202680;Σοφία;Δημητρίου;F;18;Ιωάννινα;Ήπειρος;2024-01-18;Bronze
202681;Ιωάννα;Ιωαννίδης;F;32;Θεσσαλονίκη;Κεντρική Μακεδονία;2025-12-20;Silver
202682;Ανδρέας;Καραγιάννης;M;43;Ηράκλειο;Κρήτη;2024-03-30;Silver
202683;Νίκος;Παπαδόπουλος;M;52;Ρόδος;Νότιο Αιγαίο;2025-02-19;Silver
202684;Χριστίνα;Γεωργίου;F;28;Βόλος;Θεσσαλία;2024-08-19;Bronze
202685;Σοφία;Παπαδόπουλος;F;21;Λάρισα;Θεσσαλία;2025-03-27;Bronze
202686;Ιωάννα;Πετρόπουλος;F;37;Χανιά;Κρήτη;2025-01-22;Gold
202687;Αγγελική;Κωνσταντίνου;F;51;Θεσσαλονίκη;Κεντρική Μακεδονία;2025-04-23;Bronze
202688;Χρήστος;Γεωργίου;M;19;Αθήνα;Αττική;2025-04-11;Gold
202689;Νίκος;Σπυρόπουλος;M;49;Ηράκλειο;Κρήτη;2025-10-31;Silver
202690;Γεωργία;Αλεξίου;F;69;Ηράκλειο;Κρήτη;2024-02-07;Bronze
202691;Νίκος;Δημητρίου;M;46;Θεσσαλονίκη;Κεντρική Μακεδονία;2025-08-10;Silver
202692;Μαρία;Οικονόμου;F;35;Ρόδος;Νότιο Αιγαίο;2024-01-25;Bronze
202693;Παναγιώτης;Αναστασίου;M;36;Θεσσαλονίκη;Κεντρική Μακεδονία;2024-12-31;Bronze
202694;Ιωάννα;Κωνσταντίνου;F;32;Ηράκλειο;Κρήτη;2024-08-26;Silver
202695;Γεωργία;Καρράς;F;62;Βόλος;Θεσσαλία;2025-01-18;Platinum
202696;Θανάσης;Γεωργίου;M;48;Σέρρες;Κεντρική Μακεδονία;2024-01-28;Gold
202697;Ανδρέας;Βλάχος;M;18;Αθήνα;Αττική;2024-11-14;Silver
202698;Χρήστος;Μιχαηλίδης;M;40;Ηράκλειο;Κρήτη;2025-01-30;Silver
202699;Ιωάννα;Βλάχος;F;24;Καβάλα;Ανατολική Μακεδονία & Θράκη;2024-08-09;Platinum
202700;Χριστίνα;Νικολάου;F;35;Χανιά;Κρήτη;2025-05-22;Silver
202701;Δημήτρης;Λαμπρόπουλος;M;70;Βόλος;Θεσσαλία;2025-06-22;Bronze
202702;Άννα;Πετρόπουλος;F;27;Καβάλα;Ανατολική Μακεδονία & Θράκη;2025-11-05;Gold
202703;Ελένη;Κωνσταντίνου;F;62;Θεσσαλονίκη;Κεντρική Μακεδονία;2024-09-04;Bronze
202704;Νίκος;Καραγιάννης;M;56;Ιωάννινα;Ήπειρος;2025-03-26;Platinum
202705;Μαρία;Ιωαννίδης;F;41;Χανιά;Κρήτη;2025-10-18;Bronze
202706;Ανδρέας;Σπυρόπουλος;M;56;Πάτρα;Δυτική Ελλάδα;2024-05-01;Gold
202707;Χρήστος;Νικολάου;M;39;Αθήνα;Αττική;2025-02-06;Silver
202708;Ανδρέας;Κωνσταντίνου;M;43;Λάρισα;Θεσσαλία;2025-02-14;Bronze
202709;Μαρία;Γεωργίου;F;36;Σέρρες;Κεντρική Μακεδονία;2025-10-05;Silver
202710;Ιωάννα;Παπαδόπουλος;F;72;Ηράκλειο;Κρήτη;2025-09-05;Silver
202711;Κατερίνα;Καραγιάννης;F;62;Θεσσαλονίκη;Κεντρική Μακεδονία;2025-07-07;Platinum
202712;Γεωργία;Νικολάου;F;41;Βόλος;Θεσσαλία;2024-05-09;Silver
202713;Ανδρέας;Παπαδόπουλος;M;57;Πάτρα;Δυτική Ελλάδα;2025-02-02;Platinum
202714;Γιώργος;Δημητρίου;M;68;Θεσσαλονίκη;Κεντρική Μακεδονία;2025-11-14;Gold
202715;Νίκος;Παπανικολάου;M;45;Θεσσαλονίκη;Κεντρική Μακεδονία;2025-03-01;Bronze
202716;Άννα;Λαμπρόπουλος;F;34;Λάρισα;Θεσσαλία;2025-09-30;Silver
202717;Κώστας;Δημητρίου;M;72;Ηράκλειο;Κρήτη;2024-01-02;Bronze
202718;Δημήτρης;Ζαχαρίου;M;72;Λάρισα;Θεσσαλία;2025-11-12;Platinum
202719;Βασίλης;Μιχαηλίδης;M;48;Πάτρα;Δυτική Ελλάδα;2024-07-20;Silver
202720;Νίκος;Οικονόμου;M;34;Σέρρες;Κεντρική Μακεδονία;2024-09-25;Silver
202721;Ιωάννα;Βλάχος;F;58;Ιωάννινα;Ήπειρος;2025-01-06;Platinum
202722;Ελένη;Πετρόπουλος;F;26;Πάτρα;Δυτική Ελλάδα;2024-03-14;Gold
202723;Κώστας;Παπαδόπουλος;M;44;Ηράκλειο;Κρήτη;2024-03-24;Silver
202724;Σοφία;Γεωργίου;F;48;Ιωάννινα;Ήπειρος;2024-03-05;Silver
202725;Γιώργος;Νικολάου;M;30;Ιωάννινα;Ήπειρος;2024-09-25;Gold
202726;Γεωργία;Βλάχος;F;45;Χανιά;Κρήτη;2024-07-12;Bronze
202727;Χρήστος;Σπυρόπουλος;M;45;Λάρισα;Θεσσαλία;2024-01-16;Gold
202728;Δημήτρης;Χατζής;M;60;Θεσσαλονίκη;Κεντρική Μακεδονία;2025-12-31;Silver
202729;Κώστας;Παπανικολάου;M;26;Χανιά;Κρήτη;2024-06-01;Gold
202730;Ιωάννα;Γεωργίου;F;29;Ιωάννινα;Ήπειρος;2025-09-08;Bronze
202731;Γεωργία;Πετρόπουλος;F;54;Βόλος;Θεσσαλία;2024-06-18;Platinum
202732;Κατερίνα;Πετρόπουλος;F;44;Λάρισα;Θεσσαλία;2024-09-21;Bronze
202733;Άννα;Καρράς;F;67;Τρίκαλα;Θεσσαλία;2025-07-09;Bronze
202734;Νίκος;Δημητρίου;M;37;Ηράκλειο;Κρήτη;2024-08-14;Bronze
202735;Μαρία;Πετρόπουλος;F;63;Χανιά;Κρήτη;2024-01-26;Bronze
202736;Ιωάννα;Δημητρίου;F;71;Βόλος;Θεσσαλία;2024-11-20;Silver
202737;Χρήστος;Σταματίου;M;67;Καβάλα;Ανατολική Μακεδονία & Θράκη;2025-06-27;Silver
202738;Κώστας;Ιωαννίδης;M;54;Θεσσαλονίκη;Κεντρική Μακεδονία;2025-12-05;Bronze
202739;Χριστίνα;Βλάχος;F;47;Πάτρα;Δυτική Ελλάδα;2024-04-29;Bronze
202740;Χριστίνα;Παπαδόπουλος;F;31;Πάτρα;Δυτική Ελλάδα;2024-07-13;Bronze
202741;Ελένη;Λαμπρόπουλος;F;68;Αθήνα;Αττική;2024-06-28;Silver
202742;Γεωργία;Χατζής;F;54;Καβάλα;Ανατολική Μακεδονία & Θράκη;2025-04-24;Gold
202743;Γεωργία;Αλεξίου;F;56;Βόλος;Θεσσαλία;2025-05-15;Gold
202744;Δήμητρα;Δημητρίου;F;54;Σέρρες;Κεντρική Μακεδονία;2024-05-29;Bronze
202745;Σοφία;Δημητρίου;F;22;Θεσσαλονίκη;Κεντρική Μακεδονία;2025-05-05;Silver
202746;Ιωάννα;Παπαδόπουλος;F;31;Τρίκαλα;Θεσσαλία;2025-06-24;Bronze
202747;Χριστίνα;Σπυρόπουλος;F;45;Θεσσαλονίκη;Κεντρική Μακεδονία;2024-04-15;Bronze
202748;Κατερίνα;Αλεξίου;F;31;Αθήνα;Αττική;2024-01-15;Silver
202749;Χριστίνα;Βλάχος;F;20;Τρίκαλα;Θεσσαλία;2025-06-04;Silver
202750;Παναγιώτης;Λαμπρόπουλος;M;26;Χανιά;Κρήτη;2025-04-22;Bronze
202751;Νίκος;Οικονόμου;M;48;Σέρρες;Κεντρική Μακεδονία;2025-06-18;Silver
202752;Κώστας;Σπυρόπουλος;M;32;Τρίκαλα;Θεσσαλία;2025-03-13;Platinum
202753;Αγγελική;Ιωαννίδης;F;27;Πάτρα;Δυτική Ελλάδα;2024-01-03;Silver
202754;Νίκος;Πετρόπουλος;M;46;Αθήνα;Αττική;2025-07-17;Bronze
202755;Σοφία;Δημητρίου;F;45;Σέρρες;Κεντρική Μακεδονία;2024-06-13;Silver
202756;Άννα;Μιχαηλίδης;F;38;Θεσσαλονίκη;Κεντρική Μακεδονία;2024-06-09;Silver
202757;Δήμητρα;Παπανικολάου;F;23;Σέρρες;Κεντρική Μακεδονία;2025-12-27;Bronze
202758;Ελένη;Οικονόμου;F;50;Θεσσαλονίκη;Κεντρική Μακεδονία;2025-09-25;Bronze
202759;Κατερίνα;Νικολάου;F;45;Πάτρα;Δυτική Ελλάδα;2024-07-31;Silver
202760;Δημήτρης;Καρράς;M;18;Καβάλα;Ανατολική Μακεδονία & Θράκη;2024-05-17;Bronze
202761;Μαρία;Νικολάου;F;65;Σέρρες;Κεντρική Μακεδονία;2025-06-25;Bronze
202762;Παναγιώτης;Νικολάου;M;70;Σέρρες;Κεντρική Μακεδονία;2024-10-08;Bronze
202763;Δήμητρα;Αλεξίου;F;54;Θεσσαλονίκη;Κεντρική Μακεδονία;2025-03-21;Gold
202764;Βασίλης;Παπαδόπουλος;M;56;Θεσσαλονίκη;Κεντρική Μακεδονία;2025-03-01;Silver
202765;Νίκος;Καρράς;M;71;Ιωάννινα;Ήπειρος;2025-09-18;Bronze
202766;Σοφία;Παπαδόπουλος;F;33;Ηράκλειο;Κρήτη;2024-01-02;Bronze
202767;Σοφία;Δημητρίου;F;19;Ιωάννινα;Ήπειρος;2024-04-11;Bronze
202768;Γεωργία;Σπυρόπουλος;F;18;Αθήνα;Αττική;2025-12-03;Silver
202769;Δήμητρα;Λαμπρόπουλος;F;19;Θεσσαλονίκη;Κεντρική Μακεδονία;2024-12-03;Silver
202770;Μιχάλης;Καρράς;M;37;Πάτρα;Δυτική Ελλάδα;2025-08-17;Platinum
202771;Βασίλης;Παπαδόπουλος;M;55;Πάτρα;Δυτική Ελλάδα;2024-10-29;Bronze
202772;Μαρία;Παπανικολάου;F;70;Αθήνα;Αττική;2025-10-31;Silver
202773;Γεωργία;Χατζής;F;63;Ιωάννινα;Ήπειρος;2024-04-11;Silver
202774;Νίκος;Παπανικολάου;M;71;Πάτρα;Δυτική Ελλάδα;2025-12-26;Bronze
202775;Δημήτρης;Σταματίου;M;26;Σέρρες;Κεντρική Μακεδονία;2025-07-19;Platinum
202776;Αγγελική;Λαμπρόπουλος;F;30;Καβάλα;Ανατολική Μακεδονία & Θράκη;2025-10-25;Bronze
202777;Άννα;Ιωαννίδης;F;35;Τρίκαλα;Θεσσαλία;2024-02-28;Platinum
202778;Ιωάννα;Μιχαηλίδης;F;29;Βόλος;Θεσσαλία;2025-11-23;Bronze
202779;Μαρία;Γεωργίου;F;23;Θεσσαλονίκη;Κεντρική Μακεδονία;2024-12-03;Gold
202780;Δήμητρα;Ζαχαρίου;F;61;Ιωάννινα;Ήπειρος;2024-07-04;Silver
202781;Χρήστος;Οικονόμου;M;32;Θεσσαλονίκη;Κεντρική Μακεδονία;2025-03-31;Bronze
202782;Δημήτρης;Παπαδόπουλος;M;34;Βόλος;Θεσσαλία;2025-06-30;Gold
202783;Θανάσης;Καραγιάννης;M;25;Χανιά;Κρήτη;2025-03-18;Bronze
202784;Κατερίνα;Σταματίου;F;56;Ηράκλειο;Κρήτη;2025-01-11;Platinum
202785;Σοφία;Ιωαννίδης;F;56;Πάτρα;Δυτική Ελλάδα;2024-02-16;Bronze
202786;Γεωργία;Καρράς;F;46;Βόλος;Θεσσαλία;2025-03-31;Silver
202787;Νίκος;Αλεξίου;M;68;Καβάλα;Ανατολική Μακεδονία & Θράκη;2025-08-29;Gold
202788;Γιώργος;Αναστασίου;M;66;Βόλος;Θεσσαλία;2025-04-23;Bronze
202789;Μιχάλης;Κωνσταντίνου;M;38;Σέρρες;Κεντρική Μακεδονία;2024-04-16;Bronze
202790;Μαρία;Λαμπρόπουλος;F;54;Βόλος;Θεσσαλία;2025-06-27;Silver
202791;Νίκος;Ιωαννίδης;M;60;Πάτρα;Δυτική Ελλάδα;2024-07-04;Bronze
202792;Δημήτρης;Μιχαηλίδης;M;63;Χανιά;Κρήτη;2025-09-01;Gold
202793;Γιώργος;Ζαχαρίου;M;30;Λάρισα;Θεσσαλία;2025-04-14;Bronze
202794;Κώστας;Ζαχαρίου;M;58;Ρόδος;Νότιο Αιγαίο;2025-06-12;Silver
202795;Γιώργος;Καραγιάννης;M;35;Ιωάννινα;Ήπειρος;2024-04-18;Silver
202796;Θανάσης;Πετρόπουλος;M;66;Σέρρες;Κεντρική Μακεδονία;2025-05-05;Silver
202797;Μιχάλης;Γεωργίου;M;58;Βόλος;Θεσσαλία;2025-12-13;Bronze
202798;Δημήτρης;Αλεξίου;M;51;Σέρρες;Κεντρική Μακεδονία;2025-05-12;Silver
202799;Κατερίνα;Ζαχαρίου;F;41;Τρίκαλα;Θεσσαλία;2025-10-20;Platinum
202800;Αγγελική;Γεωργίου;F;52;Λάρισα;Θεσσαλία;2024-08-28;Platinum
202801;Χριστίνα;Βλάχος;F;21;Τρίκαλα;Θεσσαλία;2025-08-05;Bronze
202802;Μιχάλης;Βλάχος;M;49;Ρόδος;Νότιο Αιγαίο;2024-10-18;Silver
202803;Σοφία;Παπανικολάου;F;47;Σέρρες;Κεντρική Μακεδονία;2025-10-19;Silver
202804;Σοφία;Γεωργίου;F;72;Αθήνα;Αττική;2025-04-07;Bronze
202805;Χρήστος;Νικολάου;M;42;Σέρρες;Κεντρική Μακεδονία;2024-12-17;Bronze
202806;Παναγιώτης;Σπυρόπουλος;M;71;Βόλος;Θεσσαλία;2025-08-04;Bronze
202807;Μαρία;Κωνσταντίνου;F;33;Βόλος;Θεσσαλία;2025-08-16;Silver
202808;Θανάσης;Ζαχαρίου;M;39;Σέρρες;Κεντρική Μακεδονία;2025-10-14;Silver
202809;Μιχάλης;Πετρόπουλος;M;63;Ρόδος;Νότιο Αιγαίο;2025-03-15;Bronze
202810;Ιωάννα;Ζαχαρίου;F;66;Ηράκλειο;Κρήτη;2025-11-19;Silver
202811;Αγγελική;Δημητρίου;F;42;Καβάλα;Ανατολική Μακεδονία & Θράκη;2025-06-22;Bronze
202812;Παναγιώτης;Οικονόμου;M;49;Τρίκαλα;Θεσσαλία;2024-08-03;Bronze
202813;Ελένη;Σπυρόπουλος;F;47;Ιωάννινα;Ήπειρος;2024-04-06;Gold
202814;Ανδρέας;Παπαδόπουλος;M;59;Σέρρες;Κεντρική Μακεδονία;2024-01-03;Silver
202815;Χρήστος;Χατζής;M;28;Πάτρα;Δυτική Ελλάδα;2024-07-14;Bronze
202816;Σοφία;Παπαδόπουλος;F;33;Ηράκλειο;Κρήτη;2025-02-22;Silver
202817;Κατερίνα;Λαμπρόπουλος;F;39;Σέρρες;Κεντρική Μακεδονία;2024-02-14;Silver
202818;Νίκος;Νικολάου;M;70;Σέρρες;Κεντρική Μακεδονία;2025-02-06;Bronze
202819;Μιχάλης;Βλάχος;M;38;Τρίκαλα;Θεσσαλία;2025-11-18;Silver
202820;Παναγιώτης;Πετρόπουλος;M;46;Πάτρα;Δυτική Ελλάδα;2024-09-25;Silver
202821;Δημήτρης;Νικολάου;M;26;Ηράκλειο;Κρήτη;2024-10-01;Silver
202822;Παναγιώτης;Καρράς;M;68;Ρόδος;Νότιο Αιγαίο;2024-12-03;Gold
202823;Ανδρέας;Παπανικολάου;M;41;Βόλος;Θεσσαλία;2025-12-12;Silver
202824;Κώστας;Οικονόμου;M;20;Ιωάννινα;Ήπειρος;2024-04-26;Silver
202825;Δημήτρης;Καρράς;M;37;Λάρισα;Θεσσαλία;2025-01-04;Silver
202826;Χριστίνα;Γεωργίου;F;67;Πάτρα;Δυτική Ελλάδα;2024-04-20;Silver
202827;Θανάσης;Δημητρίου;M;58;Πάτρα;Δυτική Ελλάδα;2025-05-04;Silver
202828;Χρήστος;Παπανικολάου;M;19;Καβάλα;Ανατολική Μακεδονία & Θράκη;2025-02-18;Bronze
202829;Κώστας;Νικολάου;M;52;Σέρρες;Κεντρική Μακεδονία;2024-08-30;Silver
202830;Ανδρέας;Μιχαηλίδης;M;36;Λάρισα;Θεσσαλία;2025-03-05;Silver
202831;Άννα;Παπαδόπουλος;F;34;Βόλος;Θεσσαλία;2025-01-13;Bronze
202832;Γεωργία;Παπανικολάου;F;21;Πάτρα;Δυτική Ελλάδα;2025-02-21;Bronze
202833;Χριστίνα;Παπαδόπουλος;F;49;Καβάλα;Ανατολική Μακεδονία & Θράκη;2025-05-13;Gold
202834;Άννα;Βλάχος;F;59;Πάτρα;Δυτική Ελλάδα;2025-05-14;Bronze
202835;Θανάσης;Πετρόπουλος;M;21;Λάρισα;Θεσσαλία;2025-11-25;Gold
202836;Γιώργος;Ζαχαρίου;M;29;Τρίκαλα;Θεσσαλία;2024-09-07;Bronze
202837;Κατερίνα;Καρράς;F;54;Αθήνα;Αττική;2024-07-07;Platinum
202838;Κώστας;Οικονόμου;M;54;Καβάλα;Ανατολική Μακεδονία & Θράκη;2025-01-18;Platinum
202839;Χρήστος;Γεωργίου;M;47;Ρόδος;Νότιο Αιγαίο;2024-02-08;Bronze
202840;Μαρία;Δημητρίου;F;39;Σέρρες;Κεντρική Μακεδονία;2024-04-20;Bronze
202841;Δημήτρης;Χατζής;M;72;Ηράκλειο;Κρήτη;2024-09-15;Bronze
202842;Μιχάλης;Καρράς;M;56;Καβάλα;Ανατολική Μακεδονία & Θράκη;2024-06-16;Gold
202843;Κατερίνα;Δημητρίου;F;53;Σέρρες;Κεντρική Μακεδονία;2024-07-17;Silver
202844;Θανάσης;Δημητρίου;M;65;Ρόδος;Νότιο Αιγαίο;2024-06-10;Silver
202845;Γεωργία;Νικολάου;F;25;Αθήνα;Αττική;2024-12-11;Bronze
202846;Ελένη;Σταματίου;F;29;Ιωάννινα;Ήπειρος;2024-02-13;Gold
202847;Κώστας;Ζαχαρίου;M;32;Σέρρες;Κεντρική Μακεδονία;2025-04-19;Bronze
202848;Κατερίνα;Σπυρόπουλος;F;67;Αθήνα;Αττική;2024-11-19;Bronze
202849;Ιωάννα;Λαμπρόπουλος;F;52;Καβάλα;Ανατολική Μακεδονία & Θράκη;2024-06-19;Gold
202850;Γιώργος;Μιχαηλίδης;M;30;Πάτρα;Δυτική Ελλάδα;2024-06-11;Silver
202851;Νίκος;Σταματίου;M;44;Ρόδος;Νότιο Αιγαίο;2025-07-20;Bronze
202852;Σοφία;Καρράς;F;63;Ιωάννινα;Ήπειρος;2025-01-09;Silver
202853;Κατερίνα;Κωνσταντίνου;F;49;Ιωάννινα;Ήπειρος;2024-01-14;Gold
202854;Μαρία;Καρράς;F;71;Λάρισα;Θεσσαλία;2025-03-26;Bronze
202855;Δήμητρα;Σταματίου;F;41;Καβάλα;Ανατολική Μακεδονία & Θράκη;2024-08-10;Silver
202856;Σοφία;Καραγιάννης;F;49;Χανιά;Κρήτη;2025-07-03;Bronze
202857;Μαρία;Πετρόπουλος;F;35;Ιωάννινα;Ήπειρος;2024-11-21;Silver
202858;Μαρία;Καρράς;F;23;Πάτρα;Δυτική Ελλάδα;2025-09-21;Silver
202859;Κατερίνα;Λαμπρόπουλος;F;37;Πάτρα;Δυτική Ελλάδα;2025-02-12;Silver
202860;Βασίλης;Νικολάου;M;43;Σέρρες;Κεντρική Μακεδονία;2024-03-13;Silver
202861;Σοφία;Γεωργίου;F;46;Αθήνα;Αττική;2024-01-02;Bronze
202862;Ελένη;Ζαχαρίου;F;45;Αθήνα;Αττική;2024-12-08;Bronze
202863;Αγγελική;Ζαχαρίου;F;18;Ηράκλειο;Κρήτη;2024-03-17;Silver
202864;Χριστίνα;Αναστασίου;F;48;Ρόδος;Νότιο Αιγαίο;2025-01-11;Silver
202865;Μιχάλης;Χατζής;M;51;Ηράκλειο;Κρήτη;2024-05-06;Gold
202866;Κατερίνα;Λαμπρόπουλος;F;61;Βόλος;Θεσσαλία;2024-08-31;Platinum
202867;Ελένη;Μιχαηλίδης;F;68;Αθήνα;Αττική;2024-03-27;Silver
202868;Θανάσης;Λαμπρόπουλος;M;61;Λάρισα;Θεσσαλία;2025-07-23;Bronze
202869;Μαρία;Γεωργίου;F;48;Αθήνα;Αττική;2025-12-09;Silver
202870;Ιωάννα;Γεωργίου;F;41;Πάτρα;Δυτική Ελλάδα;2024-02-10;Silver
202871;Γιώργος;Καραγιάννης;M;70;Λάρισα;Θεσσαλία;2024-02-29;Bronze
202872;Χρήστος;Λαμπρόπουλος;M;55;Βόλος;Θεσσαλία;2025-03-29;Silver
202873;Κατερίνα;Αναστασίου;F;44;Θεσσαλονίκη;Κεντρική Μακεδονία;2025-11-16;Bronze
202874;Νίκος;Οικονόμου;M;71;Ρόδος;Νότιο Αιγαίο;2024-01-01;Bronze
202875;Μαρία;Γεωργίου;F;49;Χανιά;Κρήτη;2025-01-05;Bronze
202876;Γιώργος;Ιωαννίδης;M;21;Πάτρα;Δυτική Ελλάδα;2024-12-22;Silver
202877;Κατερίνα;Βλάχος;F;63;Σέρρες;Κεντρική Μακεδονία;2025-09-24;Bronze
202878;Γιώργος;Σταματίου;M;57;Καβάλα;Ανατολική Μακεδονία & Θράκη;2025-01-08;Gold
202879;Σοφία;Σπυρόπουλος;F;61;Τρίκαλα;Θεσσαλία;2025-10-31;Silver
202880;Άννα;Πετρόπουλος;F;45;Βόλος;Θεσσαλία;2025-09-01;Gold
202881;Σοφία;Κωνσταντίνου;F;71;Πάτρα;Δυτική Ελλάδα;2024-12-20;Bronze
202882;Κατερίνα;Οικονόμου;F;36;Θεσσαλονίκη;Κεντρική Μακεδονία;2025-02-18;Bronze
202883;Άννα;Σπυρόπουλος;F;36;Αθήνα;Αττική;2025-11-27;Gold
202884;Δημήτρης;Βλάχος;M;47;Ρόδος;Νότιο Αιγαίο;2024-08-23;Gold
202885;Χριστίνα;Χατζής;F;67;Σέρρες;Κεντρική Μακεδονία;2025-09-14;Bronze
202886;Χρήστος;Παπαδόπουλος;M;71;Χανιά;Κρήτη;2024-11-23;Bronze
202887;Μιχάλης;Αναστασίου;M;56;Σέρρες;Κεντρική Μακεδονία;2024-02-17;Gold
202888;Γεωργία;Μιχαηλίδης;F;51;Χανιά;Κρήτη;2024-03-21;Bronze
202889;Βασίλης;Οικονόμου;M;31;Βόλος;Θεσσαλία;2025-05-30;Bronze
202890;Μαρία;Ιωαννίδης;F;46;Λάρισα;Θεσσαλία;2024-09-28;Bronze
202891;Άννα;Σταματίου;F;34;Βόλος;Θεσσαλία;2024-09-06;Bronze
202892;Γεωργία;Γεωργίου;F;24;Θεσσαλονίκη;Κεντρική Μακεδονία;2024-04-02;Silver
202893;Βασίλης;Ιωαννίδης;M;69;Τρίκαλα;Θεσσαλία;2024-03-13;Platinum
202894;Χριστίνα;Καρράς;F;50;Ρόδος;Νότιο Αιγαίο;2025-07-21;Silver
202895;Γεωργία;Βλάχος;F;70;Πάτρα;Δυτική Ελλάδα;2024-03-19;Bronze
202896;Ελένη;Ζαχαρίου;F;60;Ηράκλειο;Κρήτη;2024-02-23;Gold
202897;Άννα;Κωνσταντίνου;F;62;Χανιά;Κρήτη;2024-01-09;Gold
202898;Κώστας;Νικολάου;M;60;Ιωάννινα;Ήπειρος;2024-09-28;Bronze
202899;Κατερίνα;Παπαδόπουλος;F;39;Βόλος;Θεσσαλία;2024-10-30;Silver
202900;Θανάσης;Ζαχαρίου;M;48;Χανιά;Κρήτη;2024-04-14;Silver
202901;Νίκος;Αναστασίου;M;48;Σέρρες;Κεντρική Μακεδονία;2024-09-18;Silver
202902;Ιωάννα;Αναστασίου;F;42;Αθήνα;Αττική;2024-10-28;Bronze
202903;Μιχάλης;Γεωργίου;M;48;Τρίκαλα;Θεσσαλία;2025-07-14;Gold
202904;Κατερίνα;Δημητρίου;F;34;Ιωάννινα;Ήπειρος;2024-03-21;Silver
202905;Δήμητρα;Λαμπρόπουλος;F;21;Λάρισα;Θεσσαλία;2024-12-18;Gold
202906;Χρήστος;Σπυρόπουλος;M;71;Ιωάννινα;Ήπειρος;2025-09-26;Gold
202907;Γεωργία;Λαμπρόπουλος;F;51;Καβάλα;Ανατολική Μακεδονία & Θράκη;2025-04-26;Bronze
202908;Δήμητρα;Ζαχαρίου;F;34;Καβάλα;Ανατολική Μακεδονία & Θράκη;2024-10-28;Platinum
202909;Παναγιώτης;Παπαδόπουλος;M;25;Ρόδος;Νότιο Αιγαίο;2024-05-19;Silver
202910;Χρήστος;Παπαδόπουλος;M;62;Βόλος;Θεσσαλία;2025-09-08;Bronze
202911;Δήμητρα;Δημητρίου;F;62;Ρόδος;Νότιο Αιγαίο;2024-08-01;Bronze
202912;Βασίλης;Πετρόπουλος;M;19;Θεσσαλονίκη;Κεντρική Μακεδονία;2024-06-05;Gold
202913;Σοφία;Καραγιάννης;F;56;Ηράκλειο;Κρήτη;2025-03-08;Silver
202914;Χριστίνα;Γεωργίου;F;22;Βόλος;Θεσσαλία;2025-02-23;Silver
202915;Κατερίνα;Νικολάου;F;62;Ηράκλειο;Κρήτη;2024-03-04;Platinum
202916;Μαρία;Καρράς;F;39;Ρόδος;Νότιο Αιγαίο;2024-09-15;Silver
202917;Άννα;Γεωργίου;F;42;Αθήνα;Αττική;2024-05-14;Silver
202918;Σοφία;Βλάχος;F;33;Αθήνα;Αττική;2024-08-06;Gold
202919;Μιχάλης;Δημητρίου;M;52;Ιωάννινα;Ήπειρος;2025-10-12;Silver
202920;Σοφία;Σπυρόπουλος;F;40;Ιωάννινα;Ήπειρος;2024-07-11;Gold
202921;Κώστας;Δημητρίου;M;31;Χανιά;Κρήτη;2025-12-16;Bronze
202922;Βασίλης;Καραγιάννης;M;52;Αθήνα;Αττική;2025-02-08;Bronze
202923;Σοφία;Ιωαννίδης;F;57;Χανιά;Κρήτη;2024-12-05;Silver
202924;Άννα;Ιωαννίδης;F;45;Βόλος;Θεσσαλία;2025-12-26;Gold
202925;Βασίλης;Παπαδόπουλος;M;28;Σέρρες;Κεντρική Μακεδονία;2025-07-18;Silver
202926;Ανδρέας;Νικολάου;M;22;Πάτρα;Δυτική Ελλάδα;2025-11-09;Silver
202927;Χριστίνα;Χατζής;F;20;Βόλος;Θεσσαλία;2025-09-20;Bronze
202928;Κατερίνα;Λαμπρόπουλος;F;50;Πάτρα;Δυτική Ελλάδα;2025-12-10;Gold
202929;Ιωάννα;Οικονόμου;F;39;Πάτρα;Δυτική Ελλάδα;2024-02-15;Bronze
202930;Κώστας;Πετρόπουλος;M;52;Χανιά;Κρήτη;2025-04-16;Bronze
202931;Δημήτρης;Σταματίου;M;19;Ηράκλειο;Κρήτη;2025-03-18;Platinum
202932;Σοφία;Νικολάου;F;68;Καβάλα;Ανατολική Μακεδονία & Θράκη;2025-05-07;Silver
202933;Χρήστος;Λαμπρόπουλος;M;62;Σέρρες;Κεντρική Μακεδονία;2024-12-12;Bronze
202934;Βασίλης;Σπυρόπουλος;M;65;Ιωάννινα;Ήπειρος;2024-01-30;Silver
202935;Γιώργος;Ζαχαρίου;M;48;Καβάλα;Ανατολική Μακεδονία & Θράκη;2025-07-28;Bronze
202936;Ιωάννα;Δημητρίου;F;65;Αθήνα;Αττική;2025-02-20;Bronze
202937;Δημήτρης;Κωνσταντίνου;M;58;Σέρρες;Κεντρική Μακεδονία;2024-12-21;Gold
202938;Ιωάννα;Βλάχος;F;39;Ιωάννινα;Ήπειρος;2024-06-26;Bronze
202939;Μιχάλης;Καραγιάννης;M;59;Τρίκαλα;Θεσσαλία;2024-02-07;Bronze
202940;Άννα;Παπανικολάου;F;51;Βόλος;Θεσσαλία;2025-12-23;Silver
202941;Γιώργος;Νικολάου;M;67;Καβάλα;Ανατολική Μακεδονία & Θράκη;2024-08-13;Silver
202942;Κώστας;Λαμπρόπουλος;M;40;Καβάλα;Ανατολική Μακεδονία & Θράκη;2024-01-24;Bronze
202943;Παναγιώτης;Οικονόμου;M;66;Τρίκαλα;Θεσσαλία;2024-06-05;Bronze
202944;Σοφία;Καρράς;F;51;Ρόδος;Νότιο Αιγαίο;2025-12-18;Silver
202945;Ιωάννα;Οικονόμου;F;36;Θεσσαλονίκη;Κεντρική Μακεδονία;2024-04-16;Bronze
202946;Ανδρέας;Χατζής;M;44;Σέρρες;Κεντρική Μακεδονία;2024-10-19;Bronze
202947;Άννα;Ζαχαρίου;F;43;Βόλος;Θεσσαλία;2025-01-24;Silver
202948;Σοφία;Ζαχαρίου;F;60;Λάρισα;Θεσσαλία;2025-11-18;Bronze
202949;Δημήτρης;Σταματίου;M;63;Πάτρα;Δυτική Ελλάδα;2025-09-30;Gold
202950;Παναγιώτης;Λαμπρόπουλος;M;56;Βόλος;Θεσσαλία;2024-12-26;Silver
202951;Μαρία;Παπαδόπουλος;F;60;Ιωάννινα;Ήπειρος;2024-06-14;Bronze
202952;Δήμητρα;Χατζής;F;71;Ρόδος;Νότιο Αιγαίο;2025-11-24;Gold
202953;Χρήστος;Κωνσταντίνου;M;20;Καβάλα;Ανατολική Μακεδονία & Θράκη;2025-02-26;Bronze
202954;Άννα;Οικονόμου;F;23;Πάτρα;Δυτική Ελλάδα;2024-02-18;Bronze
202955;Θανάσης;Ζαχαρίου;M;19;Τρίκαλα;Θεσσαλία;2024-04-30;Bronze
202956;Ελένη;Μιχαηλίδης;F;27;Χανιά;Κρήτη;2024-08-17;Bronze
202957;Αγγελική;Πετρόπουλος;F;21;Βόλος;Θεσσαλία;2025-07-15;Gold
202958;Γιώργος;Λαμπρόπουλος;M;61;Αθήνα;Αττική;2024-04-29;Bronze
202959;Δημήτρης;Σπυρόπουλος;M;35;Ηράκλειο;Κρήτη;2024-11-29;Bronze
202960;Κώστας;Σπυρόπουλος;M;49;Πάτρα;Δυτική Ελλάδα;2025-06-07;Gold
202961;Ανδρέας;Μιχαηλίδης;M;41;Ρόδος;Νότιο Αιγαίο;2025-03-17;Silver
202962;Ιωάννα;Χατζής;F;60;Λάρισα;Θεσσαλία;2024-12-27;Platinum
202963;Γεωργία;Παπανικολάου;F;57;Ρόδος;Νότιο Αιγαίο;2025-01-14;Platinum
202964;Ανδρέας;Παπανικολάου;M;59;Ηράκλειο;Κρήτη;2025-12-05;Silver
202965;Θανάσης;Δημητρίου;M;46;Θεσσαλονίκη;Κεντρική Μακεδονία;2024-11-03;Silver
202966;Ελένη;Λαμπρόπουλος;F;32;Ρόδος;Νότιο Αιγαίο;2024-12-19;Platinum
202967;Κατερίνα;Ιωαννίδης;F;27;Αθήνα;Αττική;2025-04-09;Gold
202968;Νίκος;Μιχαηλίδης;M;59;Βόλος;Θεσσαλία;2024-04-08;Gold
202969;Νίκος;Αναστασίου;M;71;Βόλος;Θεσσαλία;2025-05-18;Bronze
202970;Δήμητρα;Νικολάου;F;21;Ηράκλειο;Κρήτη;2024-02-11;Gold
202971;Μιχάλης;Μιχαηλίδης;M;66;Ρόδος;Νότιο Αιγαίο;2024-09-25;Silver
202972;Βασίλης;Λαμπρόπουλος;M;27;Λάρισα;Θεσσαλία;2024-02-28;Bronze
202973;Άννα;Σταματίου;F;64;Θεσσαλονίκη;Κεντρική Μακεδονία;2024-06-21;Silver
202974;Σοφία;Παπαδόπουλος;F;65;Τρίκαλα;Θεσσαλία;2024-06-26;Silver
202975;Άννα;Αναστασίου;F;59;Αθήνα;Αττική;2025-08-12;Bronze
202976;Νίκος;Λαμπρόπουλος;M;20;Βόλος;Θεσσαλία;2025-11-06;Bronze
202977;Γεωργία;Παπανικολάου;F;55;Ρόδος;Νότιο Αιγαίο;2024-03-03;Silver
202978;Ιωάννα;Πετρόπουλος;F;34;Θεσσαλονίκη;Κεντρική Μακεδονία;2024-05-19;Gold
202979;Κώστας;Παπανικολάου;M;37;Ιωάννινα;Ήπειρος;2024-01-09;Bronze
202980;Νίκος;Αλεξίου;M;69;Λάρισα;Θεσσαλία;2024-08-26;Bronze
202981;Ιωάννα;Δημητρίου;F;30;Ηράκλειο;Κρήτη;2025-09-07;Gold
202982;Κατερίνα;Σπυρόπουλος;F;45;Χανιά;Κρήτη;2025-03-01;Bronze
202983;Άννα;Αναστασίου;F;70;Πάτρα;Δυτική Ελλάδα;2024-04-28;Gold
202984;Γιώργος;Σταματίου;M;57;Θεσσαλονίκη;Κεντρική Μακεδονία;2025-12-13;Silver
202985;Δημήτρης;Οικονόμου;M;23;Λάρισα;Θεσσαλία;2025-08-29;Gold
202986;Κώστας;Πετρόπουλος;M;51;Ρόδος;Νότιο Αιγαίο;2024-02-21;Silver
202987;Θανάσης;Μιχαηλίδης;M;61;Ιωάννινα;Ήπειρος;2024-11-05;Gold
202988;Δημήτρης;Γεωργίου;M;70;Ρόδος;Νότιο Αιγαίο;2024-04-20;Silver
202989;Βασίλης;Νικολάου;M;22;Σέρρες;Κεντρική Μακεδονία;2024-08-10;Bronze
202990;Αγγελική;Αλεξίου;F;24;Καβάλα;Ανατολική Μακεδονία & Θράκη;2024-06-04;Bronze
202991;Χριστίνα;Καραγιάννης;F;21;Λάρισα;Θεσσαλία;2025-12-29;Gold
202992;Μιχάλης;Δημητρίου;M;18;Σέρρες;Κεντρική Μακεδονία;2024-08-10;Silver
202993;Θανάσης;Γεωργίου;M;50;Καβάλα;Ανατολική Μακεδονία & Θράκη;2024-10-24;Bronze
202994;Νίκος;Βλάχος;M;64;Ηράκλειο;Κρήτη;2024-06-11;Bronze
202995;Παναγιώτης;Κωνσταντίνου;M;55;Βόλος;Θεσσαλία;2025-03-16;Bronze
202996;Ελένη;Κωνσταντίνου;F;51;Καβάλα;Ανατολική Μακεδονία & Θράκη;2025-02-04;Bronze
202997;Ιωάννα;Ιωαννίδης;F;66;Τρίκαλα;Θεσσαλία;2024-06-06;Bronze
202998;Κατερίνα;Βλάχος;F;22;Ιωάννινα;Ήπειρος;2024-08-01;Bronze
202999;Δημήτρης;Καραγιάννης;M;59;Χανιά;Κρήτη;2024-03-19;Bronze
203000;Ανδρέας;Σπυρόπουλος;M;72;Αθήνα;Αττική;2024-07-11;Gold
203001;Άννα;Οικονόμου;F;45;Ιωάννινα;Ήπειρος;2025-04-17;Bronze
203002;Γεωργία;Πετρόπουλος;F;35;Ιωάννινα;Ήπειρος;2025-09-03;Gold
203003;Χριστίνα;Πετρόπουλος;F;33;Τρίκαλα;Θεσσαλία;2024-05-20;Platinum
203004;Δημήτρης;Σπυρόπουλος;M;21;Αθήνα;Αττική;2025-05-19;Bronze
203005;Αγγελική;Παπαδόπουλος;F;68;Αθήνα;Αττική;2025-08-16;Silver
203006;Παναγιώτης;Οικονόμου;M;53;Ιωάννινα;Ήπειρος;2024-07-21;Bronze
203007;Παναγιώτης;Αλεξίου;M;72;Αθήνα;Αττική;2025-02-19;Bronze
203008;Σοφία;Αναστασίου;F;62;Χανιά;Κρήτη;2025-12-11;Silver
203009;Θανάσης;Σταματίου;M;33;Καβάλα;Ανατολική Μακεδονία & Θράκη;2024-12-09;Silver
203010;Θανάσης;Καραγιάννης;M;29;Πάτρα;Δυτική Ελλάδα;2025-06-21;Gold
203011;Αγγελική;Νικολάου;F;61;Βόλος;Θεσσαλία;2025-07-17;Platinum
203012;Δήμητρα;Παπανικολάου;F;25;Ηράκλειο;Κρήτη;2025-09-27;Gold
203013;Μαρία;Αλεξίου;F;37;Χανιά;Κρήτη;2024-06-18;Gold
203014;Χρήστος;Καραγιάννης;M;52;Χανιά;Κρήτη;2024-07-30;Silver
203015;Άννα;Μιχαηλίδης;F;54;Σέρρες;Κεντρική Μακεδονία;2024-07-16;Bronze
203016;Βασίλης;Παπαδόπουλος;M;20;Λάρισα;Θεσσαλία;2025-12-12;Bronze
203017;Ιωάννα;Ιωαννίδης;F;51;Λάρισα;Θεσσαλία;2025-02-27;Bronze
203018;Αγγελική;Καρράς;F;65;Καβάλα;Ανατολική Μακεδονία & Θράκη;2025-12-29;Bronze
203019;Άννα;Καραγιάννης;F;67;Θεσσαλονίκη;Κεντρική Μακεδονία;2024-05-13;Bronze
203020;Νίκος;Σπυρόπουλος;M;39;Βόλος;Θεσσαλία;2024-06-21;Silver
203021;Χριστίνα;Οικονόμου;F;25;Λάρισα;Θεσσαλία;2025-01-01;Silver
203022;Βασίλης;Γεωργίου;M;25;Τρίκαλα;Θεσσαλία;2024-10-02;Bronze
203023;Ανδρέας;Σπυρόπουλος;M;29;Χανιά;Κρήτη;2024-04-25;Silver
203024;Χρήστος;Δημητρίου;M;22;Ιωάννινα;Ήπειρος;2025-07-05;Bronze
203025;Παναγιώτης;Μιχαηλίδης;M;19;Ηράκλειο;Κρήτη;2025-01-19;Bronze
203026;Χρήστος;Παπαδόπουλος;M;68;Βόλος;Θεσσαλία;2024-12-15;Bronze
203027;Χριστίνα;Ιωαννίδης;F;34;Πάτρα;Δυτική Ελλάδα;2025-02-11;Silver
203028;Χρήστος;Ζαχαρίου;M;66;Λάρισα;Θεσσαλία;2024-08-25;Silver
203029;Παναγιώτης;Παπαδόπουλος;M;30;Λάρισα;Θεσσαλία;2025-11-23;Bronze
203030;Σοφία;Παπανικολάου;F;72;Ρόδος;Νότιο Αιγαίο;2024-12-28;Silver
203031;Μαρία;Παπαδόπουλος;F;32;Αθήνα;Αττική;2024-03-29;Bronze
203032;Κατερίνα;Νικολάου;F;49;Πάτρα;Δυτική Ελλάδα;2024-08-13;Platinum
203033;Γεωργία;Καραγιάννης;F;35;Σέρρες;Κεντρική Μακεδονία;2024-05-08;Silver
203034;Άννα;Μιχαηλίδης;F;69;Χανιά;Κρήτη;2024-08-25;Silver
203035;Θανάσης;Παπανικολάου;M;71;Σέρρες;Κεντρική Μακεδονία;2025-10-08;Silver
203036;Παναγιώτης;Παπαδόπουλος;M;67;Τρίκαλα;Θεσσαλία;2025-09-11;Silver
203037;Δήμητρα;Οικονόμου;F;52;Θεσσαλονίκη;Κεντρική Μακεδονία;2024-03-12;Bronze
203038;Μαρία;Βλάχος;F;35;Χανιά;Κρήτη;2025-10-05;Bronze
203039;Άννα;Καραγιάννης;F;70;Καβάλα;Ανατολική Μακεδονία & Θράκη;2024-02-04;Bronze
203040;Κατερίνα;Καραγιάννης;F;54;Βόλος;Θεσσαλία;2025-12-30;Silver
203041;Ελένη;Αναστασίου;F;69;Πάτρα;Δυτική Ελλάδα;2025-08-31;Platinum
203042;Σοφία;Πετρόπουλος;F;65;Ιωάννινα;Ήπειρος;2025-03-14;Silver
203043;Κατερίνα;Δημητρίου;F;65;Τρίκαλα;Θεσσαλία;2025-05-02;Gold
203044;Χριστίνα;Νικολάου;F;48;Βόλος;Θεσσαλία;2024-06-21;Silver
203045;Νίκος;Καρράς;M;65;Τρίκαλα;Θεσσαλία;2024-03-09;Silver
203046;Άννα;Κωνσταντίνου;F;37;Καβάλα;Ανατολική Μακεδονία & Θράκη;2025-08-16;Silver
203047;Δήμητρα;Χατζής;F;29;Ηράκλειο;Κρήτη;2024-11-16;Silver
203048;Άννα;Λαμπρόπουλος;F;32;Πάτρα;Δυτική Ελλάδα;2025-03-08;Bronze
203049;Ελένη;Οικονόμου;F;21;Θεσσαλονίκη;Κεντρική Μακεδονία;2025-03-31;Bronze
203050;Κώστας;Πετρόπουλος;M;36;Σέρρες;Κεντρική Μακεδονία;2025-11-02;Bronze
203051;Ελένη;Βλάχος;F;20;Λάρισα;Θεσσαλία;2025-08-02;Bronze
203052;Ελένη;Αναστασίου;F;29;Σέρρες;Κεντρική Μακεδονία;2025-12-23;Gold
203053;Ανδρέας;Ιωαννίδης;M;67;Πάτρα;Δυτική Ελλάδα;2025-07-08;Bronze
203054;Μιχάλης;Σταματίου;M;61;Χανιά;Κρήτη;2025-04-28;Silver
203055;Ιωάννα;Χατζής;F;53;Θεσσαλονίκη;Κεντρική Μακεδονία;2025-11-06;Bronze
203056;Χρήστος;Παπανικολάου;M;42;Λάρισα;Θεσσαλία;2025-10-14;Silver
203057;Ελένη;Δημητρίου;F;39;Χανιά;Κρήτη;2025-07-27;Bronze
203058;Βασίλης;Σπυρόπουλος;M;20;Σέρρες;Κεντρική Μακεδονία;2025-06-18;Gold
203059;Ελένη;Παπαδόπουλος;F;49;Τρίκαλα;Θεσσαλία;2025-08-13;Bronze
203060;Ελένη;Δημητρίου;F;37;Ιωάννινα;Ήπειρος;2024-09-20;Bronze
203061;Νίκος;Χατζής;M;72;Χανιά;Κρήτη;2024-09-03;Bronze
203062;Δήμητρα;Αναστασίου;F;29;Τρίκαλα;Θεσσαλία;2024-11-05;Gold
203063;Άννα;Ζαχαρίου;F;52;Σέρρες;Κεντρική Μακεδονία;2024-12-10;Platinum
203064;Δημήτρης;Καραγιάννης;M;64;Σέρρες;Κεντρική Μακεδονία;2025-05-09;Platinum
203065;Ιωάννα;Παπαδόπουλος;F;21;Καβάλα;Ανατολική Μακεδονία & Θράκη;2025-07-27;Silver
203066;Κώστας;Παπανικολάου;M;33;Πάτρα;Δυτική Ελλάδα;2024-12-08;Platinum
203067;Νίκος;Λαμπρόπουλος;M;71;Αθήνα;Αττική;2025-07-17;Platinum
203068;Χρήστος;Καραγιάννης;M;54;Ρόδος;Νότιο Αιγαίο;2024-03-02;Silver
203069;Χριστίνα;Παπαδόπουλος;F;27;Χανιά;Κρήτη;2025-03-16;Bronze
203070;Βασίλης;Αλεξίου;M;71;Ρόδος;Νότιο Αιγαίο;2025-10-24;Platinum
203071;Ελένη;Καρράς;F;37;Ιωάννινα;Ήπειρος;2025-11-15;Silver
203072;Γιώργος;Παπαδόπουλος;M;30;Σέρρες;Κεντρική Μακεδονία;2025-04-28;Bronze
203073;Μιχάλης;Οικονόμου;M;69;Ηράκλειο;Κρήτη;2025-05-14;Silver
203074;Βασίλης;Ζαχαρίου;M;66;Τρίκαλα;Θεσσαλία;2025-03-02;Gold
203075;Γεωργία;Βλάχος;F;28;Αθήνα;Αττική;2025-05-25;Gold
203076;Θανάσης;Ζαχαρίου;M;33;Λάρισα;Θεσσαλία;2025-05-31;Bronze
203077;Χρήστος;Καραγιάννης;M;64;Λάρισα;Θεσσαλία;2025-07-07;Bronze
203078;Κατερίνα;Πετρόπουλος;F;44;Βόλος;Θεσσαλία;2024-03-01;Gold
203079;Σοφία;Παπανικολάου;F;43;Βόλος;Θεσσαλία;2025-03-28;Bronze
203080;Χριστίνα;Ιωαννίδης;F;61;Λάρισα;Θεσσαλία;2024-04-01;Gold
203081;Βασίλης;Γεωργίου;M;46;Ρόδος;Νότιο Αιγαίο;2024-10-04;Silver
203082;Μαρία;Οικονόμου;F;30;Λάρισα;Θεσσαλία;2024-12-07;Gold
203083;Γιώργος;Σταματίου;M;45;Πάτρα;Δυτική Ελλάδα;2025-02-10;Silver
203084;Γιώργος;Αλεξίου;M;26;Τρίκαλα;Θεσσαλία;2025-02-02;Silver
203085;Δήμητρα;Σταματίου;F;41;Καβάλα;Ανατολική Μακεδονία & Θράκη;2024-08-16;Bronze
203086;Μιχάλης;Κωνσταντίνου;M;67;Αθήνα;Αττική;2025-01-25;Bronze
203087;Χρήστος;Ζαχαρίου;M;39;Πάτρα;Δυτική Ελλάδα;2025-10-24;Bronze
203088;Χριστίνα;Καραγιάννης;F;41;Θεσσαλονίκη;Κεντρική Μακεδονία;2024-05-08;Bronze
203089;Μιχάλης;Χατζής;M;55;Αθήνα;Αττική;2024-03-04;Silver
203090;Άννα;Μιχαηλίδης;F;64;Ιωάννινα;Ήπειρος;2025-09-06;Platinum
203091;Κώστας;Καραγιάννης;M;45;Ηράκλειο;Κρήτη;2024-08-10;Platinum
203092;Κώστας;Λαμπρόπουλος;M;40;Τρίκαλα;Θεσσαλία;2025-02-13;Bronze
203093;Μιχάλης;Νικολάου;M;68;Ηράκλειο;Κρήτη;2025-05-24;Silver
203094;Ανδρέας;Χατζής;M;31;Θεσσαλονίκη;Κεντρική Μακεδονία;2024-02-06;Bronze
203095;Μιχάλης;Οικονόμου;M;18;Χανιά;Κρήτη;2025-12-10;Silver
203096;Δημήτρης;Κωνσταντίνου;M;20;Ηράκλειο;Κρήτη;2025-04-01;Bronze
203097;Δημήτρης;Βλάχος;M;66;Ηράκλειο;Κρήτη;2025-11-30;Bronze
203098;Βασίλης;Κωνσταντίνου;M;41;Ιωάννινα;Ήπειρος;2025-10-11;Gold
203099;Κώστας;Ιωαννίδης;M;59;Καβάλα;Ανατολική Μακεδονία & Θράκη;2025-07-14;Silver
203100;Παναγιώτης;Σπυρόπουλος;M;32;Καβάλα;Ανατολική Μακεδονία & Θράκη;2024-04-13;Silver
203101;Ελένη;Καραγιάννης;F;44;Ρόδος;Νότιο Αιγαίο;2025-11-05;Bronze
203102;Χρήστος;Αναστασίου;M;41;Τρίκαλα;Θεσσαλία;2024-12-31;Bronze
203103;Νίκος;Ιωαννίδης;M;49;Σέρρες;Κεντρική Μακεδονία;2025-12-14;Silver
203104;Μιχάλης;Πετρόπουλος;M;60;Πάτρα;Δυτική Ελλάδα;2025-03-21;Bronze
203105;Άννα;Νικολάου;F;58;Καβάλα;Ανατολική Μακεδονία & Θράκη;2024-07-21;Silver
203106;Αγγελική;Ζαχαρίου;F;41;Ρόδος;Νότιο Αιγαίο;2024-07-28;Bronze
203107;Βασίλης;Λαμπρόπουλος;M;31;Σέρρες;Κεντρική Μακεδονία;2025-08-08;Bronze
203108;Γεωργία;Πετρόπουλος;F;47;Σέρρες;Κεντρική Μακεδονία;2025-11-19;Silver
203109;Δημήτρης;Δημητρίου;M;62;Βόλος;Θεσσαλία;2024-01-24;Bronze
203110;Θανάσης;Ζαχαρίου;M;41;Ρόδος;Νότιο Αιγαίο;2025-11-21;Bronze
203111;Δήμητρα;Δημητρίου;F;61;Σέρρες;Κεντρική Μακεδονία;2024-01-31;Bronze
203112;Χρήστος;Καρράς;M;45;Τρίκαλα;Θεσσαλία;2025-10-26;Silver
203113;Χρήστος;Σπυρόπουλος;M;32;Λάρισα;Θεσσαλία;2025-05-21;Bronze
203114;Παναγιώτης;Χατζής;M;54;Σέρρες;Κεντρική Μακεδονία;2025-06-28;Bronze
203115;Βασίλης;Χατζής;M;40;Τρίκαλα;Θεσσαλία;2025-09-22;Bronze
203116;Δημήτρης;Ζαχαρίου;M;39;Πάτρα;Δυτική Ελλάδα;2024-11-13;Bronze
203117;Χριστίνα;Σταματίου;F;27;Θεσσαλονίκη;Κεντρική Μακεδονία;2024-11-29;Bronze
203118;Άννα;Σπυρόπουλος;F;36;Ηράκλειο;Κρήτη;2025-08-09;Silver
203119;Άννα;Πετρόπουλος;F;56;Λάρισα;Θεσσαλία;2025-09-21;Bronze
203120;Μαρία;Αλεξίου;F;53;Ρόδος;Νότιο Αιγαίο;2024-12-22;Bronze
203121;Χριστίνα;Ιωαννίδης;F;45;Σέρρες;Κεντρική Μακεδονία;2025-10-30;Bronze
203122;Μιχάλης;Οικονόμου;M;50;Καβάλα;Ανατολική Μακεδονία & Θράκη;2024-08-10;Bronze
203123;Νίκος;Παπαδόπουλος;M;60;Πάτρα;Δυτική Ελλάδα;2025-04-23;Platinum
203124;Χριστίνα;Βλάχος;F;61;Τρίκαλα;Θεσσαλία;2024-06-20;Bronze
203125;Ιωάννα;Αλεξίου;F;64;Τρίκαλα;Θεσσαλία;2024-07-09;Bronze
203126;Παναγιώτης;Ζαχαρίου;M;46;Λάρισα;Θεσσαλία;2025-07-31;Bronze
203127;Χρήστος;Μιχαηλίδης;M;18;Θεσσαλονίκη;Κεντρική Μακεδονία;2025-08-17;Bronze
203128;Παναγιώτης;Λαμπρόπουλος;M;51;Ιωάννινα;Ήπειρος;2025-02-09;Silver
203129;Μιχάλης;Αλεξίου;M;72;Τρίκαλα;Θεσσαλία;2024-06-06;Bronze
203130;Ιωάννα;Λαμπρόπουλος;F;54;Σέρρες;Κεντρική Μακεδονία;2025-12-08;Bronze
203131;Αγγελική;Ιωαννίδης;F;57;Βόλος;Θεσσαλία;2025-10-07;Platinum
203132;Μιχάλης;Καρράς;M;68;Αθήνα;Αττική;2025-09-23;Silver
203133;Μιχάλης;Γεωργίου;M;44;Λάρισα;Θεσσαλία;2025-12-25;Silver
203134;Αγγελική;Γεωργίου;F;18;Λάρισα;Θεσσαλία;2024-12-24;Gold
203135;Παναγιώτης;Καρράς;M;45;Ρόδος;Νότιο Αιγαίο;2024-11-03;Bronze
203136;Άννα;Βλάχος;F;52;Καβάλα;Ανατολική Μακεδονία & Θράκη;2025-07-16;Gold
203137;Κατερίνα;Ζαχαρίου;F;54;Αθήνα;Αττική;2025-11-06;Bronze
203138;Δήμητρα;Δημητρίου;F;53;Ηράκλειο;Κρήτη;2025-03-29;Silver
203139;Ιωάννα;Σπυρόπουλος;F;23;Ρόδος;Νότιο Αιγαίο;2025-06-25;Gold
203140;Μιχάλης;Κωνσταντίνου;M;33;Λάρισα;Θεσσαλία;2024-12-29;Bronze
203141;Αγγελική;Παπανικολάου;F;57;Ηράκλειο;Κρήτη;2025-05-30;Bronze
203142;Ανδρέας;Οικονόμου;M;27;Ηράκλειο;Κρήτη;2024-02-16;Silver
203143;Σοφία;Μιχαηλίδης;F;69;Ρόδος;Νότιο Αιγαίο;2025-10-17;Bronze
203144;Παναγιώτης;Βλάχος;M;40;Λάρισα;Θεσσαλία;2025-06-25;Bronze
203145;Κατερίνα;Γεωργίου;F;29;Θεσσαλονίκη;Κεντρική Μακεδονία;2025-12-03;Bronze
203146;Δημήτρης;Ζαχαρίου;M;46;Θεσσαλονίκη;Κεντρική Μακεδονία;2024-01-06;Silver
203147;Δημήτρης;Παπανικολάου;M;37;Ιωάννινα;Ήπειρος;2025-09-28;Bronze
203148;Μαρία;Αναστασίου;F;55;Αθήνα;Αττική;2024-08-05;Silver
203149;Ιωάννα;Κωνσταντίνου;F;47;Ιωάννινα;Ήπειρος;2025-08-19;Bronze
203150;Χρήστος;Δημητρίου;M;29;Πάτρα;Δυτική Ελλάδα;2024-04-28;Gold
203151;Δημήτρης;Χατζής;M;70;Σέρρες;Κεντρική Μακεδονία;2025-02-18;Silver
203152;Αγγελική;Καρράς;F;63;Χανιά;Κρήτη;2025-12-29;Gold
203153;Θανάσης;Οικονόμου;M;20;Λάρισα;Θεσσαλία;2024-05-05;Bronze
203154;Δημήτρης;Αλεξίου;M;41;Πάτρα;Δυτική Ελλάδα;2025-07-10;Bronze
203155;Μαρία;Γεωργίου;F;70;Ηράκλειο;Κρήτη;2025-06-11;Bronze
203156;Γιώργος;Σταματίου;M;55;Βόλος;Θεσσαλία;2025-05-08;Bronze
203157;Νίκος;Παπαδόπουλος;M;22;Πάτρα;Δυτική Ελλάδα;2024-10-28;Gold
203158;Ελένη;Λαμπρόπουλος;F;23;Βόλος;Θεσσαλία;2025-07-26;Bronze
203159;Θανάσης;Αναστασίου;M;56;Ρόδος;Νότιο Αιγαίο;2025-08-15;Bronze
203160;Δήμητρα;Οικονόμου;F;40;Βόλος;Θεσσαλία;2024-05-03;Silver
203161;Θανάσης;Καρράς;M;52;Καβάλα;Ανατολική Μακεδονία & Θράκη;2024-03-24;Silver
203162;Ελένη;Καραγιάννης;F;18;Χανιά;Κρήτη;2024-01-12;Silver
203163;Θανάσης;Αλεξίου;M;63;Πάτρα;Δυτική Ελλάδα;2025-07-25;Gold
203164;Μαρία;Καραγιάννης;F;62;Θεσσαλονίκη;Κεντρική Μακεδονία;2025-09-06;Bronze
203165;Θανάσης;Βλάχος;M;31;Πάτρα;Δυτική Ελλάδα;2024-03-17;Gold
203166;Γεωργία;Ιωαννίδης;F;28;Πάτρα;Δυτική Ελλάδα;2024-02-13;Silver
203167;Μαρία;Οικονόμου;F;70;Ηράκλειο;Κρήτη;2025-05-04;Gold
203168;Μιχάλης;Καραγιάννης;M;41;Χανιά;Κρήτη;2025-07-23;Bronze
203169;Μιχάλης;Κωνσταντίνου;M;52;Αθήνα;Αττική;2025-02-01;Bronze
203170;Κώστας;Καρράς;M;68;Τρίκαλα;Θεσσαλία;2024-05-14;Silver
203171;Γιώργος;Μιχαηλίδης;M;55;Βόλος;Θεσσαλία;2024-03-16;Bronze
203172;Ελένη;Σταματίου;F;25;Θεσσαλονίκη;Κεντρική Μακεδονία;2025-07-21;Bronze
203173;Βασίλης;Δημητρίου;M;25;Σέρρες;Κεντρική Μακεδονία;2024-05-14;Gold
203174;Θανάσης;Πετρόπουλος;M;32;Ηράκλειο;Κρήτη;2024-03-01;Bronze
203175;Γεωργία;Ζαχαρίου;F;67;Καβάλα;Ανατολική Μακεδονία & Θράκη;2025-08-17;Silver
203176;Γιώργος;Καρράς;M;68;Πάτρα;Δυτική Ελλάδα;2024-08-14;Bronze
203177;Δήμητρα;Πετρόπουλος;F;45;Χανιά;Κρήτη;2025-11-04;Silver
203178;Γιώργος;Χατζής;M;63;Ιωάννινα;Ήπειρος;2025-10-10;Bronze
203179;Αγγελική;Οικονόμου;F;36;Βόλος;Θεσσαλία;2024-02-01;Bronze
203180;Νίκος;Νικολάου;M;66;Αθήνα;Αττική;2024-08-10;Gold
203181;Βασίλης;Γεωργίου;M;43;Λάρισα;Θεσσαλία;2024-04-15;Platinum
203182;Παναγιώτης;Κωνσταντίνου;M;65;Ιωάννινα;Ήπειρος;2024-02-13;Gold
203183;Θανάσης;Καραγιάννης;M;24;Λάρισα;Θεσσαλία;2024-02-09;Gold
203184;Παναγιώτης;Καρράς;M;54;Βόλος;Θεσσαλία;2024-09-26;Bronze
203185;Μαρία;Μιχαηλίδης;F;18;Ρόδος;Νότιο Αιγαίο;2025-11-27;Gold
203186;Αγγελική;Οικονόμου;F;44;Πάτρα;Δυτική Ελλάδα;2025-12-09;Platinum
203187;Δήμητρα;Μιχαηλίδης;F;45;Ρόδος;Νότιο Αιγαίο;2025-07-24;Bronze
203188;Γεωργία;Οικονόμου;F;49;Λάρισα;Θεσσαλία;2024-05-25;Silver
203189;Ελένη;Αναστασίου;F;27;Σέρρες;Κεντρική Μακεδονία;2025-09-25;Silver
203190;Γεωργία;Ιωαννίδης;F;47;Σέρρες;Κεντρική Μακεδονία;2025-03-29;Gold
203191;Ανδρέας;Αλεξίου;M;61;Σέρρες;Κεντρική Μακεδονία;2025-06-30;Bronze
203192;Χριστίνα;Πετρόπουλος;F;23;Ρόδος;Νότιο Αιγαίο;2024-12-19;Bronze
203193;Χρήστος;Αναστασίου;M;49;Πάτρα;Δυτική Ελλάδα;2025-06-21;Platinum
203194;Ελένη;Καραγιάννης;F;36;Σέρρες;Κεντρική Μακεδονία;2025-12-30;Bronze
203195;Γεωργία;Παπαδόπουλος;F;26;Σέρρες;Κεντρική Μακεδονία;2025-01-31;Bronze
203196;Χριστίνα;Δημητρίου;F;25;Ιωάννινα;Ήπειρος;2025-01-31;Bronze
203197;Χριστίνα;Παπαδόπουλος;F;67;Ηράκλειο;Κρήτη;2024-11-11;Silver
203198;Παναγιώτης;Μιχαηλίδης;M;53;Ρόδος;Νότιο Αιγαίο;2025-10-08;Platinum
203199;Ιωάννα;Οικονόμου;F;25;Ιωάννινα;Ήπειρος;2025-01-13;Bronze
203200;Ιωάννα;Αναστασίου;F;20;Πάτρα;Δυτική Ελλάδα;2024-03-05;Gold
203201;Κατερίνα;Αλεξίου;F;23;Τρίκαλα;Θεσσαλία;2024-05-31;Bronze
203202;Κατερίνα;Αλεξίου;F;39;Πάτρα;Δυτική Ελλάδα;2024-12-15;Gold
203203;Μαρία;Παπαδόπουλος;F;51;Βόλος;Θεσσαλία;2025-06-19;Gold
203204;Γεωργία;Μιχαηλίδης;F;22;Καβάλα;Ανατολική Μακεδονία & Θράκη;2024-07-03;Bronze
203205;Ανδρέας;Νικολάου;M;18;Σέρρες;Κεντρική Μακεδονία;2025-01-03;Gold
203206;Ανδρέας;Αλεξίου;M;67;Θεσσαλονίκη;Κεντρική Μακεδονία;2024-07-11;Silver
203207;Δήμητρα;Καρράς;F;19;Βόλος;Θεσσαλία;2025-09-19;Platinum
203208;Παναγιώτης;Νικολάου;M;33;Πάτρα;Δυτική Ελλάδα;2024-05-09;Silver
203209;Γιώργος;Πετρόπουλος;M;23;Πάτρα;Δυτική Ελλάδα;2025-08-15;Bronze
203210;Άννα;Γεωργίου;F;68;Λάρισα;Θεσσαλία;2025-12-16;Silver
203211;Παναγιώτης;Παπαδόπουλος;M;69;Χανιά;Κρήτη;2025-05-12;Silver
203212;Άννα;Σπυρόπουλος;F;71;Καβάλα;Ανατολική Μακεδονία & Θράκη;2025-08-28;Gold
203213;Παναγιώτης;Οικονόμου;M;66;Πάτρα;Δυτική Ελλάδα;2024-04-08;Gold
203214;Αγγελική;Νικολάου;F;32;Θεσσαλονίκη;Κεντρική Μακεδονία;2024-08-10;Silver
203215;Βασίλης;Γεωργίου;M;59;Αθήνα;Αττική;2024-02-13;Gold
203216;Κατερίνα;Αναστασίου;F;28;Ιωάννινα;Ήπειρος;2024-12-18;Platinum
203217;Άννα;Παπανικολάου;F;41;Χανιά;Κρήτη;2025-04-29;Silver
203218;Δήμητρα;Νικολάου;F;44;Ηράκλειο;Κρήτη;2025-12-20;Bronze
203219;Δημήτρης;Καραγιάννης;M;70;Σέρρες;Κεντρική Μακεδονία;2024-06-01;Bronze
203220;Κατερίνα;Νικολάου;F;58;Βόλος;Θεσσαλία;2024-07-26;Bronze
203221;Μιχάλης;Ζαχαρίου;M;61;Χανιά;Κρήτη;2024-07-10;Silver
203222;Μαρία;Βλάχος;F;34;Βόλος;Θεσσαλία;2025-01-09;Bronze
203223;Βασίλης;Καραγιάννης;M;28;Αθήνα;Αττική;2024-09-25;Bronze
203224;Χριστίνα;Μιχαηλίδης;F;42;Τρίκαλα;Θεσσαλία;2024-02-15;Silver
203225;Σοφία;Παπανικολάου;F;63;Τρίκαλα;Θεσσαλία;2025-05-27;Bronze
203226;Γιώργος;Καραγιάννης;M;38;Ηράκλειο;Κρήτη;2024-03-14;Silver
203227;Χρήστος;Λαμπρόπουλος;M;41;Ρόδος;Νότιο Αιγαίο;2024-07-13;Bronze
203228;Χρήστος;Νικολάου;M;24;Σέρρες;Κεντρική Μακεδονία;2025-11-01;Bronze
203229;Ελένη;Κωνσταντίνου;F;68;Λάρισα;Θεσσαλία;2024-08-13;Bronze
203230;Γιώργος;Μιχαηλίδης;M;23;Λάρισα;Θεσσαλία;2024-10-20;Bronze
203231;Σοφία;Ιωαννίδης;F;63;Καβάλα;Ανατολική Μακεδονία & Θράκη;2024-11-15;Bronze
203232;Δημήτρης;Δημητρίου;M;56;Ρόδος;Νότιο Αιγαίο;2025-05-05;Bronze
203233;Ανδρέας;Βλάχος;M;32;Ηράκλειο;Κρήτη;2024-10-10;Gold
203234;Κατερίνα;Πετρόπουλος;F;45;Ρόδος;Νότιο Αιγαίο;2025-04-23;Bronze
203235;Γιώργος;Αλεξίου;M;68;Σέρρες;Κεντρική Μακεδονία;2024-11-05;Bronze
203236;Γεωργία;Πετρόπουλος;F;49;Βόλος;Θεσσαλία;2025-12-29;Silver
203237;Αγγελική;Καρράς;F;58;Θεσσαλονίκη;Κεντρική Μακεδονία;2025-06-27;Silver
203238;Μιχάλης;Ζαχαρίου;M;43;Αθήνα;Αττική;2025-12-28;Platinum
203239;Νίκος;Ιωαννίδης;M;54;Ρόδος;Νότιο Αιγαίο;2024-06-06;Silver
203240;Άννα;Σπυρόπουλος;F;45;Ηράκλειο;Κρήτη;2025-06-11;Bronze
203241;Γεωργία;Οικονόμου;F;31;Ηράκλειο;Κρήτη;2024-04-30;Bronze
203242;Δημήτρης;Πετρόπουλος;M;38;Λάρισα;Θεσσαλία;2025-07-24;Bronze
203243;Μαρία;Αναστασίου;F;46;Ηράκλειο;Κρήτη;2025-12-03;Bronze
203244;Αγγελική;Αλεξίου;F;69;Ιωάννινα;Ήπειρος;2025-07-22;Silver
203245;Ιωάννα;Καραγιάννης;F;34;Αθήνα;Αττική;2025-04-15;Bronze
203246;Χριστίνα;Καρράς;F;66;Βόλος;Θεσσαλία;2025-02-15;Bronze
203247;Χριστίνα;Νικολάου;F;28;Χανιά;Κρήτη;2024-06-07;Bronze
203248;Βασίλης;Νικολάου;M;25;Ρόδος;Νότιο Αιγαίο;2024-08-05;Gold
203249;Αγγελική;Σταματίου;F;48;Χανιά;Κρήτη;2024-09-24;Gold
203250;Χρήστος;Κωνσταντίνου;M;63;Ηράκλειο;Κρήτη;2025-09-05;Bronze
203251;Παναγιώτης;Ιωαννίδης;M;59;Ρόδος;Νότιο Αιγαίο;2025-03-17;Silver
203252;Χρήστος;Μιχαηλίδης;M;60;Ιωάννινα;Ήπειρος;2024-02-03;Gold
203253;Άννα;Γεωργίου;F;29;Ηράκλειο;Κρήτη;2024-09-15;Silver
203254;Άννα;Παπανικολάου;F;51;Τρίκαλα;Θεσσαλία;2024-10-10;Silver
203255;Νίκος;Ζαχαρίου;M;60;Λάρισα;Θεσσαλία;2025-03-19;Bronze
203256;Παναγιώτης;Σταματίου;M;25;Αθήνα;Αττική;2025-02-02;Silver
203257;Αγγελική;Δημητρίου;F;48;Τρίκαλα;Θεσσαλία;2024-01-20;Bronze
203258;Χρήστος;Κωνσταντίνου;M;58;Χανιά;Κρήτη;2024-04-07;Bronze
203259;Δήμητρα;Χατζής;F;40;Βόλος;Θεσσαλία;2025-07-19;Gold
203260;Γεωργία;Κωνσταντίνου;F;28;Θεσσαλονίκη;Κεντρική Μακεδονία;2025-09-29;Bronze
203261;Νίκος;Αλεξίου;M;66;Ιωάννινα;Ήπειρος;2024-07-17;Gold
203262;Δήμητρα;Χατζής;F;49;Πάτρα;Δυτική Ελλάδα;2025-05-15;Bronze
203263;Αγγελική;Καραγιάννης;F;48;Καβάλα;Ανατολική Μακεδονία & Θράκη;2025-01-09;Silver
203264;Αγγελική;Καρράς;F;22;Ηράκλειο;Κρήτη;2024-11-12;Bronze
203265;Γεωργία;Δημητρίου;F;55;Βόλος;Θεσσαλία;2024-08-13;Gold
203266;Βασίλης;Λαμπρόπουλος;M;69;Λάρισα;Θεσσαλία;2024-07-02;Bronze
203267;Κατερίνα;Αλεξίου;F;30;Ρόδος;Νότιο Αιγαίο;2025-09-13;Bronze
203268;Χριστίνα;Γεωργίου;F;41;Αθήνα;Αττική;2024-02-03;Bronze
203269;Δημήτρης;Πετρόπουλος;M;24;Βόλος;Θεσσαλία;2024-11-11;Silver
203270;Παναγιώτης;Αναστασίου;M;29;Τρίκαλα;Θεσσαλία;2024-07-22;Bronze
203271;Ιωάννα;Πετρόπουλος;F;28;Θεσσαλονίκη;Κεντρική Μακεδονία;2024-09-24;Platinum
203272;Νίκος;Παπαδόπουλος;M;64;Χανιά;Κρήτη;2025-02-07;Bronze
203273;Σοφία;Σπυρόπουλος;F;63;Ρόδος;Νότιο Αιγαίο;2024-01-19;Bronze
203274;Ανδρέας;Καραγιάννης;M;32;Χανιά;Κρήτη;2025-11-08;Gold
203275;Ιωάννα;Πετρόπουλος;F;54;Ιωάννινα;Ήπειρος;2025-04-17;Silver
203276;Ιωάννα;Σταματίου;F;20;Ρόδος;Νότιο Αιγαίο;2025-11-22;Bronze
203277;Κώστας;Αλεξίου;M;47;Πάτρα;Δυτική Ελλάδα;2025-03-18;Bronze
203278;Γιώργος;Ιωαννίδης;M;50;Ιωάννινα;Ήπειρος;2025-08-04;Silver
203279;Παναγιώτης;Ιωαννίδης;M;57;Καβάλα;Ανατολική Μακεδονία & Θράκη;2024-04-16;Silver
203280;Δήμητρα;Σπυρόπουλος;F;57;Ηράκλειο;Κρήτη;2024-06-09;Gold
203281;Ιωάννα;Παπαδόπουλος;F;25;Θεσσαλονίκη;Κεντρική Μακεδονία;2025-11-28;Bronze
203282;Μιχάλης;Καραγιάννης;M;31;Σέρρες;Κεντρική Μακεδονία;2024-07-06;Silver
203283;Μαρία;Χατζής;F;45;Χανιά;Κρήτη;2024-12-14;Bronze
203284;Ελένη;Οικονόμου;F;66;Χανιά;Κρήτη;2024-12-17;Silver
203285;Άννα;Ιωαννίδης;F;50;Ιωάννινα;Ήπειρος;2025-05-05;Gold
203286;Άννα;Αλεξίου;F;72;Ιωάννινα;Ήπειρος;2024-10-07;Bronze
203287;Μαρία;Σταματίου;F;42;Ηράκλειο;Κρήτη;2024-06-02;Silver
203288;Χριστίνα;Ιωαννίδης;F;56;Ιωάννινα;Ήπειρος;2024-09-27;Silver
203289;Χριστίνα;Μιχαηλίδης;F;57;Λάρισα;Θεσσαλία;2025-08-20;Silver
203290;Ελένη;Ιωαννίδης;F;40;Σέρρες;Κεντρική Μακεδονία;2024-09-01;Bronze
203291;Σοφία;Παπανικολάου;F;59;Αθήνα;Αττική;2025-10-15;Bronze
203292;Ανδρέας;Βλάχος;M;46;Καβάλα;Ανατολική Μακεδονία & Θράκη;2024-06-22;Silver
203293;Βασίλης;Κωνσταντίνου;M;61;Τρίκαλα;Θεσσαλία;2025-06-20;Silver
203294;Άννα;Πετρόπουλος;F;34;Βόλος;Θεσσαλία;2024-01-28;Bronze
203295;Σοφία;Λαμπρόπουλος;F;20;Καβάλα;Ανατολική Μακεδονία & Θράκη;2025-06-21;Bronze
203296;Βασίλης;Αλεξίου;M;30;Τρίκαλα;Θεσσαλία;2025-06-30;Bronze
203297;Γεωργία;Αλεξίου;F;29;Τρίκαλα;Θεσσαλία;2025-09-13;Bronze
203298;Γεωργία;Μιχαηλίδης;F;37;Τρίκαλα;Θεσσαλία;2025-06-21;Bronze
203299;Μαρία;Καραγιάννης;F;32;Καβάλα;Ανατολική Μακεδονία & Θράκη;2024-08-02;Bronze
203300;Ελένη;Ιωαννίδης;F;18;Τρίκαλα;Θεσσαλία;2025-01-30;Bronze
203301;Μαρία;Παπανικολάου;F;24;Αθήνα;Αττική;2024-05-24;Bronze
203302;Βασίλης;Σπυρόπουλος;M;58;Ρόδος;Νότιο Αιγαίο;2025-03-18;Bronze
203303;Χριστίνα;Σπυρόπουλος;F;35;Σέρρες;Κεντρική Μακεδονία;2025-03-13;Bronze
203304;Χριστίνα;Οικονόμου;F;33;Ηράκλειο;Κρήτη;2024-05-19;Gold
203305;Θανάσης;Πετρόπουλος;M;48;Λάρισα;Θεσσαλία;2024-04-24;Bronze
203306;Γιώργος;Χατζής;M;36;Θεσσαλονίκη;Κεντρική Μακεδονία;2024-02-24;Gold
203307;Κώστας;Καραγιάννης;M;45;Αθήνα;Αττική;2025-05-09;Gold
203308;Θανάσης;Παπανικολάου;M;25;Ιωάννινα;Ήπειρος;2024-11-02;Platinum
203309;Γεωργία;Σπυρόπουλος;F;48;Ρόδος;Νότιο Αιγαίο;2025-10-11;Silver
203310;Δημήτρης;Παπαδόπουλος;M;45;Θεσσαλονίκη;Κεντρική Μακεδονία;2024-09-26;Bronze
203311;Ιωάννα;Ιωαννίδης;F;35;Τρίκαλα;Θεσσαλία;2025-04-29;Silver
203312;Ανδρέας;Παπαδόπουλος;M;69;Βόλος;Θεσσαλία;2025-11-15;Gold
203313;Χρήστος;Οικονόμου;M;29;Καβάλα;Ανατολική Μακεδονία & Θράκη;2024-01-30;Silver
203314;Δήμητρα;Καρράς;F;66;Καβάλα;Ανατολική Μακεδονία & Θράκη;2024-03-02;Silver
203315;Κώστας;Πετρόπουλος;M;29;Ηράκλειο;Κρήτη;2025-02-12;Gold
203316;Θανάσης;Γεωργίου;M;26;Ηράκλειο;Κρήτη;2025-05-18;Silver
203317;Γεωργία;Χατζής;F;51;Λάρισα;Θεσσαλία;2025-11-19;Bronze
203318;Δημήτρης;Καραγιάννης;M;44;Χανιά;Κρήτη;2025-04-01;Bronze
203319;Μιχάλης;Χατζής;M;22;Αθήνα;Αττική;2025-10-05;Gold
203320;Δήμητρα;Γεωργίου;F;19;Ιωάννινα;Ήπειρος;2024-09-30;Bronze
203321;Μιχάλης;Ζαχαρίου;M;31;Χανιά;Κρήτη;2025-11-28;Silver
203322;Αγγελική;Κωνσταντίνου;F;50;Ηράκλειο;Κρήτη;2024-01-11;Bronze
203323;Ιωάννα;Αλεξίου;F;45;Βόλος;Θεσσαλία;2025-11-06;Bronze
203324;Παναγιώτης;Κωνσταντίνου;M;57;Πάτρα;Δυτική Ελλάδα;2025-05-05;Bronze
203325;Θανάσης;Παπαδόπουλος;M;30;Θεσσαλονίκη;Κεντρική Μακεδονία;2025-04-07;Silver
203326;Χρήστος;Κωνσταντίνου;M;33;Τρίκαλα;Θεσσαλία;2024-03-25;Bronze
203327;Γεωργία;Ζαχαρίου;F;71;Λάρισα;Θεσσαλία;2024-09-24;Platinum
203328;Βασίλης;Λαμπρόπουλος;M;60;Ρόδος;Νότιο Αιγαίο;2024-11-19;Platinum
203329;Γιώργος;Αλεξίου;M;29;Σέρρες;Κεντρική Μακεδονία;2024-02-04;Silver
203330;Χριστίνα;Παπαδόπουλος;F;72;Τρίκαλα;Θεσσαλία;2024-12-16;Bronze
203331;Νίκος;Ιωαννίδης;M;28;Ηράκλειο;Κρήτη;2025-10-26;Bronze
203332;Θανάσης;Πετρόπουλος;M;60;Ρόδος;Νότιο Αιγαίο;2025-02-15;Bronze
203333;Γιώργος;Πετρόπουλος;M;70;Πάτρα;Δυτική Ελλάδα;2024-09-08;Bronze
203334;Δήμητρα;Κωνσταντίνου;F;18;Ηράκλειο;Κρήτη;2024-01-31;Bronze
203335;Ανδρέας;Κωνσταντίνου;M;69;Αθήνα;Αττική;2024-07-03;Silver
203336;Κώστας;Παπαδόπουλος;M;25;Πάτρα;Δυτική Ελλάδα;2025-10-05;Silver
203337;Νίκος;Λαμπρόπουλος;M;38;Αθήνα;Αττική;2024-01-23;Bronze
203338;Νίκος;Λαμπρόπουλος;M;26;Τρίκαλα;Θεσσαλία;2024-02-09;Gold
203339;Αγγελική;Νικολάου;F;69;Αθήνα;Αττική;2024-11-04;Silver
203340;Γιώργος;Χατζής;M;33;Αθήνα;Αττική;2024-12-20;Bronze
203341;Ιωάννα;Αλεξίου;F;51;Βόλος;Θεσσαλία;2025-03-30;Gold
203342;Γεωργία;Σπυρόπουλος;F;31;Ρόδος;Νότιο Αιγαίο;2025-06-22;Platinum
203343;Παναγιώτης;Παπανικολάου;M;58;Σέρρες;Κεντρική Μακεδονία;2024-12-01;Bronze
203344;Ανδρέας;Δημητρίου;M;52;Πάτρα;Δυτική Ελλάδα;2025-05-12;Bronze
203345;Βασίλης;Νικολάου;M;45;Λάρισα;Θεσσαλία;2024-05-14;Silver
203346;Βασίλης;Παπανικολάου;M;29;Βόλος;Θεσσαλία;2025-01-08;Silver
203347;Αγγελική;Ζαχαρίου;F;60;Τρίκαλα;Θεσσαλία;2024-03-22;Bronze
203348;Γεωργία;Οικονόμου;F;33;Αθήνα;Αττική;2025-06-09;Bronze
203349;Γεωργία;Παπανικολάου;F;72;Λάρισα;Θεσσαλία;2024-09-25;Silver
203350;Χριστίνα;Γεωργίου;F;61;Βόλος;Θεσσαλία;2024-01-16;Gold
203351;Αγγελική;Λαμπρόπουλος;F;36;Ρόδος;Νότιο Αιγαίο;2024-04-27;Gold
203352;Μαρία;Ζαχαρίου;F;54;Πάτρα;Δυτική Ελλάδα;2025-11-01;Bronze
203353;Σοφία;Οικονόμου;F;33;Βόλος;Θεσσαλία;2024-01-28;Bronze
203354;Γεωργία;Ιωαννίδης;F;40;Βόλος;Θεσσαλία;2025-09-07;Silver
203355;Ανδρέας;Παπανικολάου;M;50;Χανιά;Κρήτη;2024-03-20;Gold
203356;Κώστας;Σπυρόπουλος;M;46;Βόλος;Θεσσαλία;2024-11-03;Bronze
203357;Ιωάννα;Καραγιάννης;F;35;Βόλος;Θεσσαλία;2025-08-11;Gold
203358;Σοφία;Γεωργίου;F;26;Ηράκλειο;Κρήτη;2025-06-10;Bronze
203359;Γεωργία;Βλάχος;F;48;Ρόδος;Νότιο Αιγαίο;2025-04-26;Silver
203360;Μιχάλης;Οικονόμου;M;63;Λάρισα;Θεσσαλία;2024-12-04;Gold
203361;Αγγελική;Αναστασίου;F;54;Τρίκαλα;Θεσσαλία;2025-03-02;Silver
203362;Ελένη;Καρράς;F;45;Πάτρα;Δυτική Ελλάδα;2024-07-21;Silver
203363;Χριστίνα;Καραγιάννης;F;25;Πάτρα;Δυτική Ελλάδα;2024-12-03;Bronze
203364;Ανδρέας;Παπαδόπουλος;M;28;Καβάλα;Ανατολική Μακεδονία & Θράκη;2025-03-17;Bronze
203365;Χρήστος;Αναστασίου;M;25;Πάτρα;Δυτική Ελλάδα;2024-06-05;Silver
203366;Χριστίνα;Ιωαννίδης;F;30;Θεσσαλονίκη;Κεντρική Μακεδονία;2024-10-16;Gold
203367;Δημήτρης;Κωνσταντίνου;M;24;Καβάλα;Ανατολική Μακεδονία & Θράκη;2025-10-14;Gold
203368;Ανδρέας;Αναστασίου;M;41;Βόλος;Θεσσαλία;2025-07-23;Bronze
203369;Δήμητρα;Ιωαννίδης;F;57;Βόλος;Θεσσαλία;2025-01-07;Gold
203370;Νίκος;Καρράς;M;53;Σέρρες;Κεντρική Μακεδονία;2024-08-07;Bronze
203371;Χριστίνα;Καρράς;F;50;Αθήνα;Αττική;2025-07-27;Gold
203372;Μαρία;Αναστασίου;F;69;Τρίκαλα;Θεσσαλία;2025-08-17;Bronze
203373;Μαρία;Αναστασίου;F;30;Θεσσαλονίκη;Κεντρική Μακεδονία;2025-04-30;Bronze
203374;Ιωάννα;Λαμπρόπουλος;F;38;Πάτρα;Δυτική Ελλάδα;2024-04-05;Silver
203375;Γεωργία;Βλάχος;F;32;Ιωάννινα;Ήπειρος;2025-07-23;Bronze
203376;Θανάσης;Βλάχος;M;22;Σέρρες;Κεντρική Μακεδονία;2025-11-27;Bronze
203377;Μαρία;Δημητρίου;F;20;Βόλος;Θεσσαλία;2025-01-15;Gold
203378;Θανάσης;Δημητρίου;M;23;Θεσσαλονίκη;Κεντρική Μακεδονία;2025-01-13;Gold
203379;Γιώργος;Σταματίου;M;43;Λάρισα;Θεσσαλία;2024-02-19;Bronze
203380;Δημήτρης;Αλεξίου;M;54;Ιωάννινα;Ήπειρος;2024-09-05;Silver
203381;Κώστας;Παπαδόπουλος;M;60;Σέρρες;Κεντρική Μακεδονία;2024-08-29;Silver
203382;Αγγελική;Σταματίου;F;59;Θεσσαλονίκη;Κεντρική Μακεδονία;2025-07-27;Silver
203383;Βασίλης;Αναστασίου;M;36;Καβάλα;Ανατολική Μακεδονία & Θράκη;2025-06-16;Bronze
203384;Ιωάννα;Καρράς;F;43;Ηράκλειο;Κρήτη;2024-10-06;Gold
203385;Γιώργος;Λαμπρόπουλος;M;32;Λάρισα;Θεσσαλία;2025-06-08;Silver
203386;Παναγιώτης;Σταματίου;M;65;Ιωάννινα;Ήπειρος;2025-03-21;Bronze
203387;Κατερίνα;Καρράς;F;37;Λάρισα;Θεσσαλία;2024-01-31;Bronze
203388;Κώστας;Καραγιάννης;M;56;Ιωάννινα;Ήπειρος;2025-02-20;Bronze
203389;Αγγελική;Δημητρίου;F;61;Τρίκαλα;Θεσσαλία;2025-07-16;Silver
203390;Σοφία;Πετρόπουλος;F;54;Πάτρα;Δυτική Ελλάδα;2024-11-14;Bronze
203391;Ελένη;Αναστασίου;F;34;Ιωάννινα;Ήπειρος;2025-09-16;Bronze
203392;Άννα;Δημητρίου;F;69;Βόλος;Θεσσαλία;2024-12-04;Gold
203393;Σοφία;Νικολάου;F;30;Ρόδος;Νότιο Αιγαίο;2024-10-12;Bronze
203394;Χρήστος;Χατζής;M;66;Αθήνα;Αττική;2025-07-22;Platinum
203395;Σοφία;Χατζής;F;42;Ιωάννινα;Ήπειρος;2025-03-04;Silver
203396;Νίκος;Λαμπρόπουλος;M;29;Πάτρα;Δυτική Ελλάδα;2025-08-13;Gold
203397;Δημήτρης;Νικολάου;M;35;Ιωάννινα;Ήπειρος;2025-07-27;Silver
203398;Γιώργος;Βλάχος;M;47;Ηράκλειο;Κρήτη;2024-08-23;Silver
203399;Μαρία;Μιχαηλίδης;F;61;Τρίκαλα;Θεσσαλία;2024-03-06;Bronze
203400;Ιωάννα;Αναστασίου;F;63;Χανιά;Κρήτη;2024-11-30;Silver
203401;Γιώργος;Κωνσταντίνου;M;68;Βόλος;Θεσσαλία;2024-12-01;Silver
203402;Ιωάννα;Μιχαηλίδης;F;59;Σέρρες;Κεντρική Μακεδονία;2025-01-15;Gold
203403;Αγγελική;Μιχαηλίδης;F;53;Σέρρες;Κεντρική Μακεδονία;2024-01-03;Bronze
203404;Δήμητρα;Δημητρίου;F;72;Τρίκαλα;Θεσσαλία;2024-05-14;Gold
203405;Χριστίνα;Κωνσταντίνου;F;58;Λάρισα;Θεσσαλία;2025-09-08;Bronze
203406;Άννα;Σταματίου;F;47;Αθήνα;Αττική;2025-01-11;Bronze
203407;Χριστίνα;Ιωαννίδης;F;30;Λάρισα;Θεσσαλία;2024-09-16;Bronze
203408;Παναγιώτης;Νικολάου;M;23;Σέρρες;Κεντρική Μακεδονία;2025-06-06;Bronze
203409;Ιωάννα;Γεωργίου;F;41;Πάτρα;Δυτική Ελλάδα;2024-02-21;Bronze
203410;Θανάσης;Δημητρίου;M;54;Χανιά;Κρήτη;2024-12-21;Silver
203411;Ανδρέας;Καρράς;M;41;Σέρρες;Κεντρική Μακεδονία;2024-04-13;Bronze
203412;Αγγελική;Παπανικολάου;F;21;Χανιά;Κρήτη;2024-03-30;Silver
203413;Κώστας;Σταματίου;M;63;Ρόδος;Νότιο Αιγαίο;2025-05-27;Gold
203414;Χριστίνα;Καρράς;F;63;Ηράκλειο;Κρήτη;2024-07-09;Gold
203415;Παναγιώτης;Νικολάου;M;31;Ηράκλειο;Κρήτη;2025-07-15;Bronze
203416;Μαρία;Ζαχαρίου;F;57;Θεσσαλονίκη;Κεντρική Μακεδονία;2025-05-17;Bronze
203417;Κατερίνα;Νικολάου;F;56;Θεσσαλονίκη;Κεντρική Μακεδονία;2025-06-25;Bronze
203418;Σοφία;Χατζής;F;71;Ιωάννινα;Ήπειρος;2025-01-05;Silver
203419;Ανδρέας;Νικολάου;M;48;Αθήνα;Αττική;2025-12-21;Bronze
203420;Ελένη;Γεωργίου;F;69;Λάρισα;Θεσσαλία;2024-08-08;Bronze
203421;Γιώργος;Αναστασίου;M;18;Σέρρες;Κεντρική Μακεδονία;2025-05-10;Silver
203422;Ελένη;Βλάχος;F;20;Ιωάννινα;Ήπειρος;2024-03-19;Bronze
203423;Κώστας;Γεωργίου;M;43;Χανιά;Κρήτη;2025-08-24;Silver
203424;Άννα;Σπυρόπουλος;F;25;Λάρισα;Θεσσαλία;2025-04-02;Bronze
203425;Γιώργος;Αναστασίου;M;33;Θεσσαλονίκη;Κεντρική Μακεδονία;2025-09-16;Bronze
203426;Άννα;Δημητρίου;F;29;Ιωάννινα;Ήπειρος;2025-03-11;Bronze
203427;Μαρία;Σταματίου;F;32;Ηράκλειο;Κρήτη;2025-02-15;Bronze
203428;Δήμητρα;Παπανικολάου;F;50;Αθήνα;Αττική;2025-03-04;Gold
203429;Ιωάννα;Παπανικολάου;F;39;Βόλος;Θεσσαλία;2024-06-02;Bronze
203430;Γιώργος;Βλάχος;M;43;Σέρρες;Κεντρική Μακεδονία;2025-04-29;Silver
203431;Μιχάλης;Παπανικολάου;M;25;Αθήνα;Αττική;2024-01-08;Gold
203432;Χριστίνα;Λαμπρόπουλος;F;49;Αθήνα;Αττική;2025-03-12;Silver
203433;Ιωάννα;Δημητρίου;F;67;Θεσσαλονίκη;Κεντρική Μακεδονία;2024-07-01;Bronze
203434;Χρήστος;Σπυρόπουλος;M;62;Ρόδος;Νότιο Αιγαίο;2024-07-26;Gold
203435;Ανδρέας;Αλεξίου;M;54;Ηράκλειο;Κρήτη;2025-12-13;Gold
203436;Ανδρέας;Κωνσταντίνου;M;51;Λάρισα;Θεσσαλία;2025-08-19;Silver
203437;Χρήστος;Παπανικολάου;M;48;Αθήνα;Αττική;2025-03-28;Silver
203438;Κώστας;Γεωργίου;M;63;Χανιά;Κρήτη;2024-08-20;Bronze
203439;Κατερίνα;Μιχαηλίδης;F;61;Λάρισα;Θεσσαλία;2025-02-26;Silver
203440;Δήμητρα;Γεωργίου;F;54;Αθήνα;Αττική;2024-05-26;Silver
203441;Ελένη;Δημητρίου;F;38;Τρίκαλα;Θεσσαλία;2024-11-08;Silver
203442;Ανδρέας;Γεωργίου;M;21;Ρόδος;Νότιο Αιγαίο;2024-08-14;Bronze
203443;Δήμητρα;Βλάχος;F;32;Ιωάννινα;Ήπειρος;2024-07-26;Gold
203444;Ανδρέας;Καραγιάννης;M;63;Βόλος;Θεσσαλία;2025-12-17;Bronze
203445;Μαρία;Παπαδόπουλος;F;54;Χανιά;Κρήτη;2024-10-15;Bronze
203446;Άννα;Σπυρόπουλος;F;46;Αθήνα;Αττική;2025-10-17;Silver
203447;Μιχάλης;Παπαδόπουλος;M;71;Τρίκαλα;Θεσσαλία;2024-10-03;Bronze
203448;Κώστας;Παπανικολάου;M;63;Τρίκαλα;Θεσσαλία;2025-09-29;Bronze
203449;Δημήτρης;Χατζής;M;65;Καβάλα;Ανατολική Μακεδονία & Θράκη;2024-04-04;Bronze
203450;Χριστίνα;Ζαχαρίου;F;24;Καβάλα;Ανατολική Μακεδονία & Θράκη;2025-01-22;Silver
203451;Μαρία;Ιωαννίδης;F;56;Θεσσαλονίκη;Κεντρική Μακεδονία;2025-05-20;Platinum
203452;Θανάσης;Βλάχος;M;19;Τρίκαλα;Θεσσαλία;2024-03-11;Platinum
203453;Δήμητρα;Χατζής;F;23;Ιωάννινα;Ήπειρος;2025-09-13;Gold
203454;Δημήτρης;Δημητρίου;M;49;Ρόδος;Νότιο Αιγαίο;2024-08-04;Platinum
203455;Σοφία;Καραγιάννης;F;19;Χανιά;Κρήτη;2025-09-08;Silver
203456;Σοφία;Οικονόμου;F;42;Βόλος;Θεσσαλία;2025-12-22;Silver
203457;Δήμητρα;Νικολάου;F;65;Βόλος;Θεσσαλία;2025-08-07;Bronze
203458;Ιωάννα;Παπαδόπουλος;F;60;Καβάλα;Ανατολική Μακεδονία & Θράκη;2025-01-26;Gold
203459;Θανάσης;Κωνσταντίνου;M;43;Πάτρα;Δυτική Ελλάδα;2024-01-13;Silver
203460;Χριστίνα;Νικολάου;F;59;Τρίκαλα;Θεσσαλία;2024-07-05;Silver
203461;Χρήστος;Παπαδόπουλος;M;66;Πάτρα;Δυτική Ελλάδα;2025-10-08;Silver
203462;Νίκος;Λαμπρόπουλος;M;45;Χανιά;Κρήτη;2024-01-21;Silver
203463;Θανάσης;Βλάχος;M;45;Αθήνα;Αττική;2025-08-24;Silver
203464;Γεωργία;Παπαδόπουλος;F;70;Χανιά;Κρήτη;2024-03-09;Silver
203465;Γιώργος;Αλεξίου;M;26;Καβάλα;Ανατολική Μακεδονία & Θράκη;2025-12-07;Bronze
203466;Βασίλης;Παπαδόπουλος;M;40;Σέρρες;Κεντρική Μακεδονία;2025-11-13;Silver
203467;Ιωάννα;Καραγιάννης;F;72;Καβάλα;Ανατολική Μακεδονία & Θράκη;2024-02-20;Bronze
203468;Κατερίνα;Μιχαηλίδης;F;50;Πάτρα;Δυτική Ελλάδα;2024-04-12;Bronze
203469;Χριστίνα;Πετρόπουλος;F;43;Λάρισα;Θεσσαλία;2025-03-20;Bronze
203470;Ιωάννα;Αλεξίου;F;58;Βόλος;Θεσσαλία;2025-08-31;Bronze
203471;Θανάσης;Σταματίου;M;27;Αθήνα;Αττική;2024-12-28;Gold
203472;Δημήτρης;Ιωαννίδης;M;43;Ηράκλειο;Κρήτη;2025-08-05;Platinum
203473;Σοφία;Ζαχαρίου;F;68;Σέρρες;Κεντρική Μακεδονία;2025-09-16;Bronze
203474;Γιώργος;Καραγιάννης;M;40;Θεσσαλονίκη;Κεντρική Μακεδονία;2025-03-10;Silver
203475;Αγγελική;Καρράς;F;58;Καβάλα;Ανατολική Μακεδονία & Θράκη;2024-07-12;Bronze
203476;Βασίλης;Νικολάου;M;64;Θεσσαλονίκη;Κεντρική Μακεδονία;2025-05-16;Silver
203477;Αγγελική;Σπυρόπουλος;F;36;Καβάλα;Ανατολική Μακεδονία & Θράκη;2025-04-06;Silver
203478;Γεωργία;Πετρόπουλος;F;60;Σέρρες;Κεντρική Μακεδονία;2024-12-07;Silver
203479;Άννα;Λαμπρόπουλος;F;33;Βόλος;Θεσσαλία;2025-01-30;Silver
203480;Ελένη;Σταματίου;F;40;Πάτρα;Δυτική Ελλάδα;2024-02-06;Gold
203481;Γιώργος;Μιχαηλίδης;M;34;Ιωάννινα;Ήπειρος;2025-10-17;Silver
203482;Χρήστος;Καραγιάννης;M;25;Ρόδος;Νότιο Αιγαίο;2024-04-01;Silver
203483;Δημήτρης;Ιωαννίδης;M;33;Σέρρες;Κεντρική Μακεδονία;2024-02-08;Bronze
203484;Δημήτρης;Λαμπρόπουλος;M;48;Χανιά;Κρήτη;2024-08-09;Bronze
203485;Αγγελική;Νικολάου;F;50;Τρίκαλα;Θεσσαλία;2025-05-03;Bronze
203486;Ανδρέας;Παπανικολάου;M;29;Ιωάννινα;Ήπειρος;2025-12-07;Bronze
203487;Θανάσης;Κωνσταντίνου;M;67;Χανιά;Κρήτη;2025-05-17;Bronze
203488;Νίκος;Σταματίου;M;53;Πάτρα;Δυτική Ελλάδα;2025-02-16;Silver
203489;Παναγιώτης;Ιωαννίδης;M;25;Καβάλα;Ανατολική Μακεδονία & Θράκη;2024-08-24;Silver
203490;Κώστας;Νικολάου;M;55;Ηράκλειο;Κρήτη;2024-03-25;Bronze
203491;Αγγελική;Καρράς;F;39;Αθήνα;Αττική;2024-09-07;Silver
203492;Ιωάννα;Ιωαννίδης;F;71;Σέρρες;Κεντρική Μακεδονία;2025-10-25;Bronze
203493;Ιωάννα;Καραγιάννης;F;64;Καβάλα;Ανατολική Μακεδονία & Θράκη;2025-07-30;Bronze
203494;Άννα;Δημητρίου;F;26;Σέρρες;Κεντρική Μακεδονία;2024-11-04;Bronze
203495;Άννα;Ιωαννίδης;F;33;Χανιά;Κρήτη;2025-12-13;Bronze
203496;Ιωάννα;Ιωαννίδης;F;20;Ρόδος;Νότιο Αιγαίο;2024-05-24;Gold
203497;Κατερίνα;Οικονόμου;F;57;Λάρισα;Θεσσαλία;2025-06-11;Bronze
203498;Χρήστος;Χατζής;M;62;Βόλος;Θεσσαλία;2025-04-06;Silver
203499;Κατερίνα;Πετρόπουλος;F;34;Ηράκλειο;Κρήτη;2024-07-23;Silver
203500;Αγγελική;Μιχαηλίδης;F;70;Καβάλα;Ανατολική Μακεδονία & Θράκη;2024-01-05;Gold
203501;Δήμητρα;Παπαδόπουλος;F;43;Ρόδος;Νότιο Αιγαίο;2024-10-05;Bronze
203502;Σοφία;Γεωργίου;F;21;Τρίκαλα;Θεσσαλία;2024-03-10;Bronze
203503;Μιχάλης;Χατζής;M;48;Λάρισα;Θεσσαλία;2025-09-29;Bronze
203504;Γεωργία;Νικολάου;F;25;Αθήνα;Αττική;2024-04-19;Gold
203505;Βασίλης;Λαμπρόπουλος;M;58;Ρόδος;Νότιο Αιγαίο;2025-03-01;Silver
203506;Δημήτρης;Νικολάου;M;66;Σέρρες;Κεντρική Μακεδονία;2025-08-23;Bronze
203507;Δήμητρα;Αλεξίου;F;51;Λάρισα;Θεσσαλία;2025-05-29;Gold
203508;Νίκος;Δημητρίου;M;38;Τρίκαλα;Θεσσαλία;2025-05-26;Bronze
203509;Παναγιώτης;Σπυρόπουλος;M;41;Ιωάννινα;Ήπειρος;2024-02-24;Silver
203510;Σοφία;Σταματίου;F;42;Πάτρα;Δυτική Ελλάδα;2024-11-05;Gold
203511;Δήμητρα;Αναστασίου;F;44;Πάτρα;Δυτική Ελλάδα;2024-01-04;Gold
203512;Δημήτρης;Παπανικολάου;M;63;Λάρισα;Θεσσαλία;2025-02-02;Silver
203513;Κώστας;Βλάχος;M;54;Λάρισα;Θεσσαλία;2024-01-05;Silver
203514;Μιχάλης;Βλάχος;M;60;Λάρισα;Θεσσαλία;2024-08-22;Bronze
203515;Μαρία;Πετρόπουλος;F;39;Λάρισα;Θεσσαλία;2025-04-28;Silver
203516;Χρήστος;Οικονόμου;M;68;Ηράκλειο;Κρήτη;2025-08-07;Silver
203517;Γιώργος;Σπυρόπουλος;M;54;Βόλος;Θεσσαλία;2024-04-20;Bronze
203518;Κατερίνα;Δημητρίου;F;34;Σέρρες;Κεντρική Μακεδονία;2024-03-28;Silver
203519;Κώστας;Σταματίου;M;36;Σέρρες;Κεντρική Μακεδονία;2024-04-19;Silver
203520;Ελένη;Μιχαηλίδης;F;50;Αθήνα;Αττική;2025-09-13;Bronze
203521;Ελένη;Ζαχαρίου;F;64;Βόλος;Θεσσαλία;2024-10-03;Bronze
203522;Δημήτρης;Καρράς;M;43;Βόλος;Θεσσαλία;2024-01-13;Bronze
203523;Γεωργία;Δημητρίου;F;39;Ιωάννινα;Ήπειρος;2025-12-14;Gold
203524;Αγγελική;Γεωργίου;F;46;Σέρρες;Κεντρική Μακεδονία;2025-09-19;Bronze
203525;Ιωάννα;Λαμπρόπουλος;F;28;Ρόδος;Νότιο Αιγαίο;2024-03-01;Silver
203526;Παναγιώτης;Χατζής;M;29;Πάτρα;Δυτική Ελλάδα;2024-03-28;Gold
203527;Νίκος;Αναστασίου;M;28;Ρόδος;Νότιο Αιγαίο;2025-08-19;Gold
203528;Αγγελική;Γεωργίου;F;36;Θεσσαλονίκη;Κεντρική Μακεδονία;2024-10-18;Bronze
203529;Δημήτρης;Ζαχαρίου;M;41;Τρίκαλα;Θεσσαλία;2025-12-21;Bronze
203530;Θανάσης;Γεωργίου;M;36;Πάτρα;Δυτική Ελλάδα;2025-02-26;Bronze
203531;Νίκος;Σταματίου;M;70;Τρίκαλα;Θεσσαλία;2024-02-01;Bronze
203532;Μαρία;Νικολάου;F;21;Ρόδος;Νότιο Αιγαίο;2025-06-02;Silver
203533;Χριστίνα;Πετρόπουλος;F;50;Χανιά;Κρήτη;2025-06-17;Bronze
203534;Γεωργία;Αναστασίου;F;52;Θεσσαλονίκη;Κεντρική Μακεδονία;2025-12-08;Silver
203535;Κατερίνα;Πετρόπουλος;F;25;Ηράκλειο;Κρήτη;2025-11-08;Bronze
203536;Γεωργία;Γεωργίου;F;44;Λάρισα;Θεσσαλία;2024-10-06;Silver
203537;Ανδρέας;Αλεξίου;M;68;Πάτρα;Δυτική Ελλάδα;2024-04-26;Silver
203538;Νίκος;Γεωργίου;M;30;Αθήνα;Αττική;2025-06-13;Bronze
203539;Δημήτρης;Γεωργίου;M;40;Ιωάννινα;Ήπειρος;2025-06-30;Gold
203540;Παναγιώτης;Σταματίου;M;52;Λάρισα;Θεσσαλία;2024-01-13;Silver
203541;Παναγιώτης;Μιχαηλίδης;M;29;Ιωάννινα;Ήπειρος;2025-05-03;Gold
203542;Κώστας;Παπαδόπουλος;M;26;Βόλος;Θεσσαλία;2024-09-09;Platinum
203543;Κατερίνα;Βλάχος;F;52;Ιωάννινα;Ήπειρος;2025-03-27;Gold
203544;Ιωάννα;Μιχαηλίδης;F;19;Λάρισα;Θεσσαλία;2024-05-17;Silver
203545;Θανάσης;Λαμπρόπουλος;M;49;Σέρρες;Κεντρική Μακεδονία;2025-12-24;Gold
203546;Χριστίνα;Καραγιάννης;F;37;Αθήνα;Αττική;2025-07-06;Silver
203547;Ιωάννα;Νικολάου;F;22;Αθήνα;Αττική;2025-04-04;Silver
203548;Παναγιώτης;Οικονόμου;M;19;Ηράκλειο;Κρήτη;2024-08-11;Silver
203549;Ελένη;Παπαδόπουλος;F;62;Σέρρες;Κεντρική Μακεδονία;2025-09-04;Silver
203550;Κατερίνα;Αναστασίου;F;69;Καβάλα;Ανατολική Μακεδονία & Θράκη;2024-05-20;Bronze
203551;Χρήστος;Ιωαννίδης;M;36;Θεσσαλονίκη;Κεντρική Μακεδονία;2025-03-23;Silver
203552;Θανάσης;Σταματίου;M;49;Ιωάννινα;Ήπειρος;2025-12-27;Silver
203553;Κατερίνα;Βλάχος;F;53;Σέρρες;Κεντρική Μακεδονία;2024-04-15;Gold
203554;Βασίλης;Χατζής;M;30;Ιωάννινα;Ήπειρος;2025-10-25;Bronze
203555;Μιχάλης;Λαμπρόπουλος;M;59;Ιωάννινα;Ήπειρος;2025-06-12;Bronze
203556;Παναγιώτης;Σταματίου;M;59;Ηράκλειο;Κρήτη;2024-12-26;Gold
203557;Άννα;Δημητρίου;F;51;Ρόδος;Νότιο Αιγαίο;2025-09-08;Bronze
203558;Νίκος;Δημητρίου;M;64;Ιωάννινα;Ήπειρος;2025-11-29;Silver
203559;Νίκος;Αλεξίου;M;38;Ηράκλειο;Κρήτη;2024-11-15;Silver
203560;Ανδρέας;Παπαδόπουλος;M;70;Καβάλα;Ανατολική Μακεδονία & Θράκη;2025-11-02;Bronze
203561;Δήμητρα;Παπαδόπουλος;F;64;Χανιά;Κρήτη;2025-07-18;Gold
203562;Γεωργία;Αναστασίου;F;60;Ρόδος;Νότιο Αιγαίο;2025-09-16;Silver
203563;Άννα;Ιωαννίδης;F;47;Ιωάννινα;Ήπειρος;2025-05-31;Bronze
203564;Κατερίνα;Δημητρίου;F;33;Χανιά;Κρήτη;2024-01-12;Gold
203565;Ελένη;Πετρόπουλος;F;67;Λάρισα;Θεσσαλία;2025-07-19;Bronze
203566;Σοφία;Σταματίου;F;28;Βόλος;Θεσσαλία;2025-08-19;Bronze
203567;Δημήτρης;Αλεξίου;M;63;Αθήνα;Αττική;2024-12-01;Silver
203568;Σοφία;Γεωργίου;F;55;Ιωάννινα;Ήπειρος;2024-08-01;Silver
203569;Ελένη;Γεωργίου;F;19;Ρόδος;Νότιο Αιγαίο;2025-02-24;Silver
203570;Ελένη;Βλάχος;F;69;Ιωάννινα;Ήπειρος;2024-08-22;Bronze
203571;Γεωργία;Παπαδόπουλος;F;72;Βόλος;Θεσσαλία;2024-02-01;Bronze
203572;Άννα;Καραγιάννης;F;27;Πάτρα;Δυτική Ελλάδα;2024-08-30;Bronze
203573;Ιωάννα;Ζαχαρίου;F;68;Καβάλα;Ανατολική Μακεδονία & Θράκη;2024-02-10;Platinum
203574;Κώστας;Αλεξίου;M;58;Χανιά;Κρήτη;2024-04-24;Bronze
203575;Μιχάλης;Δημητρίου;M;68;Χανιά;Κρήτη;2025-09-29;Silver
203576;Ανδρέας;Αναστασίου;M;61;Καβάλα;Ανατολική Μακεδονία & Θράκη;2025-11-29;Gold
203577;Κατερίνα;Γεωργίου;F;22;Πάτρα;Δυτική Ελλάδα;2025-03-27;Silver
203578;Άννα;Καραγιάννης;F;70;Ηράκλειο;Κρήτη;2024-03-13;Bronze
203579;Δημήτρης;Γεωργίου;M;19;Χανιά;Κρήτη;2025-05-30;Bronze
203580;Γιώργος;Καρράς;M;64;Βόλος;Θεσσαλία;2025-08-18;Gold
203581;Γιώργος;Βλάχος;M;70;Χανιά;Κρήτη;2024-04-07;Silver
203582;Δημήτρης;Καρράς;M;37;Χανιά;Κρήτη;2025-01-16;Silver
203583;Γιώργος;Νικολάου;M;22;Χανιά;Κρήτη;2024-06-05;Bronze
203584;Μαρία;Λαμπρόπουλος;F;23;Καβάλα;Ανατολική Μακεδονία & Θράκη;2024-02-16;Bronze
203585;Χριστίνα;Δημητρίου;F;45;Σέρρες;Κεντρική Μακεδονία;2025-07-17;Silver
203586;Άννα;Σταματίου;F;66;Θεσσαλονίκη;Κεντρική Μακεδονία;2024-10-15;Silver
203587;Μαρία;Αλεξίου;F;60;Πάτρα;Δυτική Ελλάδα;2024-01-22;Bronze
203588;Ιωάννα;Κωνσταντίνου;F;31;Τρίκαλα;Θεσσαλία;2024-07-28;Bronze
203589;Νίκος;Οικονόμου;M;44;Βόλος;Θεσσαλία;2024-03-08;Gold
203590;Παναγιώτης;Μιχαηλίδης;M;18;Θεσσαλονίκη;Κεντρική Μακεδονία;2024-01-13;Silver
203591;Δημήτρης;Γεωργίου;M;33;Βόλος;Θεσσαλία;2025-01-10;Bronze
203592;Γεωργία;Αναστασίου;F;26;Αθήνα;Αττική;2025-04-28;Gold
203593;Κώστας;Βλάχος;M;56;Βόλος;Θεσσαλία;2025-03-09;Gold
203594;Κατερίνα;Δημητρίου;F;49;Ιωάννινα;Ήπειρος;2024-03-19;Silver
203595;Αγγελική;Σπυρόπουλος;F;49;Ιωάννινα;Ήπειρος;2025-05-02;Silver
203596;Ελένη;Αλεξίου;F;50;Καβάλα;Ανατολική Μακεδονία & Θράκη;2025-04-20;Silver
203597;Δημήτρης;Πετρόπουλος;M;52;Θεσσαλονίκη;Κεντρική Μακεδονία;2025-06-29;Platinum
203598;Θανάσης;Σπυρόπουλος;M;59;Σέρρες;Κεντρική Μακεδονία;2024-06-13;Bronze
203599;Άννα;Οικονόμου;F;35;Βόλος;Θεσσαλία;2024-04-29;Silver
203600;Δήμητρα;Ζαχαρίου;F;44;Χανιά;Κρήτη;2024-03-27;Silver
203601;Άννα;Κωνσταντίνου;F;25;Χανιά;Κρήτη;2025-07-22;Gold
203602;Μιχάλης;Χατζής;M;60;Ιωάννινα;Ήπειρος;2024-11-15;Silver
203603;Δημήτρης;Γεωργίου;M;40;Καβάλα;Ανατολική Μακεδονία & Θράκη;2024-11-22;Silver
203604;Θανάσης;Γεωργίου;M;67;Χανιά;Κρήτη;2025-10-14;Bronze
203605;Κατερίνα;Οικονόμου;F;41;Λάρισα;Θεσσαλία;2024-11-09;Silver
203606;Θανάσης;Σταματίου;M;46;Θεσσαλονίκη;Κεντρική Μακεδονία;2025-11-21;Silver
203607;Μαρία;Καρράς;F;32;Χανιά;Κρήτη;2024-11-17;Gold
203608;Μαρία;Νικολάου;F;21;Τρίκαλα;Θεσσαλία;2025-04-24;Platinum
203609;Ανδρέας;Αλεξίου;M;47;Χανιά;Κρήτη;2025-11-03;Bronze
203610;Ανδρέας;Ιωαννίδης;M;61;Σέρρες;Κεντρική Μακεδονία;2024-12-22;Silver
203611;Ανδρέας;Κωνσταντίνου;M;36;Αθήνα;Αττική;2025-04-05;Gold
203612;Ιωάννα;Σπυρόπουλος;F;62;Χανιά;Κρήτη;2025-06-22;Silver
203613;Κώστας;Γεωργίου;M;66;Αθήνα;Αττική;2024-02-09;Silver
203614;Γιώργος;Κωνσταντίνου;M;19;Ρόδος;Νότιο Αιγαίο;2024-11-13;Silver
203615;Νίκος;Σταματίου;M;36;Ιωάννινα;Ήπειρος;2024-04-18;Silver
203616;Ιωάννα;Λαμπρόπουλος;F;62;Αθήνα;Αττική;2024-10-13;Bronze
203617;Παναγιώτης;Λαμπρόπουλος;M;45;Ιωάννινα;Ήπειρος;2025-05-10;Bronze
203618;Σοφία;Κωνσταντίνου;F;27;Ιωάννινα;Ήπειρος;2024-05-09;Gold
203619;Ιωάννα;Οικονόμου;F;62;Λάρισα;Θεσσαλία;2025-07-30;Silver
203620;Ελένη;Γεωργίου;F;69;Αθήνα;Αττική;2024-04-30;Silver
203621;Μαρία;Βλάχος;F;33;Πάτρα;Δυτική Ελλάδα;2024-11-30;Silver
203622;Παναγιώτης;Αναστασίου;M;32;Αθήνα;Αττική;2025-04-19;Bronze
203623;Χριστίνα;Καρράς;F;67;Χανιά;Κρήτη;2025-08-02;Platinum
203624;Σοφία;Πετρόπουλος;F;69;Σέρρες;Κεντρική Μακεδονία;2024-03-02;Gold
203625;Παναγιώτης;Βλάχος;M;50;Θεσσαλονίκη;Κεντρική Μακεδονία;2025-04-20;Bronze
203626;Παναγιώτης;Μιχαηλίδης;M;71;Ρόδος;Νότιο Αιγαίο;2024-06-13;Bronze
203627;Παναγιώτης;Ζαχαρίου;M;25;Θεσσαλονίκη;Κεντρική Μακεδονία;2025-11-27;Bronze
203628;Βασίλης;Καρράς;M;67;Λάρισα;Θεσσαλία;2024-09-07;Bronze
203629;Παναγιώτης;Ιωαννίδης;M;62;Ιωάννινα;Ήπειρος;2025-01-15;Bronze
203630;Κώστας;Σπυρόπουλος;M;41;Ρόδος;Νότιο Αιγαίο;2024-03-23;Gold
203631;Μαρία;Παπαδόπουλος;F;33;Λάρισα;Θεσσαλία;2024-09-04;Gold
203632;Σοφία;Αλεξίου;F;64;Πάτρα;Δυτική Ελλάδα;2024-12-28;Gold
203633;Σοφία;Παπαδόπουλος;F;70;Τρίκαλα;Θεσσαλία;2024-12-04;Bronze
203634;Ανδρέας;Δημητρίου;M;59;Σέρρες;Κεντρική Μακεδονία;2024-06-07;Bronze
203635;Ανδρέας;Κωνσταντίνου;M;24;Σέρρες;Κεντρική Μακεδονία;2024-03-09;Bronze
203636;Κώστας;Παπαδόπουλος;M;42;Αθήνα;Αττική;2025-05-15;Bronze
203637;Γεωργία;Αλεξίου;F;21;Αθήνα;Αττική;2025-01-04;Gold
203638;Νίκος;Αναστασίου;M;34;Πάτρα;Δυτική Ελλάδα;2025-10-24;Gold
203639;Άννα;Ιωαννίδης;F;70;Ηράκλειο;Κρήτη;2025-07-27;Bronze
203640;Ανδρέας;Καρράς;M;25;Θεσσαλονίκη;Κεντρική Μακεδονία;2025-02-23;Bronze
203641;Γεωργία;Χατζής;F;63;Ρόδος;Νότιο Αιγαίο;2024-11-14;Bronze
203642;Χρήστος;Δημητρίου;M;52;Λάρισα;Θεσσαλία;2024-12-03;Bronze
203643;Δήμητρα;Λαμπρόπουλος;F;27;Ιωάννινα;Ήπειρος;2025-06-26;Bronze
203644;Μαρία;Λαμπρόπουλος;F;24;Λάρισα;Θεσσαλία;2025-09-18;Silver
203645;Μαρία;Σταματίου;F;69;Ηράκλειο;Κρήτη;2024-05-16;Bronze
203646;Γεωργία;Βλάχος;F;70;Βόλος;Θεσσαλία;2025-06-07;Bronze
203647;Ανδρέας;Σταματίου;M;50;Χανιά;Κρήτη;2024-01-31;Bronze
203648;Δήμητρα;Οικονόμου;F;49;Τρίκαλα;Θεσσαλία;2025-11-12;Silver
203649;Άννα;Ιωαννίδης;F;34;Λάρισα;Θεσσαλία;2024-05-14;Bronze
203650;Ιωάννα;Καραγιάννης;F;49;Καβάλα;Ανατολική Μακεδονία & Θράκη;2024-09-16;Bronze
203651;Γεωργία;Μιχαηλίδης;F;34;Ρόδος;Νότιο Αιγαίο;2024-09-08;Bronze
203652;Σοφία;Οικονόμου;F;21;Ιωάννινα;Ήπειρος;2024-01-09;Bronze
203653;Χρήστος;Αναστασίου;M;52;Ιωάννινα;Ήπειρος;2024-05-08;Platinum
203654;Δήμητρα;Ιωαννίδης;F;69;Ηράκλειο;Κρήτη;2025-05-23;Silver
203655;Βασίλης;Ιωαννίδης;M;59;Λάρισα;Θεσσαλία;2025-10-30;Gold
203656;Θανάσης;Γεωργίου;M;26;Θεσσαλονίκη;Κεντρική Μακεδονία;2024-01-23;Gold
203657;Μαρία;Σπυρόπουλος;F;28;Βόλος;Θεσσαλία;2024-09-16;Gold
203658;Άννα;Πετρόπουλος;F;45;Αθήνα;Αττική;2024-04-04;Gold
203659;Θανάσης;Πετρόπουλος;M;72;Ηράκλειο;Κρήτη;2024-05-24;Gold
203660;Ιωάννα;Παπαδόπουλος;F;46;Ρόδος;Νότιο Αιγαίο;2024-05-26;Bronze
203661;Ανδρέας;Γεωργίου;M;63;Καβάλα;Ανατολική Μακεδονία & Θράκη;2024-10-30;Bronze
203662;Μαρία;Αλεξίου;F;26;Βόλος;Θεσσαλία;2024-03-01;Silver
203663;Θανάσης;Αναστασίου;M;33;Σέρρες;Κεντρική Μακεδονία;2025-10-11;Silver
203664;Σοφία;Νικολάου;F;47;Χανιά;Κρήτη;2025-08-09;Bronze
203665;Χρήστος;Δημητρίου;M;68;Καβάλα;Ανατολική Μακεδονία & Θράκη;2025-08-28;Gold
203666;Σοφία;Παπανικολάου;F;69;Λάρισα;Θεσσαλία;2025-09-11;Silver
203667;Γεωργία;Ιωαννίδης;F;71;Καβάλα;Ανατολική Μακεδονία & Θράκη;2025-06-03;Gold
203668;Μιχάλης;Αλεξίου;M;64;Θεσσαλονίκη;Κεντρική Μακεδονία;2025-05-19;Silver
203669;Κατερίνα;Σπυρόπουλος;F;64;Θεσσαλονίκη;Κεντρική Μακεδονία;2025-06-25;Bronze
203670;Παναγιώτης;Παπαδόπουλος;M;28;Ηράκλειο;Κρήτη;2025-09-06;Platinum
203671;Κατερίνα;Καραγιάννης;F;42;Θεσσαλονίκη;Κεντρική Μακεδονία;2025-04-17;Bronze
203672;Μαρία;Κωνσταντίνου;F;20;Λάρισα;Θεσσαλία;2025-02-02;Bronze
203673;Ελένη;Δημητρίου;F;28;Χανιά;Κρήτη;2025-01-21;Bronze
203674;Νίκος;Παπαδόπουλος;M;40;Αθήνα;Αττική;2024-05-19;Silver
203675;Βασίλης;Πετρόπουλος;M;28;Αθήνα;Αττική;2025-05-03;Gold
203676;Δήμητρα;Χατζής;F;40;Πάτρα;Δυτική Ελλάδα;2025-06-22;Platinum
203677;Μιχάλης;Καρράς;M;49;Καβάλα;Ανατολική Μακεδονία & Θράκη;2024-10-06;Bronze
203678;Ανδρέας;Κωνσταντίνου;M;31;Ηράκλειο;Κρήτη;2025-10-16;Platinum
203679;Άννα;Νικολάου;F;63;Καβάλα;Ανατολική Μακεδονία & Θράκη;2025-06-16;Platinum
203680;Γεωργία;Σταματίου;F;23;Βόλος;Θεσσαλία;2024-05-02;Bronze
203681;Χρήστος;Παπαδόπουλος;M;49;Καβάλα;Ανατολική Μακεδονία & Θράκη;2024-06-18;Bronze
203682;Παναγιώτης;Ζαχαρίου;M;42;Ρόδος;Νότιο Αιγαίο;2025-11-13;Gold
203683;Άννα;Καραγιάννης;F;22;Βόλος;Θεσσαλία;2024-12-31;Silver
203684;Γιώργος;Ιωαννίδης;M;29;Αθήνα;Αττική;2025-07-27;Silver
203685;Νίκος;Λαμπρόπουλος;M;47;Ηράκλειο;Κρήτη;2024-02-01;Silver
203686;Μαρία;Καραγιάννης;F;57;Ηράκλειο;Κρήτη;2024-08-26;Silver
203687;Νίκος;Νικολάου;M;57;Καβάλα;Ανατολική Μακεδονία & Θράκη;2024-07-16;Gold
203688;Ελένη;Αναστασίου;F;51;Βόλος;Θεσσαλία;2024-02-22;Gold
203689;Μιχάλης;Ιωαννίδης;M;56;Σέρρες;Κεντρική Μακεδονία;2025-12-14;Bronze
203690;Χρήστος;Λαμπρόπουλος;M;63;Αθήνα;Αττική;2024-01-01;Silver
203691;Κατερίνα;Σταματίου;F;19;Χανιά;Κρήτη;2025-11-01;Silver
203692;Κώστας;Γεωργίου;M;51;Ρόδος;Νότιο Αιγαίο;2024-10-12;Bronze
203693;Θανάσης;Παπανικολάου;M;54;Ιωάννινα;Ήπειρος;2024-02-08;Bronze
203694;Νίκος;Παπανικολάου;M;69;Ρόδος;Νότιο Αιγαίο;2025-09-30;Silver
203695;Δήμητρα;Γεωργίου;F;47;Βόλος;Θεσσαλία;2025-04-01;Gold
203696;Δημήτρης;Σταματίου;M;30;Αθήνα;Αττική;2025-07-18;Silver
203697;Χρήστος;Παπαδόπουλος;M;56;Λάρισα;Θεσσαλία;2024-03-09;Silver
203698;Κώστας;Κωνσταντίνου;M;25;Ηράκλειο;Κρήτη;2024-01-25;Bronze
203699;Ιωάννα;Ιωαννίδης;F;51;Τρίκαλα;Θεσσαλία;2025-05-11;Bronze
203700;Μαρία;Χατζής;F;39;Ρόδος;Νότιο Αιγαίο;2024-04-09;Bronze
203701;Παναγιώτης;Πετρόπουλος;M;71;Καβάλα;Ανατολική Μακεδονία & Θράκη;2024-06-29;Gold
203702;Χριστίνα;Πετρόπουλος;F;36;Σέρρες;Κεντρική Μακεδονία;2025-02-06;Bronze
203703;Βασίλης;Καρράς;M;39;Θεσσαλονίκη;Κεντρική Μακεδονία;2025-07-07;Gold
203704;Κατερίνα;Οικονόμου;F;37;Ηράκλειο;Κρήτη;2025-10-28;Silver
203705;Μαρία;Κωνσταντίνου;F;43;Πάτρα;Δυτική Ελλάδα;2024-04-18;Silver
203706;Σοφία;Αλεξίου;F;36;Ρόδος;Νότιο Αιγαίο;2024-07-25;Gold
203707;Ελένη;Καρράς;F;68;Τρίκαλα;Θεσσαλία;2025-01-21;Bronze
203708;Μιχάλης;Λαμπρόπουλος;M;61;Χανιά;Κρήτη;2025-11-19;Gold
203709;Γεωργία;Ζαχαρίου;F;65;Τρίκαλα;Θεσσαλία;2025-01-03;Silver
203710;Σοφία;Πετρόπουλος;F;22;Θεσσαλονίκη;Κεντρική Μακεδονία;2024-02-25;Bronze
203711;Ιωάννα;Νικολάου;F;45;Λάρισα;Θεσσαλία;2024-04-03;Silver
203712;Θανάσης;Σπυρόπουλος;M;52;Ρόδος;Νότιο Αιγαίο;2024-11-20;Bronze
203713;Μαρία;Δημητρίου;F;28;Λάρισα;Θεσσαλία;2025-08-11;Bronze
203714;Χρήστος;Κωνσταντίνου;M;40;Σέρρες;Κεντρική Μακεδονία;2025-11-17;Silver
203715;Παναγιώτης;Βλάχος;M;46;Χανιά;Κρήτη;2024-01-15;Bronze
203716;Παναγιώτης;Οικονόμου;M;48;Σέρρες;Κεντρική Μακεδονία;2025-08-26;Bronze
203717;Ελένη;Ζαχαρίου;F;71;Καβάλα;Ανατολική Μακεδονία & Θράκη;2025-01-17;Bronze
203718;Χρήστος;Χατζής;M;26;Αθήνα;Αττική;2024-08-13;Silver
203719;Μιχάλης;Αλεξίου;M;39;Καβάλα;Ανατολική Μακεδονία & Θράκη;2024-04-30;Bronze
203720;Ιωάννα;Σταματίου;F;22;Πάτρα;Δυτική Ελλάδα;2024-09-12;Bronze
203721;Ιωάννα;Ζαχαρίου;F;54;Βόλος;Θεσσαλία;2025-08-24;Bronze
203722;Κώστας;Αναστασίου;M;29;Βόλος;Θεσσαλία;2025-02-01;Bronze
203723;Θανάσης;Λαμπρόπουλος;M;68;Τρίκαλα;Θεσσαλία;2024-01-01;Gold
203724;Ιωάννα;Λαμπρόπουλος;F;31;Ιωάννινα;Ήπειρος;2025-10-31;Silver
203725;Γιώργος;Αλεξίου;M;35;Θεσσαλονίκη;Κεντρική Μακεδονία;2024-09-08;Gold
203726;Δήμητρα;Αλεξίου;F;26;Ρόδος;Νότιο Αιγαίο;2025-06-11;Bronze
203727;Γεωργία;Πετρόπουλος;F;72;Καβάλα;Ανατολική Μακεδονία & Θράκη;2025-03-27;Gold
203728;Μιχάλης;Οικονόμου;M;45;Αθήνα;Αττική;2024-01-26;Silver
203729;Ελένη;Κωνσταντίνου;F;68;Ηράκλειο;Κρήτη;2024-09-10;Gold
203730;Γιώργος;Κωνσταντίνου;M;64;Ρόδος;Νότιο Αιγαίο;2024-03-22;Silver
203731;Σοφία;Αναστασίου;F;30;Ιωάννινα;Ήπειρος;2025-07-27;Bronze
203732;Άννα;Ζαχαρίου;F;62;Καβάλα;Ανατολική Μακεδονία & Θράκη;2025-03-23;Bronze
203733;Ανδρέας;Καραγιάννης;M;63;Καβάλα;Ανατολική Μακεδονία & Θράκη;2024-11-04;Gold
203734;Σοφία;Ιωαννίδης;F;71;Χανιά;Κρήτη;2025-03-23;Bronze
203735;Παναγιώτης;Λαμπρόπουλος;M;64;Καβάλα;Ανατολική Μακεδονία & Θράκη;2024-11-10;Bronze
203736;Μιχάλης;Ζαχαρίου;M;41;Ηράκλειο;Κρήτη;2025-10-04;Bronze
203737;Θανάσης;Ζαχαρίου;M;50;Καβάλα;Ανατολική Μακεδονία & Θράκη;2024-06-26;Bronze
203738;Γεωργία;Σταματίου;F;23;Σέρρες;Κεντρική Μακεδονία;2024-06-13;Bronze
203739;Θανάσης;Χατζής;M;71;Χανιά;Κρήτη;2024-06-12;Bronze
203740;Γιώργος;Σπυρόπουλος;M;62;Θεσσαλονίκη;Κεντρική Μακεδονία;2024-08-04;Gold
203741;Γιώργος;Αναστασίου;M;63;Λάρισα;Θεσσαλία;2025-06-07;Bronze
203742;Χριστίνα;Σπυρόπουλος;F;68;Καβάλα;Ανατολική Μακεδονία & Θράκη;2024-03-13;Bronze
203743;Ελένη;Σπυρόπουλος;F;59;Τρίκαλα;Θεσσαλία;2025-01-23;Bronze
203744;Δήμητρα;Καρράς;F;53;Ρόδος;Νότιο Αιγαίο;2024-08-24;Silver
203745;Χρήστος;Αναστασίου;M;41;Καβάλα;Ανατολική Μακεδονία & Θράκη;2025-10-30;Bronze
203746;Χριστίνα;Ιωαννίδης;F;70;Καβάλα;Ανατολική Μακεδονία & Θράκη;2025-03-19;Bronze
203747;Ιωάννα;Μιχαηλίδης;F;20;Χανιά;Κρήτη;2024-12-27;Bronze
203748;Κατερίνα;Χατζής;F;45;Λάρισα;Θεσσαλία;2024-12-03;Gold
203749;Νίκος;Καραγιάννης;M;41;Αθήνα;Αττική;2024-10-21;Silver
203750;Αγγελική;Νικολάου;F;55;Χανιά;Κρήτη;2025-05-28;Silver
203751;Μιχάλης;Ιωαννίδης;M;37;Τρίκαλα;Θεσσαλία;2024-10-09;Bronze
203752;Χρήστος;Δημητρίου;M;61;Τρίκαλα;Θεσσαλία;2025-07-21;Bronze
203753;Χρήστος;Πετρόπουλος;M;28;Ρόδος;Νότιο Αιγαίο;2025-07-03;Silver
203754;Βασίλης;Καρράς;M;68;Σέρρες;Κεντρική Μακεδονία;2024-10-09;Bronze
203755;Ιωάννα;Νικολάου;F;37;Ιωάννινα;Ήπειρος;2025-03-18;Bronze
203756;Δημήτρης;Σταματίου;M;69;Θεσσαλονίκη;Κεντρική Μακεδονία;2024-09-20;Bronze
203757;Νίκος;Λαμπρόπουλος;M;62;Ηράκλειο;Κρήτη;2025-08-03;Gold
203758;Δημήτρης;Παπαδόπουλος;M;23;Θεσσαλονίκη;Κεντρική Μακεδονία;2024-04-24;Gold
203759;Μαρία;Μιχαηλίδης;F;40;Λάρισα;Θεσσαλία;2025-05-28;Silver
203760;Αγγελική;Καραγιάννης;F;38;Βόλος;Θεσσαλία;2024-05-16;Silver
203761;Κατερίνα;Χατζής;F;43;Θεσσαλονίκη;Κεντρική Μακεδονία;2024-12-17;Bronze
203762;Χρήστος;Πετρόπουλος;M;47;Λάρισα;Θεσσαλία;2024-12-20;Silver
203763;Ανδρέας;Δημητρίου;M;46;Ρόδος;Νότιο Αιγαίο;2025-07-13;Bronze
203764;Ελένη;Βλάχος;F;39;Βόλος;Θεσσαλία;2025-02-10;Platinum
203765;Άννα;Αλεξίου;F;69;Χανιά;Κρήτη;2025-12-30;Gold
203766;Αγγελική;Καρράς;F;60;Λάρισα;Θεσσαλία;2024-03-10;Silver
203767;Ανδρέας;Μιχαηλίδης;M;20;Τρίκαλα;Θεσσαλία;2024-05-05;Silver
203768;Χρήστος;Νικολάου;M;34;Ιωάννινα;Ήπειρος;2025-09-09;Bronze
203769;Χριστίνα;Σταματίου;F;55;Ηράκλειο;Κρήτη;2025-02-06;Gold
203770;Κατερίνα;Καρράς;F;51;Βόλος;Θεσσαλία;2024-04-29;Silver
203771;Άννα;Καρράς;F;48;Ρόδος;Νότιο Αιγαίο;2025-09-12;Gold
203772;Νίκος;Παπαδόπουλος;M;26;Σέρρες;Κεντρική Μακεδονία;2025-05-21;Gold
203773;Θανάσης;Παπανικολάου;M;72;Τρίκαλα;Θεσσαλία;2025-11-23;Gold
203774;Δημήτρης;Λαμπρόπουλος;M;60;Καβάλα;Ανατολική Μακεδονία & Θράκη;2024-06-11;Bronze
203775;Νίκος;Ιωαννίδης;M;58;Θεσσαλονίκη;Κεντρική Μακεδονία;2025-08-08;Bronze
203776;Δήμητρα;Μιχαηλίδης;F;28;Λάρισα;Θεσσαλία;2024-10-04;Bronze
203777;Κώστας;Οικονόμου;M;24;Ιωάννινα;Ήπειρος;2024-12-10;Bronze
203778;Δημήτρης;Πετρόπουλος;M;31;Σέρρες;Κεντρική Μακεδονία;2024-12-27;Bronze
203779;Παναγιώτης;Αλεξίου;M;64;Πάτρα;Δυτική Ελλάδα;2025-01-27;Bronze
203780;Βασίλης;Δημητρίου;M;35;Αθήνα;Αττική;2024-08-28;Bronze
203781;Δήμητρα;Παπανικολάου;F;72;Ρόδος;Νότιο Αιγαίο;2025-06-23;Gold
203782;Παναγιώτης;Σταματίου;M;21;Πάτρα;Δυτική Ελλάδα;2024-10-16;Silver
203783;Ανδρέας;Οικονόμου;M;49;Λάρισα;Θεσσαλία;2025-01-12;Bronze
203784;Δημήτρης;Σταματίου;M;50;Αθήνα;Αττική;2025-08-21;Silver
203785;Μαρία;Νικολάου;F;34;Λάρισα;Θεσσαλία;2024-01-05;Bronze
203786;Νίκος;Παπαδόπουλος;M;57;Αθήνα;Αττική;2025-04-24;Silver
203787;Δημήτρης;Παπανικολάου;M;62;Τρίκαλα;Θεσσαλία;2024-09-04;Platinum
203788;Μιχάλης;Καραγιάννης;M;58;Σέρρες;Κεντρική Μακεδονία;2024-08-13;Silver
203789;Δήμητρα;Κωνσταντίνου;F;46;Ιωάννινα;Ήπειρος;2024-03-07;Bronze
203790;Δήμητρα;Καραγιάννης;F;32;Βόλος;Θεσσαλία;2024-11-24;Bronze
203791;Παναγιώτης;Σπυρόπουλος;M;24;Πάτρα;Δυτική Ελλάδα;2025-02-02;Bronze
203792;Ανδρέας;Βλάχος;M;55;Ηράκλειο;Κρήτη;2025-08-13;Silver
203793;Θανάσης;Κωνσταντίνου;M;29;Καβάλα;Ανατολική Μακεδονία & Θράκη;2025-12-25;Bronze
203794;Νίκος;Ιωαννίδης;M;21;Σέρρες;Κεντρική Μακεδονία;2024-04-10;Bronze
203795;Άννα;Βλάχος;F;54;Αθήνα;Αττική;2025-03-23;Bronze
203796;Αγγελική;Σταματίου;F;36;Καβάλα;Ανατολική Μακεδονία & Θράκη;2025-04-29;Bronze
203797;Κώστας;Πετρόπουλος;M;56;Αθήνα;Αττική;2024-08-14;Bronze
203798;Θανάσης;Γεωργίου;M;27;Καβάλα;Ανατολική Μακεδονία & Θράκη;2024-12-20;Silver
203799;Δήμητρα;Σπυρόπουλος;F;60;Θεσσαλονίκη;Κεντρική Μακεδονία;2024-10-21;Gold
203800;Νίκος;Καρράς;M;61;Πάτρα;Δυτική Ελλάδα;2024-06-30;Bronze
203801;Δήμητρα;Πετρόπουλος;F;23;Αθήνα;Αττική;2024-01-04;Silver
203802;Άννα;Μιχαηλίδης;F;34;Ηράκλειο;Κρήτη;2025-02-05;Bronze
203803;Άννα;Σταματίου;F;65;Ρόδος;Νότιο Αιγαίο;2025-03-04;Silver
203804;Κατερίνα;Σταματίου;F;62;Τρίκαλα;Θεσσαλία;2024-01-08;Silver
203805;Κατερίνα;Σταματίου;F;46;Ιωάννινα;Ήπειρος;2025-05-27;Bronze
203806;Μιχάλης;Ζαχαρίου;M;21;Σέρρες;Κεντρική Μακεδονία;2025-06-03;Gold
203807;Αγγελική;Παπανικολάου;F;60;Καβάλα;Ανατολική Μακεδονία & Θράκη;2024-04-18;Bronze
203808;Δημήτρης;Λαμπρόπουλος;M;66;Βόλος;Θεσσαλία;2024-08-11;Bronze
203809;Θανάσης;Οικονόμου;M;21;Σέρρες;Κεντρική Μακεδονία;2025-03-09;Bronze
203810;Ανδρέας;Ζαχαρίου;M;64;Ιωάννινα;Ήπειρος;2025-10-22;Platinum
203811;Δήμητρα;Αναστασίου;F;43;Βόλος;Θεσσαλία;2025-07-18;Bronze
203812;Κατερίνα;Λαμπρόπουλος;F;60;Λάρισα;Θεσσαλία;2025-04-18;Silver
203813;Παναγιώτης;Κωνσταντίνου;M;69;Ιωάννινα;Ήπειρος;2025-10-15;Bronze
203814;Παναγιώτης;Μιχαηλίδης;M;40;Σέρρες;Κεντρική Μακεδονία;2025-11-17;Bronze
203815;Ελένη;Παπανικολάου;F;36;Τρίκαλα;Θεσσαλία;2025-02-24;Silver
203816;Ελένη;Σπυρόπουλος;F;38;Καβάλα;Ανατολική Μακεδονία & Θράκη;2024-07-27;Bronze
203817;Βασίλης;Ιωαννίδης;M;24;Τρίκαλα;Θεσσαλία;2025-05-26;Bronze
203818;Δήμητρα;Χατζής;F;41;Ρόδος;Νότιο Αιγαίο;2025-02-22;Bronze
203819;Μαρία;Οικονόμου;F;68;Σέρρες;Κεντρική Μακεδονία;2024-08-22;Silver
203820;Δήμητρα;Νικολάου;F;29;Ρόδος;Νότιο Αιγαίο;2025-02-08;Silver
203821;Κατερίνα;Δημητρίου;F;18;Ρόδος;Νότιο Αιγαίο;2024-06-12;Bronze
203822;Ανδρέας;Δημητρίου;M;64;Λάρισα;Θεσσαλία;2024-12-12;Bronze
203823;Άννα;Σπυρόπουλος;F;59;Πάτρα;Δυτική Ελλάδα;2024-08-23;Silver
203824;Μαρία;Κωνσταντίνου;F;22;Λάρισα;Θεσσαλία;2024-05-27;Platinum
203825;Άννα;Οικονόμου;F;29;Ρόδος;Νότιο Αιγαίο;2025-04-28;Bronze
203826;Δημήτρης;Καραγιάννης;M;27;Πάτρα;Δυτική Ελλάδα;2025-08-27;Silver
203827;Γιώργος;Πετρόπουλος;M;67;Ηράκλειο;Κρήτη;2025-01-05;Silver
203828;Παναγιώτης;Αλεξίου;M;56;Πάτρα;Δυτική Ελλάδα;2024-06-19;Silver
203829;Μαρία;Δημητρίου;F;63;Σέρρες;Κεντρική Μακεδονία;2025-11-14;Platinum
203830;Γεωργία;Μιχαηλίδης;F;26;Χανιά;Κρήτη;2024-09-23;Bronze
203831;Γεωργία;Παπανικολάου;F;30;Ρόδος;Νότιο Αιγαίο;2024-02-25;Gold
203832;Αγγελική;Αλεξίου;F;60;Σέρρες;Κεντρική Μακεδονία;2024-10-28;Gold
203833;Ιωάννα;Πετρόπουλος;F;19;Αθήνα;Αττική;2025-03-24;Silver
203834;Σοφία;Μιχαηλίδης;F;45;Ιωάννινα;Ήπειρος;2025-01-21;Silver
203835;Χρήστος;Παπαδόπουλος;M;61;Ρόδος;Νότιο Αιγαίο;2025-10-10;Bronze
203836;Αγγελική;Σταματίου;F;61;Τρίκαλα;Θεσσαλία;2024-12-30;Gold
203837;Βασίλης;Παπανικολάου;M;39;Ρόδος;Νότιο Αιγαίο;2024-07-04;Bronze
203838;Κατερίνα;Χατζής;F;48;Πάτρα;Δυτική Ελλάδα;2025-01-21;Bronze
203839;Δημήτρης;Νικολάου;M;38;Καβάλα;Ανατολική Μακεδονία & Θράκη;2024-06-11;Silver
203840;Χριστίνα;Λαμπρόπουλος;F;70;Τρίκαλα;Θεσσαλία;2025-09-12;Silver
203841;Μαρία;Κωνσταντίνου;F;47;Πάτρα;Δυτική Ελλάδα;2024-07-16;Gold
203842;Παναγιώτης;Κωνσταντίνου;M;45;Ιωάννινα;Ήπειρος;2025-02-11;Bronze
203843;Ελένη;Αναστασίου;F;56;Τρίκαλα;Θεσσαλία;2025-01-30;Bronze
203844;Χρήστος;Ζαχαρίου;M;43;Πάτρα;Δυτική Ελλάδα;2025-05-29;Gold
203845;Αγγελική;Ζαχαρίου;F;48;Ρόδος;Νότιο Αιγαίο;2024-06-22;Bronze
203846;Γεωργία;Κωνσταντίνου;F;19;Ηράκλειο;Κρήτη;2025-11-27;Platinum
203847;Ελένη;Ζαχαρίου;F;45;Ρόδος;Νότιο Αιγαίο;2025-12-25;Bronze
203848;Δημήτρης;Αναστασίου;M;35;Αθήνα;Αττική;2025-07-28;Platinum
203849;Δημήτρης;Γεωργίου;M;52;Ηράκλειο;Κρήτη;2025-07-11;Bronze
203850;Γεωργία;Αλεξίου;F;35;Καβάλα;Ανατολική Μακεδονία & Θράκη;2025-03-06;Silver
203851;Δημήτρης;Καραγιάννης;M;49;Ρόδος;Νότιο Αιγαίο;2024-09-10;Silver
203852;Νίκος;Σταματίου;M;28;Αθήνα;Αττική;2024-03-19;Bronze
203853;Βασίλης;Ιωαννίδης;M;29;Αθήνα;Αττική;2024-01-07;Silver
203854;Θανάσης;Γεωργίου;M;41;Πάτρα;Δυτική Ελλάδα;2024-08-09;Bronze
203855;Δημήτρης;Μιχαηλίδης;M;58;Σέρρες;Κεντρική Μακεδονία;2024-08-10;Silver
203856;Μαρία;Χατζής;F;53;Πάτρα;Δυτική Ελλάδα;2024-03-22;Bronze
203857;Κώστας;Βλάχος;M;25;Χανιά;Κρήτη;2025-09-01;Gold
203858;Κατερίνα;Οικονόμου;F;71;Θεσσαλονίκη;Κεντρική Μακεδονία;2024-07-06;Silver
203859;Δημήτρης;Γεωργίου;M;60;Καβάλα;Ανατολική Μακεδονία & Θράκη;2025-05-12;Silver
203860;Γεωργία;Παπαδόπουλος;F;18;Τρίκαλα;Θεσσαλία;2024-01-06;Silver
203861;Μιχάλης;Μιχαηλίδης;M;39;Ηράκλειο;Κρήτη;2024-06-27;Platinum
203862;Αγγελική;Βλάχος;F;34;Ηράκλειο;Κρήτη;2025-06-06;Gold
203863;Ελένη;Ιωαννίδης;F;22;Βόλος;Θεσσαλία;2024-10-18;Silver
203864;Χριστίνα;Πετρόπουλος;F;25;Θεσσαλονίκη;Κεντρική Μακεδονία;2025-04-21;Platinum
203865;Βασίλης;Σπυρόπουλος;M;18;Πάτρα;Δυτική Ελλάδα;2025-05-09;Bronze
203866;Γιώργος;Κωνσταντίνου;M;21;Αθήνα;Αττική;2025-09-30;Bronze
203867;Βασίλης;Αλεξίου;M;36;Σέρρες;Κεντρική Μακεδονία;2025-12-31;Silver
203868;Κώστας;Αλεξίου;M;28;Θεσσαλονίκη;Κεντρική Μακεδονία;2025-01-24;Silver
203869;Γιώργος;Ιωαννίδης;M;56;Τρίκαλα;Θεσσαλία;2024-08-07;Bronze
203870;Βασίλης;Βλάχος;M;26;Σέρρες;Κεντρική Μακεδονία;2024-12-24;Bronze
203871;Χριστίνα;Σταματίου;F;41;Πάτρα;Δυτική Ελλάδα;2025-11-02;Gold
203872;Νίκος;Βλάχος;M;25;Θεσσαλονίκη;Κεντρική Μακεδονία;2025-03-23;Silver
203873;Σοφία;Σταματίου;F;51;Τρίκαλα;Θεσσαλία;2024-08-08;Bronze
203874;Ιωάννα;Παπαδόπουλος;F;24;Τρίκαλα;Θεσσαλία;2024-03-26;Bronze
203875;Νίκος;Καρράς;M;47;Τρίκαλα;Θεσσαλία;2025-07-03;Bronze
203876;Θανάσης;Παπαδόπουλος;M;29;Βόλος;Θεσσαλία;2024-04-08;Bronze
203877;Σοφία;Σταματίου;F;45;Καβάλα;Ανατολική Μακεδονία & Θράκη;2024-08-27;Gold
203878;Κώστας;Οικονόμου;M;57;Ρόδος;Νότιο Αιγαίο;2024-11-02;Bronze
203879;Άννα;Παπαδόπουλος;F;36;Σέρρες;Κεντρική Μακεδονία;2024-01-13;Bronze
203880;Νίκος;Πετρόπουλος;M;51;Λάρισα;Θεσσαλία;2024-03-17;Bronze
203881;Μαρία;Σπυρόπουλος;F;38;Βόλος;Θεσσαλία;2024-01-03;Silver
203882;Κατερίνα;Λαμπρόπουλος;F;36;Ιωάννινα;Ήπειρος;2025-05-16;Bronze
203883;Μιχάλης;Ζαχαρίου;M;34;Ιωάννινα;Ήπειρος;2025-04-07;Silver
203884;Γιώργος;Λαμπρόπουλος;M;59;Τρίκαλα;Θεσσαλία;2024-08-20;Platinum
203885;Χριστίνα;Κωνσταντίνου;F;60;Λάρισα;Θεσσαλία;2024-02-11;Bronze
203886;Ανδρέας;Παπανικολάου;M;63;Αθήνα;Αττική;2024-03-27;Silver
203887;Μιχάλης;Σταματίου;M;47;Σέρρες;Κεντρική Μακεδονία;2025-09-01;Platinum
203888;Κώστας;Λαμπρόπουλος;M;29;Ρόδος;Νότιο Αιγαίο;2024-01-27;Bronze
203889;Κώστας;Παπαδόπουλος;M;41;Θεσσαλονίκη;Κεντρική Μακεδονία;2024-04-02;Gold
203890;Δημήτρης;Κωνσταντίνου;M;19;Ιωάννινα;Ήπειρος;2024-07-19;Gold
203891;Νίκος;Πετρόπουλος;M;56;Αθήνα;Αττική;2025-01-07;Bronze
203892;Μαρία;Μιχαηλίδης;F;38;Θεσσαλονίκη;Κεντρική Μακεδονία;2024-03-08;Silver
203893;Ιωάννα;Δημητρίου;F;64;Θεσσαλονίκη;Κεντρική Μακεδονία;2025-04-16;Bronze
203894;Σοφία;Λαμπρόπουλος;F;40;Καβάλα;Ανατολική Μακεδονία & Θράκη;2025-08-03;Bronze
203895;Άννα;Δημητρίου;F;28;Λάρισα;Θεσσαλία;2024-02-27;Bronze
203896;Παναγιώτης;Αναστασίου;M;52;Σέρρες;Κεντρική Μακεδονία;2024-03-23;Platinum
203897;Θανάσης;Οικονόμου;M;25;Θεσσαλονίκη;Κεντρική Μακεδονία;2024-10-07;Gold
203898;Χριστίνα;Καραγιάννης;F;68;Τρίκαλα;Θεσσαλία;2025-02-15;Silver
203899;Ελένη;Χατζής;F;39;Πάτρα;Δυτική Ελλάδα;2024-10-01;Silver
203900;Νίκος;Καραγιάννης;M;20;Ρόδος;Νότιο Αιγαίο;2024-06-05;Gold
203901;Χριστίνα;Αναστασίου;F;39;Θεσσαλονίκη;Κεντρική Μακεδονία;2025-05-09;Gold
203902;Μαρία;Νικολάου;F;27;Σέρρες;Κεντρική Μακεδονία;2024-07-29;Silver
203903;Δήμητρα;Βλάχος;F;37;Καβάλα;Ανατολική Μακεδονία & Θράκη;2025-05-31;Gold
203904;Ιωάννα;Νικολάου;F;38;Ηράκλειο;Κρήτη;2024-06-01;Bronze
203905;Γεωργία;Σταματίου;F;52;Λάρισα;Θεσσαλία;2025-06-20;Silver
203906;Άννα;Ιωαννίδης;F;63;Χανιά;Κρήτη;2025-05-25;Bronze
203907;Κατερίνα;Πετρόπουλος;F;56;Ηράκλειο;Κρήτη;2024-08-08;Silver
203908;Ιωάννα;Παπαδόπουλος;F;28;Τρίκαλα;Θεσσαλία;2024-09-18;Bronze
203909;Θανάσης;Ζαχαρίου;M;43;Σέρρες;Κεντρική Μακεδονία;2025-03-09;Bronze
203910;Χριστίνα;Αναστασίου;F;52;Λάρισα;Θεσσαλία;2024-09-29;Bronze
203911;Άννα;Χατζής;F;53;Ηράκλειο;Κρήτη;2024-11-22;Silver
203912;Δήμητρα;Νικολάου;F;63;Ηράκλειο;Κρήτη;2025-09-09;Bronze
203913;Ιωάννα;Μιχαηλίδης;F;28;Πάτρα;Δυτική Ελλάδα;2025-04-29;Bronze
203914;Δημήτρης;Αναστασίου;M;18;Ιωάννινα;Ήπειρος;2025-10-07;Bronze
203915;Χρήστος;Καρράς;M;30;Ηράκλειο;Κρήτη;2024-10-03;Gold
203916;Παναγιώτης;Νικολάου;M;23;Βόλος;Θεσσαλία;2025-02-11;Silver
203917;Δήμητρα;Σταματίου;F;44;Ηράκλειο;Κρήτη;2025-02-14;Bronze
203918;Κατερίνα;Αλεξίου;F;30;Βόλος;Θεσσαλία;2025-04-15;Bronze
203919;Σοφία;Ιωαννίδης;F;41;Τρίκαλα;Θεσσαλία;2024-04-30;Silver
203920;Άννα;Κωνσταντίνου;F;36;Πάτρα;Δυτική Ελλάδα;2024-03-27;Bronze
203921;Δήμητρα;Κωνσταντίνου;F;54;Λάρισα;Θεσσαλία;2024-10-27;Platinum
203922;Ιωάννα;Αναστασίου;F;28;Θεσσαλονίκη;Κεντρική Μακεδονία;2025-10-08;Silver
203923;Κατερίνα;Αναστασίου;F;42;Ηράκλειο;Κρήτη;2025-06-01;Bronze
203924;Ελένη;Σταματίου;F;57;Θεσσαλονίκη;Κεντρική Μακεδονία;2024-05-05;Platinum
203925;Σοφία;Καραγιάννης;F;59;Ρόδος;Νότιο Αιγαίο;2024-06-26;Gold
203926;Σοφία;Σταματίου;F;55;Ρόδος;Νότιο Αιγαίο;2025-05-28;Platinum
203927;Παναγιώτης;Σπυρόπουλος;M;64;Ηράκλειο;Κρήτη;2024-11-26;Bronze
203928;Δήμητρα;Χατζής;F;69;Θεσσαλονίκη;Κεντρική Μακεδονία;2025-01-03;Bronze
203929;Γιώργος;Σπυρόπουλος;M;38;Θεσσαλονίκη;Κεντρική Μακεδονία;2024-09-24;Bronze
203930;Βασίλης;Βλάχος;M;72;Λάρισα;Θεσσαλία;2025-05-06;Gold
203931;Δημήτρης;Οικονόμου;M;39;Καβάλα;Ανατολική Μακεδονία & Θράκη;2025-07-25;Bronze
203932;Άννα;Δημητρίου;F;19;Τρίκαλα;Θεσσαλία;2025-05-30;Bronze
203933;Χριστίνα;Αναστασίου;F;33;Τρίκαλα;Θεσσαλία;2025-05-04;Silver
203934;Κατερίνα;Αναστασίου;F;31;Τρίκαλα;Θεσσαλία;2024-02-18;Platinum
203935;Παναγιώτης;Καρράς;M;18;Ιωάννινα;Ήπειρος;2025-03-06;Silver
203936;Ελένη;Παπαδόπουλος;F;42;Ρόδος;Νότιο Αιγαίο;2025-10-03;Bronze
203937;Σοφία;Πετρόπουλος;F;24;Πάτρα;Δυτική Ελλάδα;2024-03-06;Silver
203938;Γεωργία;Οικονόμου;F;42;Βόλος;Θεσσαλία;2024-01-10;Bronze
203939;Ιωάννα;Δημητρίου;F;40;Ρόδος;Νότιο Αιγαίο;2024-01-10;Bronze
203940;Ανδρέας;Παπαδόπουλος;M;26;Τρίκαλα;Θεσσαλία;2024-07-14;Bronze
203941;Γιώργος;Κωνσταντίνου;M;66;Αθήνα;Αττική;2024-07-10;Gold
203942;Κατερίνα;Λαμπρόπουλος;F;69;Ρόδος;Νότιο Αιγαίο;2025-07-08;Bronze
203943;Κώστας;Γεωργίου;M;29;Αθήνα;Αττική;2025-07-21;Bronze
203944;Παναγιώτης;Πετρόπουλος;M;53;Λάρισα;Θεσσαλία;2024-05-24;Bronze
203945;Γεωργία;Μιχαηλίδης;F;66;Ιωάννινα;Ήπειρος;2025-09-24;Silver
203946;Αγγελική;Κωνσταντίνου;F;28;Αθήνα;Αττική;2024-03-04;Silver
203947;Ελένη;Κωνσταντίνου;F;71;Λάρισα;Θεσσαλία;2024-05-19;Bronze
203948;Μιχάλης;Βλάχος;M;71;Καβάλα;Ανατολική Μακεδονία & Θράκη;2024-06-22;Bronze
203949;Ελένη;Ιωαννίδης;F;55;Βόλος;Θεσσαλία;2024-06-22;Silver
203950;Γεωργία;Πετρόπουλος;F;35;Καβάλα;Ανατολική Μακεδονία & Θράκη;2024-11-27;Silver
203951;Άννα;Καραγιάννης;F;62;Ρόδος;Νότιο Αιγαίο;2025-05-30;Bronze
203952;Γιώργος;Παπανικολάου;M;38;Καβάλα;Ανατολική Μακεδονία & Θράκη;2025-05-04;Silver
203953;Χρήστος;Σπυρόπουλος;M;45;Αθήνα;Αττική;2025-04-25;Bronze
203954;Γιώργος;Ιωαννίδης;M;55;Ηράκλειο;Κρήτη;2025-09-11;Bronze
203955;Ανδρέας;Παπαδόπουλος;M;67;Λάρισα;Θεσσαλία;2024-08-23;Silver
203956;Ανδρέας;Καρράς;M;65;Αθήνα;Αττική;2024-05-16;Silver
203957;Γεωργία;Μιχαηλίδης;F;45;Τρίκαλα;Θεσσαλία;2024-01-16;Gold
203958;Άννα;Ιωαννίδης;F;37;Σέρρες;Κεντρική Μακεδονία;2025-04-24;Gold
203959;Μαρία;Καραγιάννης;F;38;Θεσσαλονίκη;Κεντρική Μακεδονία;2024-06-24;Bronze
203960;Βασίλης;Αναστασίου;M;26;Ιωάννινα;Ήπειρος;2024-06-18;Silver
203961;Σοφία;Αναστασίου;F;24;Χανιά;Κρήτη;2024-01-24;Gold
203962;Παναγιώτης;Ιωαννίδης;M;55;Λάρισα;Θεσσαλία;2024-03-03;Silver
203963;Ανδρέας;Μιχαηλίδης;M;41;Ηράκλειο;Κρήτη;2024-12-10;Bronze
203964;Άννα;Καραγιάννης;F;67;Καβάλα;Ανατολική Μακεδονία & Θράκη;2025-08-27;Bronze
203965;Χριστίνα;Ιωαννίδης;F;67;Βόλος;Θεσσαλία;2025-04-14;Gold
203966;Σοφία;Λαμπρόπουλος;F;69;Τρίκαλα;Θεσσαλία;2024-12-27;Silver
203967;Ανδρέας;Δημητρίου;M;28;Πάτρα;Δυτική Ελλάδα;2024-12-04;Platinum
203968;Χριστίνα;Σπυρόπουλος;F;68;Ρόδος;Νότιο Αιγαίο;2025-10-17;Bronze
203969;Δήμητρα;Σταματίου;F;72;Πάτρα;Δυτική Ελλάδα;2025-05-06;Silver
203970;Θανάσης;Κωνσταντίνου;M;54;Σέρρες;Κεντρική Μακεδονία;2025-03-14;Bronze
203971;Δημήτρης;Πετρόπουλος;M;43;Καβάλα;Ανατολική Μακεδονία & Θράκη;2024-09-17;Silver
203972;Κώστας;Οικονόμου;M;70;Ηράκλειο;Κρήτη;2025-11-11;Silver
203973;Μαρία;Σπυρόπουλος;F;18;Αθήνα;Αττική;2025-07-27;Bronze
203974;Ανδρέας;Χατζής;M;63;Θεσσαλονίκη;Κεντρική Μακεδονία;2024-05-11;Bronze
203975;Γεωργία;Παπανικολάου;F;48;Βόλος;Θεσσαλία;2024-08-14;Gold
203976;Ελένη;Αλεξίου;F;61;Ρόδος;Νότιο Αιγαίο;2025-05-08;Bronze
203977;Ανδρέας;Σταματίου;M;57;Λάρισα;Θεσσαλία;2025-03-03;Bronze
203978;Χρήστος;Σταματίου;M;19;Λάρισα;Θεσσαλία;2024-03-01;Silver
203979;Γιώργος;Μιχαηλίδης;M;68;Ηράκλειο;Κρήτη;2024-07-28;Bronze
203980;Ελένη;Δημητρίου;F;51;Ρόδος;Νότιο Αιγαίο;2025-05-25;Silver
203981;Μιχάλης;Νικολάου;M;51;Πάτρα;Δυτική Ελλάδα;2025-10-28;Bronze
203982;Γεωργία;Αλεξίου;F;60;Ηράκλειο;Κρήτη;2025-12-09;Silver
203983;Ελένη;Πετρόπουλος;F;22;Καβάλα;Ανατολική Μακεδονία & Θράκη;2024-03-28;Gold
203984;Μαρία;Βλάχος;F;30;Τρίκαλα;Θεσσαλία;2025-11-24;Bronze
203985;Σοφία;Αναστασίου;F;23;Χανιά;Κρήτη;2025-10-27;Bronze
203986;Χριστίνα;Οικονόμου;F;60;Πάτρα;Δυτική Ελλάδα;2025-11-24;Bronze
203987;Νίκος;Βλάχος;M;48;Χανιά;Κρήτη;2025-07-07;Bronze
203988;Νίκος;Οικονόμου;M;55;Ηράκλειο;Κρήτη;2025-03-01;Silver
203989;Ιωάννα;Σπυρόπουλος;F;68;Καβάλα;Ανατολική Μακεδονία & Θράκη;2025-04-10;Bronze
203990;Δήμητρα;Σπυρόπουλος;F;42;Λάρισα;Θεσσαλία;2024-12-31;Bronze
203991;Γεωργία;Οικονόμου;F;31;Λάρισα;Θεσσαλία;2025-05-31;Bronze
203992;Σοφία;Αλεξίου;F;40;Τρίκαλα;Θεσσαλία;2024-04-23;Bronze
203993;Κώστας;Μιχαηλίδης;M;57;Ηράκλειο;Κρήτη;2025-08-10;Bronze
203994;Δημήτρης;Οικονόμου;M;52;Ρόδος;Νότιο Αιγαίο;2024-05-18;Bronze
203995;Δημήτρης;Δημητρίου;M;31;Βόλος;Θεσσαλία;2025-11-26;Silver
203996;Παναγιώτης;Ζαχαρίου;M;38;Βόλος;Θεσσαλία;2024-01-30;Silver
203997;Χρήστος;Κωνσταντίνου;M;19;Ιωάννινα;Ήπειρος;2024-05-21;Gold
203998;Μαρία;Μιχαηλίδης;F;46;Λάρισα;Θεσσαλία;2024-04-18;Bronze
203999;Παναγιώτης;Αναστασίου;M;70;Χανιά;Κρήτη;2025-05-03;Bronze
204000;Χρήστος;Αναστασίου;M;53;Ηράκλειο;Κρήτη;2024-09-18;Silver
204001;Γεωργία;Σπυρόπουλος;F;33;Αθήνα;Αττική;2024-06-27;Silver
204002;Χρήστος;Χατζής;M;38;Καβάλα;Ανατολική Μακεδονία & Θράκη;2024-06-21;Bronze
204003;Κώστας;Βλάχος;M;65;Βόλος;Θεσσαλία;2025-06-03;Silver
204004;Ιωάννα;Γεωργίου;F;28;Βόλος;Θεσσαλία;2025-07-13;Bronze
204005;Αγγελική;Λαμπρόπουλος;F;56;Θεσσαλονίκη;Κεντρική Μακεδονία;2025-08-28;Silver
204006;Γεωργία;Ιωαννίδης;F;23;Ιωάννινα;Ήπειρος;2025-11-25;Silver
204007;Θανάσης;Κωνσταντίνου;M;38;Ιωάννινα;Ήπειρος;2025-11-03;Platinum
204008;Χριστίνα;Κωνσταντίνου;F;67;Βόλος;Θεσσαλία;2024-05-27;Bronze
204009;Γιώργος;Κωνσταντίνου;M;22;Βόλος;Θεσσαλία;2024-06-22;Bronze
204010;Βασίλης;Μιχαηλίδης;M;49;Χανιά;Κρήτη;2025-01-09;Bronze
204011;Μαρία;Δημητρίου;F;50;Ρόδος;Νότιο Αιγαίο;2025-04-26;Gold
204012;Μαρία;Γεωργίου;F;61;Λάρισα;Θεσσαλία;2025-01-19;Silver
204013;Θανάσης;Βλάχος;M;45;Καβάλα;Ανατολική Μακεδονία & Θράκη;2024-05-26;Gold
204014;Μαρία;Νικολάου;F;50;Τρίκαλα;Θεσσαλία;2024-01-29;Bronze
204015;Ελένη;Σπυρόπουλος;F;48;Τρίκαλα;Θεσσαλία;2024-02-03;Gold
204016;Άννα;Κωνσταντίνου;F;62;Ιωάννινα;Ήπειρος;2024-02-13;Silver
204017;Χρήστος;Γεωργίου;M;32;Σέρρες;Κεντρική Μακεδονία;2024-11-01;Bronze
204018;Γεωργία;Πετρόπουλος;F;26;Σέρρες;Κεντρική Μακεδονία;2024-03-30;Bronze
204019;Δήμητρα;Καραγιάννης;F;38;Πάτρα;Δυτική Ελλάδα;2025-05-14;Bronze
204020;Βασίλης;Αλεξίου;M;26;Χανιά;Κρήτη;2025-02-13;Silver
204021;Ελένη;Ιωαννίδης;F;61;Αθήνα;Αττική;2025-03-09;Gold
204022;Αγγελική;Ζαχαρίου;F;22;Βόλος;Θεσσαλία;2025-01-02;Silver
204023;Ανδρέας;Ιωαννίδης;M;71;Ιωάννινα;Ήπειρος;2025-11-24;Bronze
204024;Χριστίνα;Λαμπρόπουλος;F;55;Λάρισα;Θεσσαλία;2024-02-14;Silver
204025;Άννα;Μιχαηλίδης;F;34;Ιωάννινα;Ήπειρος;2025-10-16;Bronze
204026;Δήμητρα;Γεωργίου;F;62;Ιωάννινα;Ήπειρος;2024-04-29;Gold
204027;Δημήτρης;Αλεξίου;M;55;Βόλος;Θεσσαλία;2025-03-01;Platinum
204028;Κώστας;Κωνσταντίνου;M;41;Θεσσαλονίκη;Κεντρική Μακεδονία;2025-06-07;Bronze
204029;Γεωργία;Μιχαηλίδης;F;22;Ρόδος;Νότιο Αιγαίο;2024-05-11;Bronze
204030;Χρήστος;Χατζής;M;46;Τρίκαλα;Θεσσαλία;2024-11-15;Silver
204031;Γεωργία;Καραγιάννης;F;53;Λάρισα;Θεσσαλία;2025-06-22;Silver
204032;Άννα;Δημητρίου;F;54;Ιωάννινα;Ήπειρος;2024-08-17;Bronze
204033;Μιχάλης;Οικονόμου;M;34;Τρίκαλα;Θεσσαλία;2024-07-28;Bronze
204034;Κώστας;Ιωαννίδης;M;70;Ρόδος;Νότιο Αιγαίο;2024-03-21;Bronze
204035;Δημήτρης;Παπαδόπουλος;M;25;Πάτρα;Δυτική Ελλάδα;2025-05-09;Bronze
204036;Νίκος;Καραγιάννης;M;42;Ηράκλειο;Κρήτη;2024-04-20;Gold
204037;Θανάσης;Ζαχαρίου;M;45;Ηράκλειο;Κρήτη;2025-04-22;Platinum
204038;Βασίλης;Ιωαννίδης;M;60;Βόλος;Θεσσαλία;2024-08-19;Gold
204039;Χρήστος;Νικολάου;M;29;Ηράκλειο;Κρήτη;2024-01-13;Bronze
204040;Χριστίνα;Καραγιάννης;F;31;Σέρρες;Κεντρική Μακεδονία;2024-12-27;Silver
204041;Χριστίνα;Πετρόπουλος;F;64;Λάρισα;Θεσσαλία;2024-06-19;Gold
204042;Ελένη;Παπαδόπουλος;F;69;Λάρισα;Θεσσαλία;2024-01-09;Gold
204043;Δημήτρης;Σταματίου;M;48;Ηράκλειο;Κρήτη;2024-01-19;Bronze
204044;Παναγιώτης;Ζαχαρίου;M;29;Τρίκαλα;Θεσσαλία;2025-03-31;Bronze
204045;Άννα;Παπανικολάου;F;26;Σέρρες;Κεντρική Μακεδονία;2024-08-22;Gold
204046;Ελένη;Γεωργίου;F;53;Χανιά;Κρήτη;2025-12-08;Gold
204047;Δημήτρης;Λαμπρόπουλος;M;18;Σέρρες;Κεντρική Μακεδονία;2025-03-15;Gold
204048;Αγγελική;Καρράς;F;26;Σέρρες;Κεντρική Μακεδονία;2024-03-09;Silver
204049;Νίκος;Γεωργίου;M;24;Σέρρες;Κεντρική Μακεδονία;2024-06-16;Silver
204050;Μιχάλης;Καραγιάννης;M;68;Ρόδος;Νότιο Αιγαίο;2024-01-31;Gold
204051;Χρήστος;Καρράς;M;42;Ιωάννινα;Ήπειρος;2024-08-22;Bronze
204052;Ιωάννα;Σταματίου;F;50;Θεσσαλονίκη;Κεντρική Μακεδονία;2025-10-27;Bronze
204053;Δήμητρα;Χατζής;F;50;Λάρισα;Θεσσαλία;2024-12-10;Bronze
204054;Μιχάλης;Πετρόπουλος;M;21;Τρίκαλα;Θεσσαλία;2024-06-26;Silver
204055;Μαρία;Βλάχος;F;49;Βόλος;Θεσσαλία;2024-08-11;Bronze
204056;Νίκος;Αλεξίου;M;27;Τρίκαλα;Θεσσαλία;2024-09-13;Silver
204057;Μιχάλης;Παπανικολάου;M;44;Καβάλα;Ανατολική Μακεδονία & Θράκη;2024-04-10;Silver
204058;Μαρία;Βλάχος;F;21;Βόλος;Θεσσαλία;2025-02-16;Silver
204059;Μιχάλης;Δημητρίου;M;26;Τρίκαλα;Θεσσαλία;2025-02-11;Bronze
204060;Γεωργία;Αναστασίου;F;68;Χανιά;Κρήτη;2025-09-10;Bronze
204061;Κατερίνα;Πετρόπουλος;F;50;Ηράκλειο;Κρήτη;2025-06-03;Silver
204062;Γιώργος;Δημητρίου;M;38;Θεσσαλονίκη;Κεντρική Μακεδονία;2024-10-10;Silver
204063;Ιωάννα;Καρράς;F;35;Ρόδος;Νότιο Αιγαίο;2024-04-01;Bronze
204064;Χρήστος;Ιωαννίδης;M;46;Ιωάννινα;Ήπειρος;2024-12-20;Bronze
204065;Κώστας;Μιχαηλίδης;M;24;Ρόδος;Νότιο Αιγαίο;2025-11-02;Bronze
204066;Γεωργία;Παπαδόπουλος;F;72;Πάτρα;Δυτική Ελλάδα;2025-07-30;Bronze
204067;Γεωργία;Αναστασίου;F;30;Σέρρες;Κεντρική Μακεδονία;2024-09-19;Silver
204068;Ιωάννα;Καραγιάννης;F;71;Ιωάννινα;Ήπειρος;2025-02-08;Bronze
204069;Βασίλης;Λαμπρόπουλος;M;72;Ιωάννινα;Ήπειρος;2024-12-17;Silver
204070;Γιώργος;Χατζής;M;72;Θεσσαλονίκη;Κεντρική Μακεδονία;2025-12-15;Bronze
204071;Χριστίνα;Σπυρόπουλος;F;50;Ηράκλειο;Κρήτη;2024-05-25;Platinum
204072;Γεωργία;Αλεξίου;F;42;Αθήνα;Αττική;2024-04-29;Silver
204073;Ελένη;Νικολάου;F;58;Καβάλα;Ανατολική Μακεδονία & Θράκη;2024-02-01;Bronze
204074;Βασίλης;Παπανικολάου;M;60;Ηράκλειο;Κρήτη;2025-02-23;Bronze
204075;Αγγελική;Οικονόμου;F;46;Πάτρα;Δυτική Ελλάδα;2024-01-01;Silver
204076;Δημήτρης;Αλεξίου;M;53;Χανιά;Κρήτη;2024-04-12;Platinum
204077;Γιώργος;Χατζής;M;57;Ιωάννινα;Ήπειρος;2025-02-09;Gold
204078;Άννα;Σπυρόπουλος;F;28;Αθήνα;Αττική;2024-07-23;Silver
204079;Παναγιώτης;Κωνσταντίνου;M;50;Ηράκλειο;Κρήτη;2025-01-19;Bronze
204080;Μαρία;Σπυρόπουλος;F;58;Θεσσαλονίκη;Κεντρική Μακεδονία;2025-08-16;Silver
204081;Ανδρέας;Μιχαηλίδης;M;60;Βόλος;Θεσσαλία;2025-05-17;Gold
204082;Θανάσης;Καρράς;M;49;Καβάλα;Ανατολική Μακεδονία & Θράκη;2024-02-04;Bronze
204083;Ιωάννα;Αλεξίου;F;56;Ηράκλειο;Κρήτη;2024-03-18;Bronze
204084;Θανάσης;Παπανικολάου;M;35;Ιωάννινα;Ήπειρος;2025-07-16;Silver
204085;Άννα;Οικονόμου;F;66;Βόλος;Θεσσαλία;2025-06-13;Platinum
204086;Αγγελική;Γεωργίου;F;21;Πάτρα;Δυτική Ελλάδα;2024-12-04;Bronze
204087;Κώστας;Χατζής;M;69;Πάτρα;Δυτική Ελλάδα;2025-03-08;Gold
204088;Κατερίνα;Παπανικολάου;F;35;Καβάλα;Ανατολική Μακεδονία & Θράκη;2025-06-04;Gold
204089;Θανάσης;Παπανικολάου;M;51;Αθήνα;Αττική;2024-11-09;Bronze
204090;Παναγιώτης;Μιχαηλίδης;M;25;Βόλος;Θεσσαλία;2025-09-14;Gold
204091;Γιώργος;Παπαδόπουλος;M;22;Ρόδος;Νότιο Αιγαίο;2025-11-18;Bronze
204092;Μιχάλης;Αλεξίου;M;51;Χανιά;Κρήτη;2024-11-23;Bronze
204093;Άννα;Αναστασίου;F;64;Καβάλα;Ανατολική Μακεδονία & Θράκη;2024-10-16;Bronze
204094;Γεωργία;Βλάχος;F;70;Ρόδος;Νότιο Αιγαίο;2025-10-13;Platinum
204095;Ελένη;Αλεξίου;F;24;Ρόδος;Νότιο Αιγαίο;2025-06-27;Bronze
204096;Ιωάννα;Δημητρίου;F;51;Ηράκλειο;Κρήτη;2024-05-26;Bronze
204097;Ανδρέας;Αναστασίου;M;26;Σέρρες;Κεντρική Μακεδονία;2025-07-08;Silver
204098;Ανδρέας;Δημητρίου;M;24;Θεσσαλονίκη;Κεντρική Μακεδονία;2025-08-19;Silver
204099;Ανδρέας;Πετρόπουλος;M;37;Τρίκαλα;Θεσσαλία;2024-01-15;Silver
204100;Θανάσης;Αναστασίου;M;22;Πάτρα;Δυτική Ελλάδα;2024-11-17;Silver
204101;Δημήτρης;Νικολάου;M;33;Χανιά;Κρήτη;2025-07-09;Silver
204102;Ιωάννα;Μιχαηλίδης;F;72;Ιωάννινα;Ήπειρος;2024-02-07;Platinum
204103;Κατερίνα;Ζαχαρίου;F;54;Βόλος;Θεσσαλία;2024-03-13;Gold
204104;Μαρία;Αλεξίου;F;54;Ρόδος;Νότιο Αιγαίο;2025-04-26;Silver
204105;Σοφία;Αναστασίου;F;60;Τρίκαλα;Θεσσαλία;2025-10-30;Bronze
204106;Βασίλης;Αλεξίου;M;44;Ηράκλειο;Κρήτη;2024-06-13;Silver
204107;Θανάσης;Σπυρόπουλος;M;63;Αθήνα;Αττική;2024-07-03;Bronze
204108;Άννα;Ζαχαρίου;F;28;Αθήνα;Αττική;2025-04-28;Bronze
204109;Αγγελική;Δημητρίου;F;53;Βόλος;Θεσσαλία;2024-04-30;Bronze
204110;Νίκος;Καραγιάννης;M;50;Ιωάννινα;Ήπειρος;2024-02-27;Bronze
204111;Χριστίνα;Σπυρόπουλος;F;49;Θεσσαλονίκη;Κεντρική Μακεδονία;2025-08-30;Bronze
204112;Γιώργος;Βλάχος;M;21;Πάτρα;Δυτική Ελλάδα;2025-06-27;Platinum
204113;Δήμητρα;Σπυρόπουλος;F;35;Αθήνα;Αττική;2025-01-01;Silver
204114;Δημήτρης;Παπαδόπουλος;M;31;Ιωάννινα;Ήπειρος;2024-01-14;Bronze
204115;Αγγελική;Καραγιάννης;F;25;Ρόδος;Νότιο Αιγαίο;2025-10-20;Bronze
204116;Κατερίνα;Μιχαηλίδης;F;38;Βόλος;Θεσσαλία;2025-04-21;Bronze
204117;Σοφία;Χατζής;F;71;Ιωάννινα;Ήπειρος;2025-05-03;Platinum
204118;Ελένη;Αναστασίου;F;38;Ηράκλειο;Κρήτη;2025-04-08;Bronze
204119;Ανδρέας;Σπυρόπουλος;M;64;Λάρισα;Θεσσαλία;2024-10-31;Silver
204120;Ανδρέας;Νικολάου;M;64;Ιωάννινα;Ήπειρος;2025-11-01;Gold
204121;Νίκος;Ζαχαρίου;M;41;Θεσσαλονίκη;Κεντρική Μακεδονία;2024-04-15;Gold
204122;Χριστίνα;Καραγιάννης;F;33;Ηράκλειο;Κρήτη;2025-07-10;Gold
204123;Ανδρέας;Σπυρόπουλος;M;45;Λάρισα;Θεσσαλία;2025-03-06;Silver
204124;Ανδρέας;Οικονόμου;M;60;Ιωάννινα;Ήπειρος;2025-06-28;Bronze
204125;Βασίλης;Αλεξίου;M;22;Ρόδος;Νότιο Αιγαίο;2024-08-16;Bronze
204126;Μαρία;Σταματίου;F;66;Καβάλα;Ανατολική Μακεδονία & Θράκη;2024-11-23;Silver
204127;Μαρία;Βλάχος;F;58;Λάρισα;Θεσσαλία;2024-12-18;Bronze
204128;Δημήτρης;Λαμπρόπουλος;M;54;Πάτρα;Δυτική Ελλάδα;2024-09-07;Bronze
204129;Κατερίνα;Κωνσταντίνου;F;67;Βόλος;Θεσσαλία;2025-04-07;Bronze
204130;Ανδρέας;Παπανικολάου;M;64;Καβάλα;Ανατολική Μακεδονία & Θράκη;2025-06-27;Platinum
204131;Χρήστος;Αλεξίου;M;52;Χανιά;Κρήτη;2024-01-08;Gold
204132;Κώστας;Κωνσταντίνου;M;61;Τρίκαλα;Θεσσαλία;2024-05-28;Silver
204133;Ελένη;Ζαχαρίου;F;65;Σέρρες;Κεντρική Μακεδονία;2025-02-03;Gold
204134;Γεωργία;Σπυρόπουλος;F;65;Λάρισα;Θεσσαλία;2025-05-07;Bronze
204135;Δημήτρης;Καραγιάννης;M;19;Ηράκλειο;Κρήτη;2025-12-01;Silver
204136;Ιωάννα;Λαμπρόπουλος;F;66;Καβάλα;Ανατολική Μακεδονία & Θράκη;2025-12-12;Bronze
204137;Θανάσης;Αλεξίου;M;25;Ρόδος;Νότιο Αιγαίο;2024-06-07;Bronze
204138;Ελένη;Σταματίου;F;62;Ηράκλειο;Κρήτη;2024-05-22;Silver
204139;Χρήστος;Σταματίου;M;40;Ηράκλειο;Κρήτη;2025-12-02;Silver
204140;Βασίλης;Ιωαννίδης;M;35;Βόλος;Θεσσαλία;2025-01-11;Bronze
204141;Ανδρέας;Λαμπρόπουλος;M;51;Ηράκλειο;Κρήτη;2024-03-28;Bronze
204142;Γιώργος;Βλάχος;M;40;Ιωάννινα;Ήπειρος;2024-08-18;Bronze
204143;Βασίλης;Νικολάου;M;45;Καβάλα;Ανατολική Μακεδονία & Θράκη;2024-07-14;Bronze
204144;Γεωργία;Παπαδόπουλος;F;37;Καβάλα;Ανατολική Μακεδονία & Θράκη;2025-08-16;Gold
204145;Δήμητρα;Σπυρόπουλος;F;24;Ιωάννινα;Ήπειρος;2025-05-30;Silver
204146;Κατερίνα;Δημητρίου;F;30;Πάτρα;Δυτική Ελλάδα;2025-01-10;Bronze
204147;Κατερίνα;Λαμπρόπουλος;F;44;Χανιά;Κρήτη;2024-11-17;Bronze
204148;Παναγιώτης;Σπυρόπουλος;M;42;Αθήνα;Αττική;2025-12-02;Silver
204149;Δημήτρης;Παπαδόπουλος;M;54;Πάτρα;Δυτική Ελλάδα;2025-01-05;Silver
204150;Βασίλης;Πετρόπουλος;M;68;Σέρρες;Κεντρική Μακεδονία;2025-10-17;Bronze
204151;Άννα;Μιχαηλίδης;F;31;Θεσσαλονίκη;Κεντρική Μακεδονία;2025-02-10;Bronze
204152;Βασίλης;Αναστασίου;M;42;Αθήνα;Αττική;2024-04-15;Silver
204153;Κατερίνα;Ζαχαρίου;F;67;Αθήνα;Αττική;2024-08-29;Platinum
204154;Σοφία;Πετρόπουλος;F;21;Χανιά;Κρήτη;2024-10-17;Gold
204155;Σοφία;Χατζής;F;23;Σέρρες;Κεντρική Μακεδονία;2024-04-02;Bronze
204156;Παναγιώτης;Βλάχος;M;72;Σέρρες;Κεντρική Μακεδονία;2024-02-05;Bronze
204157;Γιώργος;Γεωργίου;M;42;Ιωάννινα;Ήπειρος;2024-08-28;Gold
204158;Κατερίνα;Νικολάου;F;51;Λάρισα;Θεσσαλία;2025-01-06;Gold
204159;Ελένη;Αναστασίου;F;66;Αθήνα;Αττική;2025-06-30;Silver
204160;Γεωργία;Μιχαηλίδης;F;27;Πάτρα;Δυτική Ελλάδα;2025-08-11;Bronze
204161;Γιώργος;Ζαχαρίου;M;37;Χανιά;Κρήτη;2025-03-13;Bronze
204162;Χριστίνα;Οικονόμου;F;65;Σέρρες;Κεντρική Μακεδονία;2024-03-02;Bronze
204163;Μαρία;Αναστασίου;F;44;Ρόδος;Νότιο Αιγαίο;2024-01-19;Silver
204164;Σοφία;Πετρόπουλος;F;60;Βόλος;Θεσσαλία;2024-07-23;Silver
204165;Χρήστος;Νικολάου;M;37;Λάρισα;Θεσσαλία;2024-03-15;Platinum
204166;Χριστίνα;Καραγιάννης;F;52;Χανιά;Κρήτη;2024-10-21;Bronze
204167;Άννα;Νικολάου;F;22;Ιωάννινα;Ήπειρος;2024-12-23;Bronze
204168;Παναγιώτης;Νικολάου;M;31;Χανιά;Κρήτη;2025-08-08;Bronze
204169;Σοφία;Παπαδόπουλος;F;47;Θεσσαλονίκη;Κεντρική Μακεδονία;2024-03-10;Silver
204170;Μιχάλης;Σταματίου;M;57;Χανιά;Κρήτη;2025-01-18;Bronze
204171;Γιώργος;Ιωαννίδης;M;58;Τρίκαλα;Θεσσαλία;2024-02-01;Gold
204172;Ιωάννα;Γεωργίου;F;34;Χανιά;Κρήτη;2024-12-13;Bronze
204173;Δημήτρης;Γεωργίου;M;49;Θεσσαλονίκη;Κεντρική Μακεδονία;2024-09-17;Silver
204174;Δήμητρα;Κωνσταντίνου;F;65;Θεσσαλονίκη;Κεντρική Μακεδονία;2024-06-23;Silver
204175;Παναγιώτης;Χατζής;M;29;Πάτρα;Δυτική Ελλάδα;2024-01-06;Gold
204176;Βασίλης;Λαμπρόπουλος;M;22;Βόλος;Θεσσαλία;2025-10-31;Bronze
204177;Κατερίνα;Γεωργίου;F;72;Καβάλα;Ανατολική Μακεδονία & Θράκη;2025-02-05;Silver
204178;Κώστας;Καρράς;M;56;Ιωάννινα;Ήπειρος;2024-06-19;Bronze
204179;Ανδρέας;Οικονόμου;M;48;Τρίκαλα;Θεσσαλία;2024-08-21;Platinum
204180;Παναγιώτης;Πετρόπουλος;M;22;Ηράκλειο;Κρήτη;2025-09-07;Bronze
204181;Δημήτρης;Σταματίου;M;41;Αθήνα;Αττική;2024-06-21;Silver
204182;Κατερίνα;Βλάχος;F;53;Ηράκλειο;Κρήτη;2025-06-01;Platinum
204183;Μαρία;Βλάχος;F;48;Σέρρες;Κεντρική Μακεδονία;2025-02-06;Bronze
204184;Θανάσης;Χατζής;M;55;Λάρισα;Θεσσαλία;2024-06-07;Gold
204185;Αγγελική;Παπαδόπουλος;F;30;Ηράκλειο;Κρήτη;2024-01-27;Silver
204186;Ελένη;Αναστασίου;F;53;Ιωάννινα;Ήπειρος;2025-11-02;Bronze
204187;Θανάσης;Οικονόμου;M;50;Βόλος;Θεσσαλία;2024-01-21;Bronze
204188;Παναγιώτης;Ζαχαρίου;M;72;Καβάλα;Ανατολική Μακεδονία & Θράκη;2025-11-07;Bronze
204189;Ανδρέας;Γεωργίου;M;53;Πάτρα;Δυτική Ελλάδα;2024-08-04;Silver
204190;Νίκος;Οικονόμου;M;57;Αθήνα;Αττική;2025-05-09;Bronze
204191;Ιωάννα;Χατζής;F;62;Ηράκλειο;Κρήτη;2025-08-04;Bronze
204192;Μιχάλης;Γεωργίου;M;49;Λάρισα;Θεσσαλία;2024-01-11;Bronze
204193;Δήμητρα;Μιχαηλίδης;F;51;Σέρρες;Κεντρική Μακεδονία;2025-05-31;Silver
204194;Δήμητρα;Καραγιάννης;F;66;Ηράκλειο;Κρήτη;2025-05-05;Bronze
204195;Γεωργία;Μιχαηλίδης;F;43;Ιωάννινα;Ήπειρος;2024-01-06;Bronze
204196;Χρήστος;Μιχαηλίδης;M;64;Αθήνα;Αττική;2024-10-26;Gold
204197;Σοφία;Γεωργίου;F;27;Αθήνα;Αττική;2025-07-25;Bronze
204198;Δημήτρης;Καρράς;M;51;Ρόδος;Νότιο Αιγαίο;2024-08-03;Silver
204199;Ανδρέας;Νικολάου;M;68;Χανιά;Κρήτη;2025-11-25;Platinum
204200;Μαρία;Αναστασίου;F;31;Ρόδος;Νότιο Αιγαίο;2024-09-09;Gold
204201;Χρήστος;Παπαδόπουλος;M;26;Ιωάννινα;Ήπειρος;2025-09-14;Gold
204202;Ιωάννα;Σπυρόπουλος;F;41;Πάτρα;Δυτική Ελλάδα;2025-12-07;Gold
204203;Αγγελική;Αναστασίου;F;53;Αθήνα;Αττική;2024-08-10;Silver
204204;Χρήστος;Αλεξίου;M;43;Καβάλα;Ανατολική Μακεδονία & Θράκη;2025-06-19;Bronze
204205;Κατερίνα;Κωνσταντίνου;F;71;Σέρρες;Κεντρική Μακεδονία;2025-07-20;Bronze
204206;Άννα;Καραγιάννης;F;42;Λάρισα;Θεσσαλία;2024-06-09;Silver
204207;Θανάσης;Βλάχος;M;18;Ηράκλειο;Κρήτη;2025-10-01;Gold
204208;Άννα;Πετρόπουλος;F;41;Πάτρα;Δυτική Ελλάδα;2025-12-15;Gold
204209;Μαρία;Ζαχαρίου;F;59;Χανιά;Κρήτη;2024-12-20;Bronze
204210;Άννα;Αναστασίου;F;63;Αθήνα;Αττική;2024-04-05;Bronze
204211;Σοφία;Σπυρόπουλος;F;39;Λάρισα;Θεσσαλία;2025-05-16;Bronze
204212;Ιωάννα;Οικονόμου;F;35;Ρόδος;Νότιο Αιγαίο;2025-09-22;Bronze
204213;Ιωάννα;Λαμπρόπουλος;F;22;Ρόδος;Νότιο Αιγαίο;2024-11-13;Bronze
204214;Δήμητρα;Χατζής;F;48;Καβάλα;Ανατολική Μακεδονία & Θράκη;2024-08-26;Silver
204215;Γιώργος;Αλεξίου;M;67;Σέρρες;Κεντρική Μακεδονία;2024-09-13;Bronze
204216;Άννα;Μιχαηλίδης;F;52;Τρίκαλα;Θεσσαλία;2025-08-17;Bronze
204217;Βασίλης;Παπαδόπουλος;M;36;Θεσσαλονίκη;Κεντρική Μακεδονία;2025-12-23;Silver
204218;Χριστίνα;Πετρόπουλος;F;58;Λάρισα;Θεσσαλία;2024-08-07;Bronze
204219;Νίκος;Ζαχαρίου;M;60;Χανιά;Κρήτη;2025-04-12;Silver
204220;Χρήστος;Χατζής;M;55;Θεσσαλονίκη;Κεντρική Μακεδονία;2025-01-31;Bronze
204221;Κατερίνα;Βλάχος;F;44;Ηράκλειο;Κρήτη;2024-11-11;Gold
204222;Γιώργος;Κωνσταντίνου;M;52;Βόλος;Θεσσαλία;2025-03-26;Platinum
204223;Ιωάννα;Γεωργίου;F;27;Ιωάννινα;Ήπειρος;2024-12-01;Gold
204224;Βασίλης;Δημητρίου;M;53;Πάτρα;Δυτική Ελλάδα;2025-08-23;Gold
204225;Μιχάλης;Λαμπρόπουλος;M;57;Σέρρες;Κεντρική Μακεδονία;2025-06-30;Silver
204226;Παναγιώτης;Χατζής;M;61;Ρόδος;Νότιο Αιγαίο;2024-03-06;Silver
204227;Μαρία;Ζαχαρίου;F;36;Θεσσαλονίκη;Κεντρική Μακεδονία;2025-12-13;Bronze
204228;Δήμητρα;Αλεξίου;F;47;Τρίκαλα;Θεσσαλία;2024-08-20;Bronze
204229;Άννα;Σπυρόπουλος;F;44;Ηράκλειο;Κρήτη;2024-05-06;Silver
204230;Γεωργία;Μιχαηλίδης;F;49;Αθήνα;Αττική;2025-05-19;Gold
204231;Γεωργία;Κωνσταντίνου;F;34;Χανιά;Κρήτη;2025-12-28;Gold
204232;Παναγιώτης;Αναστασίου;M;18;Αθήνα;Αττική;2024-03-01;Silver
204233;Μαρία;Σπυρόπουλος;F;41;Ιωάννινα;Ήπειρος;2024-02-16;Bronze
204234;Γιώργος;Καρράς;M;37;Αθήνα;Αττική;2025-03-31;Gold
204235;Κατερίνα;Χατζής;F;44;Χανιά;Κρήτη;2024-06-14;Bronze
204236;Σοφία;Νικολάου;F;47;Ηράκλειο;Κρήτη;2024-09-30;Bronze
204237;Γεωργία;Πετρόπουλος;F;27;Βόλος;Θεσσαλία;2024-04-27;Gold
204238;Άννα;Καρράς;F;44;Σέρρες;Κεντρική Μακεδονία;2024-11-25;Platinum
204239;Δήμητρα;Ζαχαρίου;F;71;Καβάλα;Ανατολική Μακεδονία & Θράκη;2025-07-27;Silver
204240;Μιχάλης;Δημητρίου;M;21;Τρίκαλα;Θεσσαλία;2024-11-26;Bronze
204241;Ανδρέας;Χατζής;M;21;Ιωάννινα;Ήπειρος;2025-12-10;Gold
204242;Ελένη;Λαμπρόπουλος;F;38;Ηράκλειο;Κρήτη;2025-02-14;Bronze
204243;Μιχάλης;Αναστασίου;M;32;Τρίκαλα;Θεσσαλία;2024-01-21;Bronze
204244;Ανδρέας;Μιχαηλίδης;M;68;Αθήνα;Αττική;2024-02-17;Bronze
204245;Νίκος;Καρράς;M;61;Ιωάννινα;Ήπειρος;2025-05-21;Silver
204246;Μιχάλης;Παπαδόπουλος;M;46;Θεσσαλονίκη;Κεντρική Μακεδονία;2024-06-08;Gold
204247;Ελένη;Σπυρόπουλος;F;45;Ηράκλειο;Κρήτη;2024-11-29;Bronze
204248;Κατερίνα;Σπυρόπουλος;F;28;Ρόδος;Νότιο Αιγαίο;2025-09-14;Gold
204249;Άννα;Ζαχαρίου;F;53;Σέρρες;Κεντρική Μακεδονία;2024-04-13;Silver
204250;Ιωάννα;Μιχαηλίδης;F;26;Πάτρα;Δυτική Ελλάδα;2025-03-24;Bronze
204251;Σοφία;Βλάχος;F;22;Ιωάννινα;Ήπειρος;2025-10-17;Platinum
204252;Θανάσης;Δημητρίου;M;38;Χανιά;Κρήτη;2024-11-12;Platinum
204253;Ιωάννα;Νικολάου;F;39;Ιωάννινα;Ήπειρος;2024-02-25;Gold
204254;Ιωάννα;Ζαχαρίου;F;28;Σέρρες;Κεντρική Μακεδονία;2024-02-15;Silver
204255;Γεωργία;Παπαδόπουλος;F;43;Τρίκαλα;Θεσσαλία;2024-04-20;Bronze
204256;Μαρία;Σταματίου;F;43;Θεσσαλονίκη;Κεντρική Μακεδονία;2024-08-31;Bronze
204257;Άννα;Δημητρίου;F;26;Πάτρα;Δυτική Ελλάδα;2025-11-19;Bronze
204258;Χριστίνα;Σπυρόπουλος;F;45;Ιωάννινα;Ήπειρος;2024-11-26;Bronze
204259;Ανδρέας;Βλάχος;M;65;Σέρρες;Κεντρική Μακεδονία;2024-07-02;Bronze
204260;Χρήστος;Χατζής;M;35;Ηράκλειο;Κρήτη;2024-12-08;Bronze
204261;Βασίλης;Καρράς;M;22;Καβάλα;Ανατολική Μακεδονία & Θράκη;2025-07-17;Silver
204262;Αγγελική;Δημητρίου;F;33;Χανιά;Κρήτη;2024-02-02;Platinum
204263;Άννα;Σταματίου;F;25;Ηράκλειο;Κρήτη;2025-01-22;Gold
204264;Αγγελική;Λαμπρόπουλος;F;42;Λάρισα;Θεσσαλία;2024-12-31;Bronze
204265;Κατερίνα;Καρράς;F;25;Βόλος;Θεσσαλία;2024-05-02;Bronze
204266;Ανδρέας;Ιωαννίδης;M;49;Αθήνα;Αττική;2025-01-07;Platinum
204267;Θανάσης;Ιωαννίδης;M;20;Χανιά;Κρήτη;2025-02-12;Silver
204268;Σοφία;Δημητρίου;F;26;Ηράκλειο;Κρήτη;2024-12-17;Gold
204269;Κατερίνα;Παπανικολάου;F;53;Ιωάννινα;Ήπειρος;2025-09-03;Bronze
204270;Άννα;Παπανικολάου;F;45;Αθήνα;Αττική;2024-02-05;Bronze
204271;Ανδρέας;Ιωαννίδης;M;22;Βόλος;Θεσσαλία;2024-03-30;Silver
204272;Δήμητρα;Δημητρίου;F;55;Ηράκλειο;Κρήτη;2025-05-01;Gold
204273;Γεωργία;Παπανικολάου;F;31;Θεσσαλονίκη;Κεντρική Μακεδονία;2024-06-25;Silver
204274;Παναγιώτης;Κωνσταντίνου;M;69;Βόλος;Θεσσαλία;2025-06-26;Silver
204275;Θανάσης;Καραγιάννης;M;45;Τρίκαλα;Θεσσαλία;2024-06-12;Bronze
204276;Χριστίνα;Δημητρίου;F;43;Λάρισα;Θεσσαλία;2025-11-30;Bronze
204277;Κατερίνα;Καρράς;F;67;Βόλος;Θεσσαλία;2024-09-11;Bronze
204278;Κώστας;Κωνσταντίνου;M;67;Καβάλα;Ανατολική Μακεδονία & Θράκη;2024-02-10;Silver
204279;Γιώργος;Γεωργίου;M;35;Χανιά;Κρήτη;2025-12-08;Bronze
204280;Ελένη;Πετρόπουλος;F;53;Χανιά;Κρήτη;2024-10-06;Bronze
204281;Άννα;Σπυρόπουλος;F;67;Λάρισα;Θεσσαλία;2025-07-21;Silver
204282;Κώστας;Μιχαηλίδης;M;50;Θεσσαλονίκη;Κεντρική Μακεδονία;2025-05-14;Gold
204283;Γιώργος;Παπαδόπουλος;M;51;Αθήνα;Αττική;2024-11-27;Silver
204284;Ανδρέας;Ζαχαρίου;M;20;Χανιά;Κρήτη;2024-05-03;Bronze
204285;Δημήτρης;Αναστασίου;M;63;Αθήνα;Αττική;2024-12-14;Platinum
204286;Γιώργος;Παπανικολάου;M;42;Τρίκαλα;Θεσσαλία;2024-08-14;Bronze
204287;Γεωργία;Χατζής;F;20;Σέρρες;Κεντρική Μακεδονία;2024-07-07;Platinum
204288;Νίκος;Γεωργίου;M;44;Τρίκαλα;Θεσσαλία;2025-02-28;Silver
204289;Μαρία;Νικολάου;F;58;Θεσσαλονίκη;Κεντρική Μακεδονία;2024-06-13;Gold
204290;Χριστίνα;Σπυρόπουλος;F;71;Ιωάννινα;Ήπειρος;2024-09-21;Bronze
204291;Κώστας;Ιωαννίδης;M;54;Χανιά;Κρήτη;2024-07-13;Bronze
204292;Γιώργος;Σπυρόπουλος;M;70;Λάρισα;Θεσσαλία;2025-09-28;Silver
204293;Γεωργία;Παπανικολάου;F;56;Θεσσαλονίκη;Κεντρική Μακεδονία;2024-06-25;Bronze
204294;Γιώργος;Βλάχος;M;32;Θεσσαλονίκη;Κεντρική Μακεδονία;2024-09-22;Silver
204295;Χριστίνα;Ιωαννίδης;F;49;Τρίκαλα;Θεσσαλία;2024-05-02;Gold
204296;Δήμητρα;Καραγιάννης;F;72;Χανιά;Κρήτη;2025-10-08;Bronze
204297;Παναγιώτης;Χατζής;M;57;Βόλος;Θεσσαλία;2024-02-28;Bronze
204298;Σοφία;Γεωργίου;F;43;Λάρισα;Θεσσαλία;2024-12-26;Bronze
204299;Κατερίνα;Χατζής;F;38;Ηράκλειο;Κρήτη;2024-05-13;Gold
204300;Γιώργος;Καραγιάννης;M;27;Λάρισα;Θεσσαλία;2025-07-19;Gold
204301;Σοφία;Γεωργίου;F;29;Ιωάννινα;Ήπειρος;2024-04-11;Gold
204302;Δήμητρα;Καραγιάννης;F;34;Βόλος;Θεσσαλία;2025-07-11;Bronze
204303;Ανδρέας;Ζαχαρίου;M;30;Ρόδος;Νότιο Αιγαίο;2024-09-08;Bronze
204304;Βασίλης;Βλάχος;M;41;Λάρισα;Θεσσαλία;2025-10-10;Gold
204305;Κατερίνα;Καραγιάννης;F;50;Χανιά;Κρήτη;2024-12-27;Silver
204306;Θανάσης;Σταματίου;M;18;Ιωάννινα;Ήπειρος;2025-09-18;Bronze
204307;Γεωργία;Αλεξίου;F;29;Βόλος;Θεσσαλία;2025-11-11;Gold
204308;Κατερίνα;Σπυρόπουλος;F;45;Τρίκαλα;Θεσσαλία;2024-06-16;Bronze
204309;Αγγελική;Βλάχος;F;23;Πάτρα;Δυτική Ελλάδα;2025-04-26;Bronze
204310;Ελένη;Λαμπρόπουλος;F;31;Ρόδος;Νότιο Αιγαίο;2025-09-13;Silver
204311;Δήμητρα;Καραγιάννης;F;71;Χανιά;Κρήτη;2024-02-03;Bronze
204312;Βασίλης;Παπαδόπουλος;M;23;Καβάλα;Ανατολική Μακεδονία & Θράκη;2025-05-24;Bronze
204313;Χρήστος;Νικολάου;M;54;Λάρισα;Θεσσαλία;2025-01-06;Gold
204314;Κώστας;Μιχαηλίδης;M;60;Ρόδος;Νότιο Αιγαίο;2024-10-20;Bronze
204315;Ανδρέας;Αλεξίου;M;35;Θεσσαλονίκη;Κεντρική Μακεδονία;2025-10-19;Bronze
204316;Θανάσης;Δημητρίου;M;19;Τρίκαλα;Θεσσαλία;2024-08-10;Bronze
204317;Νίκος;Ζαχαρίου;M;45;Σέρρες;Κεντρική Μακεδονία;2025-03-13;Platinum
204318;Χρήστος;Καρράς;M;58;Καβάλα;Ανατολική Μακεδονία & Θράκη;2024-09-20;Silver
204319;Γιώργος;Γεωργίου;M;23;Σέρρες;Κεντρική Μακεδονία;2024-03-03;Bronze
204320;Βασίλης;Κωνσταντίνου;M;33;Τρίκαλα;Θεσσαλία;2025-04-24;Gold
204321;Χρήστος;Παπαδόπουλος;M;68;Θεσσαλονίκη;Κεντρική Μακεδονία;2025-10-19;Silver
204322;Ιωάννα;Πετρόπουλος;F;66;Βόλος;Θεσσαλία;2025-10-21;Bronze
204323;Κατερίνα;Νικολάου;F;38;Ηράκλειο;Κρήτη;2025-08-28;Bronze
204324;Κώστας;Κωνσταντίνου;M;26;Βόλος;Θεσσαλία;2025-05-19;Silver
204325;Μιχάλης;Σπυρόπουλος;M;34;Βόλος;Θεσσαλία;2025-04-01;Silver
204326;Κώστας;Γεωργίου;M;60;Χανιά;Κρήτη;2025-06-22;Gold
204327;Νίκος;Γεωργίου;M;36;Χανιά;Κρήτη;2024-11-12;Bronze
204328;Δημήτρης;Μιχαηλίδης;M;30;Χανιά;Κρήτη;2024-08-23;Silver
204329;Αγγελική;Καραγιάννης;F;52;Χανιά;Κρήτη;2024-10-31;Bronze
204330;Παναγιώτης;Σπυρόπουλος;M;39;Τρίκαλα;Θεσσαλία;2025-10-02;Silver
204331;Ανδρέας;Ζαχαρίου;M;68;Ρόδος;Νότιο Αιγαίο;2024-11-14;Bronze
204332;Μαρία;Μιχαηλίδης;F;54;Τρίκαλα;Θεσσαλία;2024-09-07;Silver
204333;Βασίλης;Παπανικολάου;M;33;Πάτρα;Δυτική Ελλάδα;2025-10-22;Silver
204334;Ανδρέας;Αναστασίου;M;44;Θεσσαλονίκη;Κεντρική Μακεδονία;2025-03-05;Silver
204335;Γεωργία;Αναστασίου;F;44;Τρίκαλα;Θεσσαλία;2025-03-31;Silver
204336;Βασίλης;Χατζής;M;51;Ιωάννινα;Ήπειρος;2024-08-08;Silver
204337;Δημήτρης;Χατζής;M;38;Ρόδος;Νότιο Αιγαίο;2024-10-24;Gold
204338;Γεωργία;Νικολάου;F;63;Θεσσαλονίκη;Κεντρική Μακεδονία;2024-04-27;Silver
204339;Ιωάννα;Σταματίου;F;32;Σέρρες;Κεντρική Μακεδονία;2024-12-06;Platinum
204340;Νίκος;Πετρόπουλος;M;35;Καβάλα;Ανατολική Μακεδονία & Θράκη;2024-08-06;Silver
204341;Κατερίνα;Μιχαηλίδης;F;61;Ηράκλειο;Κρήτη;2025-06-01;Gold
204342;Δήμητρα;Αναστασίου;F;67;Ρόδος;Νότιο Αιγαίο;2025-09-29;Gold
204343;Γεωργία;Δημητρίου;F;63;Καβάλα;Ανατολική Μακεδονία & Θράκη;2025-07-21;Silver
204344;Κώστας;Παπαδόπουλος;M;20;Χανιά;Κρήτη;2025-10-22;Bronze
204345;Νίκος;Κωνσταντίνου;M;29;Χανιά;Κρήτη;2025-02-21;Silver
204346;Χρήστος;Σταματίου;M;38;Θεσσαλονίκη;Κεντρική Μακεδονία;2024-11-25;Silver
204347;Ελένη;Κωνσταντίνου;F;55;Αθήνα;Αττική;2025-08-01;Silver
204348;Ελένη;Παπαδόπουλος;F;60;Χανιά;Κρήτη;2024-01-09;Bronze
204349;Δήμητρα;Ζαχαρίου;F;62;Καβάλα;Ανατολική Μακεδονία & Θράκη;2024-07-06;Bronze
204350;Μιχάλης;Αναστασίου;M;64;Τρίκαλα;Θεσσαλία;2025-08-26;Platinum
204351;Δήμητρα;Νικολάου;F;57;Λάρισα;Θεσσαλία;2025-06-12;Bronze
204352;Ανδρέας;Γεωργίου;M;47;Θεσσαλονίκη;Κεντρική Μακεδονία;2025-08-23;Silver
204353;Ελένη;Σταματίου;F;59;Ηράκλειο;Κρήτη;2024-09-19;Bronze
204354;Ανδρέας;Βλάχος;M;45;Καβάλα;Ανατολική Μακεδονία & Θράκη;2025-01-17;Silver
204355;Ιωάννα;Σπυρόπουλος;F;31;Λάρισα;Θεσσαλία;2024-05-13;Bronze
204356;Αγγελική;Καραγιάννης;F;38;Αθήνα;Αττική;2024-07-30;Silver
204357;Παναγιώτης;Χατζής;M;46;Ρόδος;Νότιο Αιγαίο;2024-04-04;Bronze
204358;Ιωάννα;Δημητρίου;F;58;Σέρρες;Κεντρική Μακεδονία;2025-10-04;Bronze
204359;Χρήστος;Δημητρίου;M;60;Ρόδος;Νότιο Αιγαίο;2025-09-02;Bronze
204360;Χριστίνα;Μιχαηλίδης;F;63;Ιωάννινα;Ήπειρος;2025-09-10;Gold
204361;Ιωάννα;Νικολάου;F;68;Τρίκαλα;Θεσσαλία;2024-04-02;Silver
204362;Παναγιώτης;Βλάχος;M;41;Ιωάννινα;Ήπειρος;2025-03-09;Silver
204363;Γιώργος;Αλεξίου;M;27;Βόλος;Θεσσαλία;2024-07-20;Bronze
204364;Κατερίνα;Ιωαννίδης;F;38;Χανιά;Κρήτη;2025-04-01;Silver
204365;Ιωάννα;Αλεξίου;F;38;Τρίκαλα;Θεσσαλία;2024-01-11;Silver
204366;Γιώργος;Καραγιάννης;M;29;Χανιά;Κρήτη;2025-12-06;Bronze
204367;Ιωάννα;Μιχαηλίδης;F;35;Τρίκαλα;Θεσσαλία;2025-03-01;Silver
204368;Κώστας;Μιχαηλίδης;M;23;Λάρισα;Θεσσαλία;2025-09-16;Silver
204369;Χρήστος;Βλάχος;M;24;Ρόδος;Νότιο Αιγαίο;2025-02-08;Bronze
204370;Δήμητρα;Μιχαηλίδης;F;62;Λάρισα;Θεσσαλία;2024-09-18;Bronze
204371;Θανάσης;Παπανικολάου;M;22;Σέρρες;Κεντρική Μακεδονία;2025-09-11;Gold
204372;Χριστίνα;Αλεξίου;F;19;Αθήνα;Αττική;2025-10-29;Bronze
204373;Κατερίνα;Γεωργίου;F;68;Αθήνα;Αττική;2025-01-02;Silver
204374;Σοφία;Οικονόμου;F;46;Χανιά;Κρήτη;2025-04-18;Gold
204375;Παναγιώτης;Ζαχαρίου;M;24;Θεσσαλονίκη;Κεντρική Μακεδονία;2024-07-28;Silver
204376;Άννα;Καραγιάννης;F;65;Σέρρες;Κεντρική Μακεδονία;2025-11-17;Silver
204377;Δήμητρα;Σταματίου;F;48;Σέρρες;Κεντρική Μακεδονία;2024-06-16;Gold
204378;Γεωργία;Λαμπρόπουλος;F;43;Καβάλα;Ανατολική Μακεδονία & Θράκη;2025-04-16;Silver
204379;Ανδρέας;Ιωαννίδης;M;37;Χανιά;Κρήτη;2025-08-29;Silver
204380;Μιχάλης;Δημητρίου;M;29;Τρίκαλα;Θεσσαλία;2025-08-24;Gold
204381;Γεωργία;Πετρόπουλος;F;24;Βόλος;Θεσσαλία;2024-10-26;Silver
204382;Μιχάλης;Παπαδόπουλος;M;21;Σέρρες;Κεντρική Μακεδονία;2024-05-10;Silver
204383;Νίκος;Αλεξίου;M;26;Ιωάννινα;Ήπειρος;2025-06-05;Silver
204384;Σοφία;Καρράς;F;19;Πάτρα;Δυτική Ελλάδα;2024-03-06;Bronze
204385;Ελένη;Ιωαννίδης;F;49;Καβάλα;Ανατολική Μακεδονία & Θράκη;2024-03-26;Silver
204386;Βασίλης;Κωνσταντίνου;M;29;Τρίκαλα;Θεσσαλία;2025-10-02;Silver
204387;Θανάσης;Ιωαννίδης;M;68;Ιωάννινα;Ήπειρος;2024-03-28;Silver
204388;Δήμητρα;Λαμπρόπουλος;F;56;Πάτρα;Δυτική Ελλάδα;2024-06-07;Bronze
204389;Δήμητρα;Νικολάου;F;62;Χανιά;Κρήτη;2024-11-26;Silver
204390;Χρήστος;Αλεξίου;M;18;Σέρρες;Κεντρική Μακεδονία;2024-06-03;Gold
204391;Θανάσης;Βλάχος;M;69;Ηράκλειο;Κρήτη;2024-12-31;Platinum
204392;Αγγελική;Πετρόπουλος;F;49;Θεσσαλονίκη;Κεντρική Μακεδονία;2025-01-18;Silver
204393;Ανδρέας;Πετρόπουλος;M;59;Ιωάννινα;Ήπειρος;2024-11-03;Silver
204394;Χρήστος;Ζαχαρίου;M;60;Λάρισα;Θεσσαλία;2025-05-25;Bronze
204395;Δήμητρα;Παπανικολάου;F;20;Καβάλα;Ανατολική Μακεδονία & Θράκη;2025-12-01;Bronze
204396;Νίκος;Παπαδόπουλος;M;25;Χανιά;Κρήτη;2024-12-27;Silver
204397;Βασίλης;Λαμπρόπουλος;M;21;Χανιά;Κρήτη;2025-05-06;Bronze
204398;Δήμητρα;Παπαδόπουλος;F;65;Σέρρες;Κεντρική Μακεδονία;2024-12-12;Silver
204399;Ανδρέας;Ζαχαρίου;M;18;Θεσσαλονίκη;Κεντρική Μακεδονία;2024-01-02;Silver
204400;Ιωάννα;Πετρόπουλος;F;49;Λάρισα;Θεσσαλία;2024-09-16;Silver
204401;Θανάσης;Αλεξίου;M;46;Χανιά;Κρήτη;2025-07-15;Platinum
204402;Άννα;Μιχαηλίδης;F;68;Σέρρες;Κεντρική Μακεδονία;2024-10-29;Bronze
204403;Άννα;Βλάχος;F;32;Λάρισα;Θεσσαλία;2025-03-30;Bronze
204404;Άννα;Αλεξίου;F;48;Ρόδος;Νότιο Αιγαίο;2024-05-31;Bronze
204405;Κατερίνα;Ζαχαρίου;F;25;Ρόδος;Νότιο Αιγαίο;2024-03-17;Bronze
204406;Δημήτρης;Καραγιάννης;M;36;Ηράκλειο;Κρήτη;2025-07-16;Gold
204407;Άννα;Αναστασίου;F;38;Αθήνα;Αττική;2024-11-26;Platinum
204408;Θανάσης;Αναστασίου;M;18;Βόλος;Θεσσαλία;2025-10-10;Bronze
204409;Κατερίνα;Καρράς;F;19;Ρόδος;Νότιο Αιγαίο;2025-05-04;Gold
204410;Κατερίνα;Πετρόπουλος;F;22;Λάρισα;Θεσσαλία;2024-12-29;Platinum
204411;Ιωάννα;Βλάχος;F;44;Ιωάννινα;Ήπειρος;2024-01-17;Silver
204412;Γεωργία;Γεωργίου;F;56;Χανιά;Κρήτη;2024-04-05;Bronze
204413;Ιωάννα;Βλάχος;F;42;Ιωάννινα;Ήπειρος;2025-01-08;Bronze
204414;Αγγελική;Ζαχαρίου;F;40;Χανιά;Κρήτη;2025-04-06;Gold
204415;Δήμητρα;Σπυρόπουλος;F;25;Ηράκλειο;Κρήτη;2024-04-25;Gold
204416;Σοφία;Κωνσταντίνου;F;68;Τρίκαλα;Θεσσαλία;2025-09-07;Platinum
204417;Χρήστος;Βλάχος;M;72;Ρόδος;Νότιο Αιγαίο;2024-11-23;Bronze
204418;Σοφία;Καραγιάννης;F;48;Καβάλα;Ανατολική Μακεδονία & Θράκη;2024-10-11;Bronze
204419;Νίκος;Νικολάου;M;32;Χανιά;Κρήτη;2024-10-07;Silver
204420;Δήμητρα;Μιχαηλίδης;F;70;Θεσσαλονίκη;Κεντρική Μακεδονία;2025-09-27;Bronze
204421;Δήμητρα;Ιωαννίδης;F;49;Ρόδος;Νότιο Αιγαίο;2025-11-15;Silver
204422;Κώστας;Σταματίου;M;70;Ρόδος;Νότιο Αιγαίο;2024-02-11;Silver
204423;Γιώργος;Παπανικολάου;M;55;Αθήνα;Αττική;2024-11-23;Bronze
204424;Μιχάλης;Βλάχος;M;42;Βόλος;Θεσσαλία;2025-07-17;Bronze
204425;Ανδρέας;Χατζής;M;22;Ρόδος;Νότιο Αιγαίο;2024-08-17;Bronze
204426;Παναγιώτης;Καρράς;M;26;Σέρρες;Κεντρική Μακεδονία;2025-04-25;Bronze
204427;Δημήτρης;Πετρόπουλος;M;32;Ηράκλειο;Κρήτη;2024-02-26;Gold
204428;Δήμητρα;Βλάχος;F;30;Βόλος;Θεσσαλία;2024-07-18;Gold
204429;Γεωργία;Καραγιάννης;F;38;Ρόδος;Νότιο Αιγαίο;2025-11-17;Silver
204430;Κατερίνα;Ζαχαρίου;F;29;Τρίκαλα;Θεσσαλία;2025-12-21;Bronze
204431;Μαρία;Ζαχαρίου;F;49;Χανιά;Κρήτη;2025-05-15;Gold
204432;Ιωάννα;Ζαχαρίου;F;59;Χανιά;Κρήτη;2024-05-29;Gold
204433;Άννα;Σπυρόπουλος;F;72;Ιωάννινα;Ήπειρος;2024-09-10;Bronze
204434;Ιωάννα;Βλάχος;F;55;Σέρρες;Κεντρική Μακεδονία;2025-06-11;Silver
204435;Χριστίνα;Καρράς;F;19;Ρόδος;Νότιο Αιγαίο;2025-05-26;Silver
204436;Αγγελική;Παπανικολάου;F;39;Αθήνα;Αττική;2024-02-26;Silver
204437;Σοφία;Ιωαννίδης;F;60;Αθήνα;Αττική;2025-03-30;Silver
204438;Κατερίνα;Πετρόπουλος;F;64;Τρίκαλα;Θεσσαλία;2024-01-28;Silver
204439;Μιχάλης;Πετρόπουλος;M;32;Τρίκαλα;Θεσσαλία;2024-07-05;Silver
204440;Χρήστος;Ιωαννίδης;M;27;Καβάλα;Ανατολική Μακεδονία & Θράκη;2025-06-13;Bronze
204441;Χριστίνα;Βλάχος;F;19;Βόλος;Θεσσαλία;2025-09-28;Bronze
204442;Ανδρέας;Καρράς;M;49;Θεσσαλονίκη;Κεντρική Μακεδονία;2024-03-10;Silver
204443;Άννα;Χατζής;F;53;Τρίκαλα;Θεσσαλία;2025-03-28;Bronze
204444;Αγγελική;Δημητρίου;F;63;Ρόδος;Νότιο Αιγαίο;2025-07-20;Silver
204445;Βασίλης;Ζαχαρίου;M;37;Αθήνα;Αττική;2025-05-21;Bronze
204446;Άννα;Λαμπρόπουλος;F;69;Αθήνα;Αττική;2025-01-08;Bronze
204447;Δήμητρα;Πετρόπουλος;F;58;Καβάλα;Ανατολική Μακεδονία & Θράκη;2024-05-25;Bronze
204448;Θανάσης;Ιωαννίδης;M;20;Καβάλα;Ανατολική Μακεδονία & Θράκη;2025-12-15;Platinum
204449;Ελένη;Αλεξίου;F;72;Αθήνα;Αττική;2025-02-22;Silver
204450;Κατερίνα;Δημητρίου;F;67;Πάτρα;Δυτική Ελλάδα;2025-07-01;Bronze
204451;Αγγελική;Βλάχος;F;53;Καβάλα;Ανατολική Μακεδονία & Θράκη;2024-01-29;Gold
204452;Μιχάλης;Ζαχαρίου;M;39;Ηράκλειο;Κρήτη;2025-04-05;Silver
204453;Νίκος;Αναστασίου;M;64;Ρόδος;Νότιο Αιγαίο;2024-06-23;Bronze
204454;Μιχάλης;Γεωργίου;M;48;Ηράκλειο;Κρήτη;2024-01-03;Gold
204455;Άννα;Χατζής;F;20;Χανιά;Κρήτη;2025-01-15;Silver
204456;Χρήστος;Λαμπρόπουλος;M;34;Σέρρες;Κεντρική Μακεδονία;2025-05-28;Bronze
204457;Αγγελική;Γεωργίου;F;45;Καβάλα;Ανατολική Μακεδονία & Θράκη;2024-06-14;Bronze
204458;Χριστίνα;Παπανικολάου;F;60;Ιωάννινα;Ήπειρος;2024-02-17;Platinum
204459;Ιωάννα;Ιωαννίδης;F;40;Ρόδος;Νότιο Αιγαίο;2024-12-30;Bronze
204460;Ανδρέας;Αναστασίου;M;24;Αθήνα;Αττική;2024-11-22;Platinum
204461;Ιωάννα;Νικολάου;F;40;Αθήνα;Αττική;2024-10-27;Bronze
204462;Αγγελική;Πετρόπουλος;F;65;Χανιά;Κρήτη;2025-07-15;Bronze
204463;Δήμητρα;Ζαχαρίου;F;46;Πάτρα;Δυτική Ελλάδα;2024-08-04;Bronze
204464;Δήμητρα;Καραγιάννης;F;58;Πάτρα;Δυτική Ελλάδα;2024-02-17;Silver
204465;Παναγιώτης;Γεωργίου;M;19;Λάρισα;Θεσσαλία;2024-03-28;Bronze
204466;Σοφία;Χατζής;F;33;Θεσσαλονίκη;Κεντρική Μακεδονία;2025-02-19;Bronze
204467;Χρήστος;Γεωργίου;M;23;Βόλος;Θεσσαλία;2025-10-12;Bronze
204468;Χριστίνα;Δημητρίου;F;32;Σέρρες;Κεντρική Μακεδονία;2024-10-18;Bronze
204469;Ιωάννα;Ιωαννίδης;F;20;Αθήνα;Αττική;2024-02-12;Gold
204470;Δήμητρα;Λαμπρόπουλος;F;37;Αθήνα;Αττική;2025-10-18;Silver
204471;Κώστας;Καραγιάννης;M;19;Ιωάννινα;Ήπειρος;2025-08-07;Silver
204472;Χρήστος;Αναστασίου;M;56;Λάρισα;Θεσσαλία;2025-09-30;Bronze
204473;Δήμητρα;Ζαχαρίου;F;20;Σέρρες;Κεντρική Μακεδονία;2024-08-18;Gold
204474;Άννα;Λαμπρόπουλος;F;31;Ιωάννινα;Ήπειρος;2024-10-26;Silver
204475;Παναγιώτης;Ιωαννίδης;M;38;Χανιά;Κρήτη;2024-04-09;Silver
204476;Δημήτρης;Ιωαννίδης;M;22;Λάρισα;Θεσσαλία;2025-10-20;Silver
204477;Σοφία;Πετρόπουλος;F;58;Τρίκαλα;Θεσσαλία;2025-02-20;Bronze
204478;Θανάσης;Οικονόμου;M;67;Αθήνα;Αττική;2024-02-05;Bronze
204479;Θανάσης;Λαμπρόπουλος;M;19;Λάρισα;Θεσσαλία;2025-12-19;Platinum
204480;Ιωάννα;Σταματίου;F;71;Βόλος;Θεσσαλία;2024-04-16;Bronze
204481;Ελένη;Σπυρόπουλος;F;21;Ρόδος;Νότιο Αιγαίο;2025-08-16;Silver
204482;Άννα;Δημητρίου;F;49;Αθήνα;Αττική;2025-08-27;Silver
204483;Χρήστος;Καρράς;M;52;Χανιά;Κρήτη;2024-04-15;Bronze
204484;Δημήτρης;Λαμπρόπουλος;M;36;Ιωάννινα;Ήπειρος;2025-09-09;Bronze
204485;Βασίλης;Γεωργίου;M;41;Αθήνα;Αττική;2024-04-13;Bronze
204486;Σοφία;Καρράς;F;42;Πάτρα;Δυτική Ελλάδα;2025-01-13;Bronze
204487;Κώστας;Ιωαννίδης;M;32;Ιωάννινα;Ήπειρος;2024-04-20;Bronze
204488;Γεωργία;Ζαχαρίου;F;46;Ιωάννινα;Ήπειρος;2024-06-25;Gold
204489;Θανάσης;Ιωαννίδης;M;49;Τρίκαλα;Θεσσαλία;2025-10-16;Silver
204490;Ιωάννα;Κωνσταντίνου;F;41;Αθήνα;Αττική;2025-07-22;Bronze
204491;Ελένη;Σπυρόπουλος;F;32;Σέρρες;Κεντρική Μακεδονία;2024-08-13;Bronze
204492;Ιωάννα;Γεωργίου;F;45;Αθήνα;Αττική;2024-10-11;Bronze
204493;Παναγιώτης;Κωνσταντίνου;M;46;Θεσσαλονίκη;Κεντρική Μακεδονία;2025-03-03;Bronze
204494;Σοφία;Γεωργίου;F;41;Πάτρα;Δυτική Ελλάδα;2025-03-16;Bronze
204495;Αγγελική;Νικολάου;F;56;Ιωάννινα;Ήπειρος;2025-09-02;Bronze
204496;Σοφία;Δημητρίου;F;60;Σέρρες;Κεντρική Μακεδονία;2025-08-10;Gold
204497;Δημήτρης;Σπυρόπουλος;M;53;Αθήνα;Αττική;2024-09-17;Silver
204498;Χριστίνα;Νικολάου;F;19;Ρόδος;Νότιο Αιγαίο;2024-07-12;Gold
204499;Μιχάλης;Βλάχος;M;56;Ιωάννινα;Ήπειρος;2024-11-29;Silver
204500;Κατερίνα;Καραγιάννης;F;60;Ιωάννινα;Ήπειρος;2024-01-03;Silver
204501;Σοφία;Γεωργίου;F;37;Ιωάννινα;Ήπειρος;2024-09-24;Gold
204502;Μαρία;Σταματίου;F;45;Τρίκαλα;Θεσσαλία;2024-05-06;Bronze
204503;Παναγιώτης;Νικολάου;M;38;Βόλος;Θεσσαλία;2024-12-15;Bronze
204504;Κώστας;Καρράς;M;64;Πάτρα;Δυτική Ελλάδα;2024-03-31;Bronze
204505;Ελένη;Ιωαννίδης;F;40;Θεσσαλονίκη;Κεντρική Μακεδονία;2024-01-10;Silver
204506;Σοφία;Νικολάου;F;58;Βόλος;Θεσσαλία;2024-05-24;Gold
204507;Μαρία;Ιωαννίδης;F;43;Χανιά;Κρήτη;2025-05-30;Silver
204508;Αγγελική;Σταματίου;F;62;Αθήνα;Αττική;2025-03-25;Bronze
204509;Κώστας;Μιχαηλίδης;M;30;Ηράκλειο;Κρήτη;2024-11-10;Bronze
204510;Θανάσης;Αλεξίου;M;49;Χανιά;Κρήτη;2024-04-17;Silver
204511;Κώστας;Καρράς;M;48;Πάτρα;Δυτική Ελλάδα;2025-04-07;Bronze
204512;Χρήστος;Νικολάου;M;46;Καβάλα;Ανατολική Μακεδονία & Θράκη;2025-03-15;Bronze
204513;Γεωργία;Παπανικολάου;F;50;Χανιά;Κρήτη;2024-05-06;Silver
204514;Χριστίνα;Λαμπρόπουλος;F;46;Σέρρες;Κεντρική Μακεδονία;2025-12-24;Silver
204515;Γεωργία;Νικολάου;F;54;Λάρισα;Θεσσαλία;2024-10-01;Silver
204516;Νίκος;Αλεξίου;M;44;Καβάλα;Ανατολική Μακεδονία & Θράκη;2024-12-20;Silver
204517;Κατερίνα;Μιχαηλίδης;F;44;Χανιά;Κρήτη;2024-09-23;Silver
204518;Ανδρέας;Βλάχος;M;43;Σέρρες;Κεντρική Μακεδονία;2025-03-08;Gold
204519;Κώστας;Οικονόμου;M;30;Θεσσαλονίκη;Κεντρική Μακεδονία;2025-02-10;Bronze
204520;Νίκος;Καραγιάννης;M;46;Ρόδος;Νότιο Αιγαίο;2024-01-16;Bronze
204521;Μαρία;Αλεξίου;F;53;Σέρρες;Κεντρική Μακεδονία;2025-06-30;Bronze
204522;Νίκος;Παπανικολάου;M;68;Σέρρες;Κεντρική Μακεδονία;2024-04-08;Silver
204523;Χρήστος;Μιχαηλίδης;M;35;Χανιά;Κρήτη;2024-01-12;Bronze
204524;Κατερίνα;Λαμπρόπουλος;F;21;Θεσσαλονίκη;Κεντρική Μακεδονία;2025-09-03;Bronze
204525;Άννα;Δημητρίου;F;25;Βόλος;Θεσσαλία;2024-10-09;Gold
204526;Θανάσης;Καραγιάννης;M;52;Θεσσαλονίκη;Κεντρική Μακεδονία;2025-01-03;Silver
204527;Ελένη;Παπανικολάου;F;55;Θεσσαλονίκη;Κεντρική Μακεδονία;2024-01-23;Silver
204528;Μαρία;Ζαχαρίου;F;44;Πάτρα;Δυτική Ελλάδα;2024-08-29;Silver
204529;Μαρία;Αναστασίου;F;43;Αθήνα;Αττική;2024-05-24;Bronze
204530;Κώστας;Αναστασίου;M;49;Χανιά;Κρήτη;2025-10-16;Silver
204531;Ανδρέας;Γεωργίου;M;58;Χανιά;Κρήτη;2025-12-14;Bronze
204532;Ελένη;Βλάχος;F;39;Αθήνα;Αττική;2025-03-01;Bronze
204533;Βασίλης;Αναστασίου;M;20;Θεσσαλονίκη;Κεντρική Μακεδονία;2024-11-26;Gold
204534;Μαρία;Μιχαηλίδης;F;26;Τρίκαλα;Θεσσαλία;2025-09-21;Gold
204535;Γιώργος;Χατζής;M;57;Καβάλα;Ανατολική Μακεδονία & Θράκη;2025-10-19;Bronze
204536;Αγγελική;Μιχαηλίδης;F;44;Βόλος;Θεσσαλία;2024-02-20;Platinum
204537;Χρήστος;Λαμπρόπουλος;M;23;Ιωάννινα;Ήπειρος;2025-07-24;Gold
204538;Νίκος;Αναστασίου;M;20;Καβάλα;Ανατολική Μακεδονία & Θράκη;2024-08-19;Silver
204539;Γιώργος;Ζαχαρίου;M;61;Καβάλα;Ανατολική Μακεδονία & Θράκη;2024-03-25;Gold
204540;Θανάσης;Παπαδόπουλος;M;30;Ρόδος;Νότιο Αιγαίο;2024-01-11;Silver
204541;Γιώργος;Οικονόμου;M;39;Τρίκαλα;Θεσσαλία;2025-11-11;Bronze
204542;Μαρία;Καραγιάννης;F;18;Σέρρες;Κεντρική Μακεδονία;2024-06-30;Platinum
204543;Ιωάννα;Αναστασίου;F;50;Βόλος;Θεσσαλία;2025-10-30;Bronze
204544;Νίκος;Βλάχος;M;28;Καβάλα;Ανατολική Μακεδονία & Θράκη;2024-08-21;Silver
204545;Κατερίνα;Νικολάου;F;56;Ηράκλειο;Κρήτη;2024-06-26;Bronze
204546;Κατερίνα;Παπανικολάου;F;34;Αθήνα;Αττική;2024-04-24;Bronze
204547;Βασίλης;Αναστασίου;M;49;Βόλος;Θεσσαλία;2024-10-25;Bronze
204548;Βασίλης;Λαμπρόπουλος;M;43;Λάρισα;Θεσσαλία;2025-01-04;Silver
204549;Αγγελική;Οικονόμου;F;21;Καβάλα;Ανατολική Μακεδονία & Θράκη;2025-10-06;Gold
204550;Παναγιώτης;Καρράς;M;31;Ιωάννινα;Ήπειρος;2025-02-24;Platinum
204551;Μιχάλης;Ιωαννίδης;M;41;Σέρρες;Κεντρική Μακεδονία;2025-10-27;Bronze
204552;Παναγιώτης;Παπανικολάου;M;52;Ηράκλειο;Κρήτη;2025-07-06;Silver
204553;Γιώργος;Καραγιάννης;M;65;Καβάλα;Ανατολική Μακεδονία & Θράκη;2024-02-02;Silver
204554;Δημήτρης;Γεωργίου;M;46;Πάτρα;Δυτική Ελλάδα;2024-04-07;Silver
204555;Δημήτρης;Ιωαννίδης;M;55;Τρίκαλα;Θεσσαλία;2025-05-27;Bronze
204556;Δημήτρης;Βλάχος;M;25;Βόλος;Θεσσαλία;2025-11-20;Bronze
204557;Σοφία;Παπαδόπουλος;F;25;Αθήνα;Αττική;2024-03-26;Bronze
204558;Νίκος;Πετρόπουλος;M;61;Ηράκλειο;Κρήτη;2024-08-01;Bronze
204559;Χρήστος;Σταματίου;M;29;Ιωάννινα;Ήπειρος;2024-02-25;Silver
204560;Νίκος;Μιχαηλίδης;M;65;Λάρισα;Θεσσαλία;2024-05-13;Gold
204561;Άννα;Βλάχος;F;25;Ιωάννινα;Ήπειρος;2024-04-06;Bronze
204562;Δημήτρης;Γεωργίου;M;18;Θεσσαλονίκη;Κεντρική Μακεδονία;2025-05-01;Bronze
204563;Ελένη;Πετρόπουλος;F;68;Ρόδος;Νότιο Αιγαίο;2024-10-29;Bronze
204564;Μαρία;Παπανικολάου;F;66;Θεσσαλονίκη;Κεντρική Μακεδονία;2025-09-10;Silver
204565;Μαρία;Λαμπρόπουλος;F;22;Ρόδος;Νότιο Αιγαίο;2025-12-27;Bronze
204566;Χριστίνα;Σπυρόπουλος;F;69;Ηράκλειο;Κρήτη;2025-10-14;Bronze
204567;Άννα;Ιωαννίδης;F;56;Βόλος;Θεσσαλία;2024-03-30;Silver
204568;Άννα;Ιωαννίδης;F;29;Λάρισα;Θεσσαλία;2024-04-22;Bronze
204569;Κώστας;Σταματίου;M;69;Χανιά;Κρήτη;2025-01-20;Silver
204570;Γιώργος;Μιχαηλίδης;M;44;Βόλος;Θεσσαλία;2025-03-09;Bronze
204571;Γεωργία;Σταματίου;F;30;Βόλος;Θεσσαλία;2025-04-01;Bronze
204572;Ελένη;Αναστασίου;F;55;Αθήνα;Αττική;2025-01-11;Silver
204573;Δήμητρα;Αλεξίου;F;27;Πάτρα;Δυτική Ελλάδα;2025-12-31;Silver
204574;Δήμητρα;Σταματίου;F;43;Θεσσαλονίκη;Κεντρική Μακεδονία;2024-11-19;Silver
204575;Χρήστος;Λαμπρόπουλος;M;33;Θεσσαλονίκη;Κεντρική Μακεδονία;2025-05-03;Platinum
204576;Ελένη;Δημητρίου;F;22;Λάρισα;Θεσσαλία;2024-06-15;Silver
204577;Κώστας;Αναστασίου;M;62;Χανιά;Κρήτη;2024-11-15;Platinum
204578;Χριστίνα;Σπυρόπουλος;F;31;Θεσσαλονίκη;Κεντρική Μακεδονία;2025-11-19;Platinum
204579;Ελένη;Καραγιάννης;F;71;Τρίκαλα;Θεσσαλία;2024-09-27;Bronze
204580;Χρήστος;Μιχαηλίδης;M;56;Βόλος;Θεσσαλία;2024-11-13;Gold
204581;Μαρία;Λαμπρόπουλος;F;40;Καβάλα;Ανατολική Μακεδονία & Θράκη;2024-01-06;Bronze
204582;Νίκος;Δημητρίου;M;49;Ιωάννινα;Ήπειρος;2024-04-01;Silver
204583;Ελένη;Αλεξίου;F;59;Αθήνα;Αττική;2024-04-26;Bronze
204584;Μιχάλης;Αλεξίου;M;52;Ηράκλειο;Κρήτη;2024-04-02;Silver
204585;Μιχάλης;Σταματίου;M;19;Ηράκλειο;Κρήτη;2024-11-21;Silver
204586;Δήμητρα;Καρράς;F;34;Αθήνα;Αττική;2024-02-01;Bronze
204587;Ανδρέας;Αναστασίου;M;72;Πάτρα;Δυτική Ελλάδα;2025-02-12;Silver
204588;Αγγελική;Νικολάου;F;72;Λάρισα;Θεσσαλία;2024-03-17;Bronze
204589;Άννα;Κωνσταντίνου;F;66;Τρίκαλα;Θεσσαλία;2024-06-25;Bronze
204590;Νίκος;Κωνσταντίνου;M;48;Βόλος;Θεσσαλία;2024-10-25;Silver
204591;Κατερίνα;Κωνσταντίνου;F;66;Χανιά;Κρήτη;2024-05-29;Bronze
204592;Χρήστος;Αναστασίου;M;26;Τρίκαλα;Θεσσαλία;2024-03-16;Gold
204593;Αγγελική;Κωνσταντίνου;F;43;Αθήνα;Αττική;2024-08-17;Silver
204594;Ελένη;Παπανικολάου;F;57;Πάτρα;Δυτική Ελλάδα;2024-08-31;Bronze
204595;Χριστίνα;Παπανικολάου;F;27;Θεσσαλονίκη;Κεντρική Μακεδονία;2025-05-22;Bronze
204596;Δήμητρα;Αλεξίου;F;66;Ηράκλειο;Κρήτη;2024-04-10;Platinum
204597;Γεωργία;Παπανικολάου;F;18;Ιωάννινα;Ήπειρος;2024-02-04;Gold
204598;Ελένη;Γεωργίου;F;62;Ηράκλειο;Κρήτη;2025-05-02;Platinum
204599;Δημήτρης;Αναστασίου;M;59;Ιωάννινα;Ήπειρος;2024-09-04;Silver
204600;Μιχάλης;Λαμπρόπουλος;M;56;Σέρρες;Κεντρική Μακεδονία;2024-02-16;Silver
204601;Γεωργία;Παπανικολάου;F;46;Τρίκαλα;Θεσσαλία;2025-01-19;Bronze
204602;Γιώργος;Κωνσταντίνου;M;24;Τρίκαλα;Θεσσαλία;2025-11-20;Bronze
204603;Σοφία;Καραγιάννης;F;37;Καβάλα;Ανατολική Μακεδονία & Θράκη;2024-09-03;Bronze
204604;Ανδρέας;Πετρόπουλος;M;48;Ηράκλειο;Κρήτη;2025-03-18;Gold
204605;Μαρία;Γεωργίου;F;60;Ιωάννινα;Ήπειρος;2025-05-29;Gold
204606;Ανδρέας;Βλάχος;M;22;Σέρρες;Κεντρική Μακεδονία;2025-12-20;Silver
204607;Μαρία;Κωνσταντίνου;F;18;Ρόδος;Νότιο Αιγαίο;2024-08-07;Silver
204608;Νίκος;Ζαχαρίου;M;38;Ρόδος;Νότιο Αιγαίο;2025-02-11;Silver
204609;Σοφία;Παπαδόπουλος;F;65;Ρόδος;Νότιο Αιγαίο;2025-01-02;Bronze
204610;Ανδρέας;Ιωαννίδης;M;20;Ρόδος;Νότιο Αιγαίο;2024-12-24;Silver
204611;Βασίλης;Δημητρίου;M;51;Λάρισα;Θεσσαλία;2025-04-02;Silver
204612;Χριστίνα;Ζαχαρίου;F;21;Ιωάννινα;Ήπειρος;2024-07-29;Silver
204613;Παναγιώτης;Δημητρίου;M;45;Σέρρες;Κεντρική Μακεδονία;2024-04-07;Bronze
204614;Σοφία;Οικονόμου;F;69;Τρίκαλα;Θεσσαλία;2025-10-13;Gold
204615;Κατερίνα;Καραγιάννης;F;50;Σέρρες;Κεντρική Μακεδονία;2025-09-18;Bronze
204616;Χρήστος;Ζαχαρίου;M;69;Ηράκλειο;Κρήτη;2024-04-01;Gold
204617;Νίκος;Σπυρόπουλος;M;55;Βόλος;Θεσσαλία;2025-09-09;Bronze
204618;Κώστας;Αλεξίου;M;33;Θεσσαλονίκη;Κεντρική Μακεδονία;2024-07-08;Bronze
204619;Ιωάννα;Νικολάου;F;40;Αθήνα;Αττική;2025-12-07;Silver
204620;Βασίλης;Ιωαννίδης;M;66;Ιωάννινα;Ήπειρος;2024-05-06;Bronze
204621;Ελένη;Κωνσταντίνου;F;23;Ηράκλειο;Κρήτη;2024-10-12;Gold
204622;Ιωάννα;Αλεξίου;F;27;Ηράκλειο;Κρήτη;2024-11-19;Silver
204623;Μιχάλης;Κωνσταντίνου;M;29;Θεσσαλονίκη;Κεντρική Μακεδονία;2025-11-23;Gold
204624;Γιώργος;Πετρόπουλος;M;34;Πάτρα;Δυτική Ελλάδα;2024-02-05;Bronze
204625;Μιχάλης;Κωνσταντίνου;M;25;Βόλος;Θεσσαλία;2025-10-27;Silver
204626;Θανάσης;Πετρόπουλος;M;36;Πάτρα;Δυτική Ελλάδα;2024-12-16;Bronze
204627;Γεωργία;Νικολάου;F;60;Βόλος;Θεσσαλία;2024-08-19;Platinum
204628;Θανάσης;Ιωαννίδης;M;40;Τρίκαλα;Θεσσαλία;2025-12-01;Silver
204629;Γεωργία;Πετρόπουλος;F;32;Ιωάννινα;Ήπειρος;2024-10-29;Silver
204630;Μιχάλης;Αλεξίου;M;47;Ρόδος;Νότιο Αιγαίο;2024-12-22;Silver
204631;Βασίλης;Γεωργίου;M;45;Σέρρες;Κεντρική Μακεδονία;2024-03-14;Bronze
204632;Νίκος;Βλάχος;M;38;Θεσσαλονίκη;Κεντρική Μακεδονία;2024-04-14;Silver
204633;Δημήτρης;Αλεξίου;M;21;Θεσσαλονίκη;Κεντρική Μακεδονία;2024-01-31;Silver
204634;Ανδρέας;Οικονόμου;M;29;Λάρισα;Θεσσαλία;2025-02-18;Platinum
204635;Αγγελική;Αναστασίου;F;63;Τρίκαλα;Θεσσαλία;2024-04-16;Bronze
204636;Κώστας;Σταματίου;M;32;Πάτρα;Δυτική Ελλάδα;2024-02-04;Silver
204637;Βασίλης;Παπανικολάου;M;63;Καβάλα;Ανατολική Μακεδονία & Θράκη;2024-03-01;Platinum
204638;Άννα;Χατζής;F;71;Θεσσαλονίκη;Κεντρική Μακεδονία;2024-09-11;Silver
204639;Αγγελική;Σπυρόπουλος;F;51;Ηράκλειο;Κρήτη;2025-05-06;Silver
204640;Δημήτρης;Γεωργίου;M;45;Τρίκαλα;Θεσσαλία;2025-07-21;Bronze
204641;Μαρία;Ζαχαρίου;F;18;Ρόδος;Νότιο Αιγαίο;2025-09-02;Bronze
204642;Ανδρέας;Γεωργίου;M;57;Ηράκλειο;Κρήτη;2024-03-17;Gold
204643;Σοφία;Πετρόπουλος;F;52;Χανιά;Κρήτη;2024-09-09;Silver
204644;Μιχάλης;Κωνσταντίνου;M;59;Καβάλα;Ανατολική Μακεδονία & Θράκη;2024-08-24;Silver
204645;Δημήτρης;Αλεξίου;M;46;Αθήνα;Αττική;2025-11-18;Bronze
204646;Χριστίνα;Σταματίου;F;37;Βόλος;Θεσσαλία;2024-11-16;Bronze
204647;Ιωάννα;Παπαδόπουλος;F;18;Βόλος;Θεσσαλία;2024-08-26;Gold
204648;Αγγελική;Ζαχαρίου;F;26;Ηράκλειο;Κρήτη;2024-09-27;Silver
204649;Νίκος;Ζαχαρίου;M;19;Σέρρες;Κεντρική Μακεδονία;2025-07-22;Gold
204650;Βασίλης;Παπανικολάου;M;21;Πάτρα;Δυτική Ελλάδα;2025-07-01;Bronze
204651;Γεωργία;Λαμπρόπουλος;F;66;Πάτρα;Δυτική Ελλάδα;2024-12-14;Silver
204652;Άννα;Σπυρόπουλος;F;22;Βόλος;Θεσσαλία;2025-03-12;Gold
204653;Ανδρέας;Βλάχος;M;31;Τρίκαλα;Θεσσαλία;2024-02-04;Bronze
204654;Χρήστος;Καρράς;M;44;Σέρρες;Κεντρική Μακεδονία;2025-05-20;Bronze
204655;Άννα;Βλάχος;F;23;Θεσσαλονίκη;Κεντρική Μακεδονία;2025-08-09;Gold
204656;Χρήστος;Δημητρίου;M;24;Ρόδος;Νότιο Αιγαίο;2024-12-06;Bronze
204657;Γιώργος;Πετρόπουλος;M;33;Καβάλα;Ανατολική Μακεδονία & Θράκη;2024-07-29;Silver
204658;Παναγιώτης;Οικονόμου;M;32;Καβάλα;Ανατολική Μακεδονία & Θράκη;2025-05-19;Silver
204659;Μαρία;Αλεξίου;F;49;Ρόδος;Νότιο Αιγαίο;2025-10-08;Silver
204660;Χρήστος;Γεωργίου;M;69;Χανιά;Κρήτη;2025-08-17;Bronze
204661;Γιώργος;Αναστασίου;M;41;Χανιά;Κρήτη;2024-05-12;Bronze
204662;Νίκος;Μιχαηλίδης;M;29;Λάρισα;Θεσσαλία;2025-04-04;Platinum
204663;Κατερίνα;Αναστασίου;F;45;Χανιά;Κρήτη;2024-10-03;Platinum
204664;Κώστας;Ιωαννίδης;M;68;Βόλος;Θεσσαλία;2024-03-03;Gold
204665;Κατερίνα;Χατζής;F;60;Ρόδος;Νότιο Αιγαίο;2024-01-25;Bronze
204666;Χρήστος;Σπυρόπουλος;M;57;Σέρρες;Κεντρική Μακεδονία;2024-05-02;Bronze
204667;Κατερίνα;Οικονόμου;F;57;Βόλος;Θεσσαλία;2025-05-03;Silver
204668;Δημήτρης;Παπανικολάου;M;62;Τρίκαλα;Θεσσαλία;2024-11-24;Bronze
204669;Θανάσης;Πετρόπουλος;M;66;Ιωάννινα;Ήπειρος;2025-07-06;Gold
204670;Σοφία;Παπανικολάου;F;45;Βόλος;Θεσσαλία;2025-12-21;Bronze
204671;Μιχάλης;Κωνσταντίνου;M;36;Πάτρα;Δυτική Ελλάδα;2024-02-04;Platinum
204672;Μαρία;Ιωαννίδης;F;23;Βόλος;Θεσσαλία;2025-12-08;Silver
204673;Ιωάννα;Κωνσταντίνου;F;18;Ρόδος;Νότιο Αιγαίο;2024-06-27;Bronze
204674;Ιωάννα;Παπανικολάου;F;56;Τρίκαλα;Θεσσαλία;2025-09-03;Silver
204675;Γιώργος;Δημητρίου;M;32;Λάρισα;Θεσσαλία;2025-10-04;Bronze
204676;Ανδρέας;Λαμπρόπουλος;M;21;Ιωάννινα;Ήπειρος;2025-10-07;Silver
204677;Παναγιώτης;Κωνσταντίνου;M;45;Βόλος;Θεσσαλία;2024-11-12;Silver
204678;Γιώργος;Παπαδόπουλος;M;20;Λάρισα;Θεσσαλία;2024-02-08;Bronze
204679;Σοφία;Ιωαννίδης;F;34;Ρόδος;Νότιο Αιγαίο;2025-04-18;Bronze
204680;Παναγιώτης;Λαμπρόπουλος;M;69;Καβάλα;Ανατολική Μακεδονία & Θράκη;2024-12-25;Bronze
204681;Μαρία;Αναστασίου;F;53;Ρόδος;Νότιο Αιγαίο;2025-09-11;Bronze
204682;Χριστίνα;Καρράς;F;26;Βόλος;Θεσσαλία;2025-03-30;Bronze
204683;Δημήτρης;Ζαχαρίου;M;20;Τρίκαλα;Θεσσαλία;2025-04-26;Silver
204684;Νίκος;Ζαχαρίου;M;25;Πάτρα;Δυτική Ελλάδα;2025-11-14;Gold
204685;Δήμητρα;Σταματίου;F;61;Σέρρες;Κεντρική Μακεδονία;2025-01-16;Bronze
204686;Ανδρέας;Χατζής;M;39;Ρόδος;Νότιο Αιγαίο;2024-01-24;Bronze
204687;Ανδρέας;Παπαδόπουλος;M;46;Θεσσαλονίκη;Κεντρική Μακεδονία;2025-05-24;Bronze
204688;Σοφία;Καραγιάννης;F;69;Καβάλα;Ανατολική Μακεδονία & Θράκη;2025-11-08;Bronze
204689;Νίκος;Οικονόμου;M;62;Ηράκλειο;Κρήτη;2024-06-09;Silver
204690;Θανάσης;Σπυρόπουλος;M;43;Καβάλα;Ανατολική Μακεδονία & Θράκη;2024-02-29;Bronze
204691;Χριστίνα;Γεωργίου;F;44;Χανιά;Κρήτη;2024-09-17;Gold
204692;Χριστίνα;Χατζής;F;44;Λάρισα;Θεσσαλία;2025-01-09;Gold
204693;Παναγιώτης;Αναστασίου;M;23;Σέρρες;Κεντρική Μακεδονία;2025-07-09;Bronze
204694;Νίκος;Βλάχος;M;46;Σέρρες;Κεντρική Μακεδονία;2024-05-10;Bronze
204695;Ιωάννα;Πετρόπουλος;F;70;Τρίκαλα;Θεσσαλία;2024-06-09;Gold
204696;Δήμητρα;Χατζής;F;23;Τρίκαλα;Θεσσαλία;2024-09-29;Gold
204697;Αγγελική;Χατζής;F;37;Αθήνα;Αττική;2024-01-06;Silver
204698;Χριστίνα;Παπανικολάου;F;72;Χανιά;Κρήτη;2024-09-18;Gold
204699;Θανάσης;Νικολάου;M;59;Τρίκαλα;Θεσσαλία;2024-10-23;Silver
204700;Αγγελική;Παπαδόπουλος;F;59;Καβάλα;Ανατολική Μακεδονία & Θράκη;2024-09-06;Silver
204701;Χριστίνα;Κωνσταντίνου;F;72;Ρόδος;Νότιο Αιγαίο;2025-04-26;Gold
204702;Αγγελική;Οικονόμου;F;38;Ηράκλειο;Κρήτη;2024-10-07;Gold
204703;Ελένη;Χατζής;F;24;Χανιά;Κρήτη;2025-04-10;Bronze
204704;Βασίλης;Χατζής;M;46;Λάρισα;Θεσσαλία;2025-03-28;Bronze
204705;Χριστίνα;Καρράς;F;62;Ιωάννινα;Ήπειρος;2024-02-28;Silver
204706;Θανάσης;Γεωργίου;M;56;Ηράκλειο;Κρήτη;2025-01-08;Bronze
204707;Κατερίνα;Παπανικολάου;F;54;Σέρρες;Κεντρική Μακεδονία;2025-10-26;Silver
204708;Μιχάλης;Καρράς;M;55;Καβάλα;Ανατολική Μακεδονία & Θράκη;2024-01-16;Silver
204709;Χριστίνα;Σπυρόπουλος;F;38;Ρόδος;Νότιο Αιγαίο;2024-04-29;Bronze
204710;Χριστίνα;Αλεξίου;F;68;Τρίκαλα;Θεσσαλία;2025-08-28;Silver
204711;Ιωάννα;Οικονόμου;F;60;Λάρισα;Θεσσαλία;2024-10-11;Gold
204712;Ιωάννα;Γεωργίου;F;35;Αθήνα;Αττική;2024-12-29;Gold
204713;Μαρία;Νικολάου;F;41;Τρίκαλα;Θεσσαλία;2024-01-19;Silver
204714;Δήμητρα;Αναστασίου;F;34;Ρόδος;Νότιο Αιγαίο;2024-10-15;Bronze
204715;Ιωάννα;Παπανικολάου;F;26;Βόλος;Θεσσαλία;2025-02-02;Platinum
204716;Μιχάλης;Κωνσταντίνου;M;35;Τρίκαλα;Θεσσαλία;2025-07-16;Bronze
204717;Δήμητρα;Καραγιάννης;F;42;Σέρρες;Κεντρική Μακεδονία;2025-02-23;Bronze
204718;Σοφία;Σταματίου;F;18;Τρίκαλα;Θεσσαλία;2024-12-07;Bronze
204719;Άννα;Παπαδόπουλος;F;61;Καβάλα;Ανατολική Μακεδονία & Θράκη;2024-06-13;Silver
204720;Κατερίνα;Ζαχαρίου;F;58;Τρίκαλα;Θεσσαλία;2025-12-13;Gold
204721;Χριστίνα;Χατζής;F;38;Σέρρες;Κεντρική Μακεδονία;2025-06-03;Gold
204722;Μαρία;Λαμπρόπουλος;F;55;Λάρισα;Θεσσαλία;2024-06-10;Silver
204723;Χριστίνα;Παπαδόπουλος;F;33;Ιωάννινα;Ήπειρος;2025-03-09;Gold
204724;Κώστας;Σπυρόπουλος;M;45;Σέρρες;Κεντρική Μακεδονία;2024-11-09;Bronze
204725;Θανάσης;Αναστασίου;M;30;Τρίκαλα;Θεσσαλία;2025-01-04;Bronze
204726;Γεωργία;Μιχαηλίδης;F;69;Θεσσαλονίκη;Κεντρική Μακεδονία;2025-03-18;Bronze
204727;Ιωάννα;Σπυρόπουλος;F;61;Χανιά;Κρήτη;2024-09-19;Bronze
204728;Ελένη;Καρράς;F;36;Ρόδος;Νότιο Αιγαίο;2024-03-07;Silver
204729;Άννα;Καρράς;F;55;Βόλος;Θεσσαλία;2024-01-23;Gold
204730;Κατερίνα;Παπανικολάου;F;56;Πάτρα;Δυτική Ελλάδα;2024-12-18;Bronze
204731;Γεωργία;Δημητρίου;F;40;Ιωάννινα;Ήπειρος;2025-09-19;Silver
204732;Μιχάλης;Πετρόπουλος;M;50;Πάτρα;Δυτική Ελλάδα;2024-08-01;Bronze
204733;Γιώργος;Ζαχαρίου;M;22;Ηράκλειο;Κρήτη;2024-08-08;Gold
204734;Γεωργία;Παπαδόπουλος;F;27;Ηράκλειο;Κρήτη;2025-05-06;Bronze
204735;Χρήστος;Χατζής;M;63;Πάτρα;Δυτική Ελλάδα;2024-10-12;Silver
204736;Βασίλης;Παπαδόπουλος;M;23;Τρίκαλα;Θεσσαλία;2025-01-23;Silver
204737;Γεωργία;Πετρόπουλος;F;25;Θεσσαλονίκη;Κεντρική Μακεδονία;2025-10-22;Silver
204738;Χριστίνα;Κωνσταντίνου;F;20;Ηράκλειο;Κρήτη;2024-03-10;Platinum
204739;Βασίλης;Σπυρόπουλος;M;56;Θεσσαλονίκη;Κεντρική Μακεδονία;2024-09-26;Bronze
204740;Γεωργία;Ιωαννίδης;F;24;Θεσσαλονίκη;Κεντρική Μακεδονία;2025-10-31;Bronze
204741;Δημήτρης;Χατζής;M;70;Τρίκαλα;Θεσσαλία;2024-03-01;Platinum
204742;Χριστίνα;Καρράς;F;59;Ρόδος;Νότιο Αιγαίο;2024-09-16;Bronze
204743;Άννα;Λαμπρόπουλος;F;61;Ηράκλειο;Κρήτη;2025-05-08;Bronze
204744;Κατερίνα;Ζαχαρίου;F;50;Λάρισα;Θεσσαλία;2025-01-29;Bronze
204745;Άννα;Αναστασίου;F;58;Χανιά;Κρήτη;2025-10-07;Gold
204746;Δημήτρης;Παπαδόπουλος;M;70;Τρίκαλα;Θεσσαλία;2024-07-02;Gold
204747;Κατερίνα;Δημητρίου;F;47;Ρόδος;Νότιο Αιγαίο;2024-07-28;Gold
204748;Κατερίνα;Ιωαννίδης;F;20;Βόλος;Θεσσαλία;2024-12-26;Bronze
204749;Ιωάννα;Πετρόπουλος;F;56;Πάτρα;Δυτική Ελλάδα;2024-10-11;Gold
204750;Αγγελική;Βλάχος;F;62;Καβάλα;Ανατολική Μακεδονία & Θράκη;2024-05-27;Bronze
204751;Ιωάννα;Χατζής;F;33;Τρίκαλα;Θεσσαλία;2025-06-06;Gold
204752;Γεωργία;Δημητρίου;F;69;Πάτρα;Δυτική Ελλάδα;2025-06-23;Platinum
204753;Κατερίνα;Ζαχαρίου;F;49;Καβάλα;Ανατολική Μακεδονία & Θράκη;2024-09-20;Silver
204754;Γεωργία;Δημητρίου;F;21;Λάρισα;Θεσσαλία;2024-01-19;Bronze
204755;Θανάσης;Μιχαηλίδης;M;57;Ιωάννινα;Ήπειρος;2024-11-17;Bronze
204756;Ελένη;Παπανικολάου;F;49;Ηράκλειο;Κρήτη;2024-03-17;Silver
204757;Κώστας;Παπαδόπουλος;M;36;Αθήνα;Αττική;2024-09-27;Bronze
204758;Μιχάλης;Γεωργίου;M;54;Θεσσαλονίκη;Κεντρική Μακεδονία;2024-05-17;Silver
204759;Άννα;Βλάχος;F;47;Αθήνα;Αττική;2024-07-03;Bronze
204760;Αγγελική;Γεωργίου;F;36;Ρόδος;Νότιο Αιγαίο;2025-02-09;Bronze
204761;Δήμητρα;Παπαδόπουλος;F;23;Ρόδος;Νότιο Αιγαίο;2024-08-02;Bronze
204762;Νίκος;Παπαδόπουλος;M;25;Τρίκαλα;Θεσσαλία;2024-11-27;Silver
204763;Χριστίνα;Σπυρόπουλος;F;71;Ηράκλειο;Κρήτη;2024-04-03;Gold
204764;Μαρία;Οικονόμου;F;64;Τρίκαλα;Θεσσαλία;2024-03-08;Platinum
204765;Σοφία;Χατζής;F;30;Θεσσαλονίκη;Κεντρική Μακεδονία;2025-04-06;Bronze
204766;Μιχάλης;Βλάχος;M;18;Πάτρα;Δυτική Ελλάδα;2024-04-16;Silver
204767;Άννα;Σπυρόπουλος;F;31;Ηράκλειο;Κρήτη;2025-09-01;Silver
204768;Νίκος;Παπαδόπουλος;M;24;Σέρρες;Κεντρική Μακεδονία;2024-10-23;Silver
204769;Κατερίνα;Δημητρίου;F;70;Χανιά;Κρήτη;2025-09-23;Gold
204770;Παναγιώτης;Παπαδόπουλος;M;18;Ιωάννινα;Ήπειρος;2024-03-20;Bronze
204771;Δήμητρα;Κωνσταντίνου;F;72;Τρίκαλα;Θεσσαλία;2025-08-30;Bronze
204772;Μαρία;Σταματίου;F;59;Βόλος;Θεσσαλία;2024-03-28;Platinum
204773;Άννα;Παπανικολάου;F;52;Τρίκαλα;Θεσσαλία;2024-02-12;Gold
204774;Ελένη;Δημητρίου;F;71;Χανιά;Κρήτη;2025-12-29;Gold
204775;Παναγιώτης;Παπανικολάου;M;21;Θεσσαλονίκη;Κεντρική Μακεδονία;2024-11-19;Silver
204776;Νίκος;Χατζής;M;38;Ρόδος;Νότιο Αιγαίο;2025-10-04;Bronze
204777;Μιχάλης;Μιχαηλίδης;M;56;Ηράκλειο;Κρήτη;2025-12-20;Gold
204778;Ιωάννα;Πετρόπουλος;F;45;Ιωάννινα;Ήπειρος;2024-02-20;Gold
204779;Αγγελική;Παπανικολάου;F;42;Πάτρα;Δυτική Ελλάδα;2024-11-20;Silver
204780;Παναγιώτης;Σταματίου;M;29;Λάρισα;Θεσσαλία;2025-02-14;Gold
204781;Χρήστος;Χατζής;M;34;Σέρρες;Κεντρική Μακεδονία;2025-12-09;Silver
204782;Μιχάλης;Παπανικολάου;M;72;Λάρισα;Θεσσαλία;2024-04-18;Silver
204783;Μιχάλης;Καραγιάννης;M;24;Θεσσαλονίκη;Κεντρική Μακεδονία;2024-11-03;Silver
204784;Χρήστος;Οικονόμου;M;41;Χανιά;Κρήτη;2024-01-22;Platinum
204785;Δήμητρα;Ιωαννίδης;F;49;Αθήνα;Αττική;2025-07-24;Bronze
204786;Αγγελική;Μιχαηλίδης;F;72;Βόλος;Θεσσαλία;2024-02-17;Bronze
204787;Ελένη;Αναστασίου;F;35;Τρίκαλα;Θεσσαλία;2024-05-20;Silver
204788;Κατερίνα;Μιχαηλίδης;F;49;Σέρρες;Κεντρική Μακεδονία;2024-01-20;Silver
204789;Ανδρέας;Οικονόμου;M;22;Βόλος;Θεσσαλία;2024-05-06;Bronze
204790;Κατερίνα;Καρράς;F;50;Λάρισα;Θεσσαλία;2025-09-24;Platinum
204791;Μαρία;Αναστασίου;F;27;Λάρισα;Θεσσαλία;2024-03-05;Bronze
204792;Παναγιώτης;Νικολάου;M;18;Καβάλα;Ανατολική Μακεδονία & Θράκη;2025-01-26;Silver
204793;Μιχάλης;Παπαδόπουλος;M;20;Ιωάννινα;Ήπειρος;2025-07-01;Bronze
204794;Άννα;Καρράς;F;41;Ρόδος;Νότιο Αιγαίο;2025-04-28;Bronze
204795;Θανάσης;Σπυρόπουλος;M;43;Ιωάννινα;Ήπειρος;2024-04-17;Silver
204796;Σοφία;Γεωργίου;F;47;Θεσσαλονίκη;Κεντρική Μακεδονία;2024-11-26;Bronze
204797;Χριστίνα;Παπαδόπουλος;F;23;Τρίκαλα;Θεσσαλία;2025-04-13;Bronze
204798;Βασίλης;Παπαδόπουλος;M;18;Καβάλα;Ανατολική Μακεδονία & Θράκη;2025-04-29;Silver
204799;Βασίλης;Αναστασίου;M;41;Βόλος;Θεσσαλία;2025-04-12;Bronze
204800;Ιωάννα;Καραγιάννης;F;69;Αθήνα;Αττική;2025-03-19;Bronze
204801;Νίκος;Πετρόπουλος;M;64;Πάτρα;Δυτική Ελλάδα;2024-06-30;Silver
204802;Παναγιώτης;Χατζής;M;25;Λάρισα;Θεσσαλία;2024-07-29;Bronze
204803;Νίκος;Ιωαννίδης;M;28;Καβάλα;Ανατολική Μακεδονία & Θράκη;2024-06-29;Silver
204804;Αγγελική;Βλάχος;F;30;Ιωάννινα;Ήπειρος;2025-04-19;Gold
204805;Μαρία;Ζαχαρίου;F;61;Ρόδος;Νότιο Αιγαίο;2024-04-14;Bronze
204806;Ανδρέας;Χατζής;M;55;Λάρισα;Θεσσαλία;2024-10-20;Silver
204807;Γεωργία;Λαμπρόπουλος;F;52;Αθήνα;Αττική;2024-04-02;Bronze
204808;Ανδρέας;Μιχαηλίδης;M;69;Πάτρα;Δυτική Ελλάδα;2024-03-03;Silver
204809;Ελένη;Παπαδόπουλος;F;53;Χανιά;Κρήτη;2024-02-09;Bronze
204810;Μαρία;Δημητρίου;F;72;Ιωάννινα;Ήπειρος;2025-10-26;Bronze
204811;Χρήστος;Βλάχος;M;47;Αθήνα;Αττική;2024-08-19;Gold
204812;Γεωργία;Ιωαννίδης;F;57;Θεσσαλονίκη;Κεντρική Μακεδονία;2024-11-21;Bronze
204813;Χριστίνα;Δημητρίου;F;45;Τρίκαλα;Θεσσαλία;2025-02-27;Bronze
204814;Δήμητρα;Λαμπρόπουλος;F;43;Τρίκαλα;Θεσσαλία;2024-07-16;Bronze
204815;Κώστας;Ιωαννίδης;M;33;Ιωάννινα;Ήπειρος;2025-06-09;Silver
204816;Γιώργος;Πετρόπουλος;M;27;Πάτρα;Δυτική Ελλάδα;2024-11-30;Gold
204817;Μαρία;Λαμπρόπουλος;F;19;Ιωάννινα;Ήπειρος;2025-09-21;Bronze
204818;Αγγελική;Σπυρόπουλος;F;70;Ηράκλειο;Κρήτη;2025-10-27;Gold
204819;Ελένη;Λαμπρόπουλος;F;30;Σέρρες;Κεντρική Μακεδονία;2024-10-21;Gold
204820;Γιώργος;Παπαδόπουλος;M;45;Ιωάννινα;Ήπειρος;2024-11-26;Silver
204821;Άννα;Χατζής;F;32;Αθήνα;Αττική;2024-01-06;Bronze
204822;Δημήτρης;Παπανικολάου;M;71;Σέρρες;Κεντρική Μακεδονία;2025-02-28;Bronze
204823;Μαρία;Μιχαηλίδης;F;35;Ρόδος;Νότιο Αιγαίο;2025-11-30;Bronze
204824;Γεωργία;Παπαδόπουλος;F;36;Λάρισα;Θεσσαλία;2025-04-23;Gold
204825;Ανδρέας;Λαμπρόπουλος;M;70;Ηράκλειο;Κρήτη;2024-02-29;Bronze
204826;Κώστας;Καραγιάννης;M;59;Χανιά;Κρήτη;2025-08-13;Bronze
204827;Χριστίνα;Κωνσταντίνου;F;41;Θεσσαλονίκη;Κεντρική Μακεδονία;2024-07-11;Bronze
204828;Ανδρέας;Οικονόμου;M;72;Θεσσαλονίκη;Κεντρική Μακεδονία;2025-09-30;Silver
204829;Ιωάννα;Παπανικολάου;F;37;Καβάλα;Ανατολική Μακεδονία & Θράκη;2024-08-02;Gold
204830;Βασίλης;Αναστασίου;M;29;Καβάλα;Ανατολική Μακεδονία & Θράκη;2024-11-10;Bronze
204831;Βασίλης;Σταματίου;M;50;Βόλος;Θεσσαλία;2024-01-03;Bronze
204832;Δήμητρα;Βλάχος;F;29;Αθήνα;Αττική;2025-01-14;Silver
204833;Ελένη;Παπανικολάου;F;71;Βόλος;Θεσσαλία;2024-02-27;Bronze
204834;Κατερίνα;Κωνσταντίνου;F;47;Θεσσαλονίκη;Κεντρική Μακεδονία;2024-04-04;Gold
204835;Δήμητρα;Παπαδόπουλος;F;64;Βόλος;Θεσσαλία;2024-05-05;Bronze
204836;Βασίλης;Κωνσταντίνου;M;23;Χανιά;Κρήτη;2024-01-26;Bronze
204837;Παναγιώτης;Γεωργίου;M;26;Αθήνα;Αττική;2025-12-31;Platinum
204838;Μιχάλης;Κωνσταντίνου;M;58;Αθήνα;Αττική;2024-10-08;Silver
204839;Ελένη;Παπανικολάου;F;45;Ρόδος;Νότιο Αιγαίο;2025-09-10;Gold
204840;Δημήτρης;Νικολάου;M;48;Ιωάννινα;Ήπειρος;2025-12-17;Silver
204841;Αγγελική;Χατζής;F;55;Λάρισα;Θεσσαλία;2025-04-03;Bronze
204842;Γεωργία;Αλεξίου;F;20;Ρόδος;Νότιο Αιγαίο;2024-06-03;Silver
204843;Δημήτρης;Πετρόπουλος;M;21;Ιωάννινα;Ήπειρος;2024-02-22;Bronze
204844;Χρήστος;Οικονόμου;M;46;Θεσσαλονίκη;Κεντρική Μακεδονία;2024-06-01;Bronze
204845;Δημήτρης;Καραγιάννης;M;31;Ρόδος;Νότιο Αιγαίο;2024-10-31;Silver
204846;Ανδρέας;Λαμπρόπουλος;M;70;Θεσσαλονίκη;Κεντρική Μακεδονία;2025-08-04;Bronze
204847;Χριστίνα;Χατζής;F;36;Ηράκλειο;Κρήτη;2025-03-17;Bronze
204848;Δήμητρα;Αλεξίου;F;23;Σέρρες;Κεντρική Μακεδονία;2024-11-09;Gold
204849;Γεωργία;Κωνσταντίνου;F;41;Ιωάννινα;Ήπειρος;2025-07-19;Gold
204850;Μαρία;Λαμπρόπουλος;F;55;Βόλος;Θεσσαλία;2024-04-21;Gold
204851;Άννα;Γεωργίου;F;52;Καβάλα;Ανατολική Μακεδονία & Θράκη;2025-09-24;Silver
204852;Χριστίνα;Βλάχος;F;33;Σέρρες;Κεντρική Μακεδονία;2024-02-17;Bronze
204853;Παναγιώτης;Νικολάου;M;69;Ηράκλειο;Κρήτη;2024-09-03;Gold
204854;Νίκος;Χατζής;M;42;Αθήνα;Αττική;2024-05-28;Bronze
204855;Μιχάλης;Παπαδόπουλος;M;34;Αθήνα;Αττική;2024-01-25;Gold
204856;Βασίλης;Καρράς;M;42;Ιωάννινα;Ήπειρος;2025-06-11;Bronze
204857;Μιχάλης;Νικολάου;M;42;Αθήνα;Αττική;2024-06-13;Silver
204858;Αγγελική;Πετρόπουλος;F;44;Ιωάννινα;Ήπειρος;2024-07-26;Bronze
204859;Ανδρέας;Αλεξίου;M;49;Ηράκλειο;Κρήτη;2025-06-26;Bronze
204860;Δημήτρης;Αλεξίου;M;72;Αθήνα;Αττική;2025-07-31;Silver
204861;Θανάσης;Χατζής;M;52;Πάτρα;Δυτική Ελλάδα;2024-10-28;Silver
204862;Μιχάλης;Ιωαννίδης;M;24;Χανιά;Κρήτη;2025-12-10;Gold
204863;Νίκος;Παπαδόπουλος;M;54;Χανιά;Κρήτη;2025-11-07;Silver
204864;Άννα;Μιχαηλίδης;F;47;Χανιά;Κρήτη;2025-12-03;Bronze
204865;Χρήστος;Λαμπρόπουλος;M;54;Ιωάννινα;Ήπειρος;2024-01-12;Bronze
204866;Αγγελική;Ζαχαρίου;F;22;Πάτρα;Δυτική Ελλάδα;2025-05-13;Silver
204867;Κατερίνα;Ιωαννίδης;F;28;Χανιά;Κρήτη;2025-11-19;Bronze
204868;Αγγελική;Παπαδόπουλος;F;45;Χανιά;Κρήτη;2024-03-17;Silver
204869;Κώστας;Αναστασίου;M;24;Σέρρες;Κεντρική Μακεδονία;2025-09-17;Silver
204870;Γεωργία;Σπυρόπουλος;F;18;Ηράκλειο;Κρήτη;2024-05-06;Bronze
204871;Βασίλης;Αλεξίου;M;34;Χανιά;Κρήτη;2024-01-05;Silver
204872;Σοφία;Κωνσταντίνου;F;51;Καβάλα;Ανατολική Μακεδονία & Θράκη;2025-07-18;Silver
204873;Αγγελική;Βλάχος;F;30;Λάρισα;Θεσσαλία;2025-03-02;Gold
204874;Αγγελική;Μιχαηλίδης;F;62;Καβάλα;Ανατολική Μακεδονία & Θράκη;2025-10-11;Bronze
204875;Κώστας;Γεωργίου;M;31;Θεσσαλονίκη;Κεντρική Μακεδονία;2025-11-17;Platinum
204876;Χρήστος;Καρράς;M;65;Τρίκαλα;Θεσσαλία;2025-02-28;Bronze
204877;Γεωργία;Χατζής;F;48;Σέρρες;Κεντρική Μακεδονία;2025-12-01;Bronze
204878;Βασίλης;Καραγιάννης;M;64;Χανιά;Κρήτη;2024-01-09;Gold
204879;Μιχάλης;Ζαχαρίου;M;29;Σέρρες;Κεντρική Μακεδονία;2024-12-08;Silver
204880;Μιχάλης;Γεωργίου;M;26;Ιωάννινα;Ήπειρος;2025-06-22;Silver
204881;Παναγιώτης;Δημητρίου;M;39;Βόλος;Θεσσαλία;2025-05-13;Silver
204882;Δημήτρης;Σπυρόπουλος;M;30;Τρίκαλα;Θεσσαλία;2024-03-20;Bronze
204883;Νίκος;Καραγιάννης;M;60;Βόλος;Θεσσαλία;2025-02-01;Platinum
204884;Ιωάννα;Πετρόπουλος;F;56;Λάρισα;Θεσσαλία;2024-09-15;Bronze
204885;Μιχάλης;Λαμπρόπουλος;M;28;Καβάλα;Ανατολική Μακεδονία & Θράκη;2024-08-19;Silver
204886;Ανδρέας;Πετρόπουλος;M;48;Ιωάννινα;Ήπειρος;2025-03-21;Bronze
204887;Μαρία;Σπυρόπουλος;F;51;Λάρισα;Θεσσαλία;2025-02-14;Bronze
204888;Νίκος;Παπανικολάου;M;46;Καβάλα;Ανατολική Μακεδονία & Θράκη;2024-10-28;Bronze
204889;Κατερίνα;Γεωργίου;F;56;Ρόδος;Νότιο Αιγαίο;2025-12-15;Silver
204890;Χριστίνα;Παπανικολάου;F;58;Πάτρα;Δυτική Ελλάδα;2024-11-19;Gold
204891;Κατερίνα;Κωνσταντίνου;F;39;Χανιά;Κρήτη;2025-03-08;Bronze
204892;Θανάσης;Σταματίου;M;54;Ρόδος;Νότιο Αιγαίο;2024-02-26;Platinum
204893;Κώστας;Καρράς;M;48;Ρόδος;Νότιο Αιγαίο;2024-10-04;Bronze
204894;Νίκος;Παπανικολάου;M;67;Λάρισα;Θεσσαλία;2024-04-16;Bronze
204895;Μιχάλης;Βλάχος;M;53;Ιωάννινα;Ήπειρος;2025-11-18;Silver
204896;Δημήτρης;Πετρόπουλος;M;26;Ηράκλειο;Κρήτη;2025-07-03;Silver
204897;Κατερίνα;Νικολάου;F;40;Σέρρες;Κεντρική Μακεδονία;2024-09-15;Bronze
204898;Κατερίνα;Χατζής;F;44;Ιωάννινα;Ήπειρος;2024-03-29;Bronze
204899;Χριστίνα;Ιωαννίδης;F;49;Λάρισα;Θεσσαλία;2025-10-18;Silver
204900;Άννα;Καραγιάννης;F;59;Θεσσαλονίκη;Κεντρική Μακεδονία;2025-12-23;Bronze
204901;Χρήστος;Νικολάου;M;48;Ηράκλειο;Κρήτη;2025-10-03;Bronze
204902;Μαρία;Οικονόμου;F;64;Θεσσαλονίκη;Κεντρική Μακεδονία;2024-06-01;Gold
204903;Σοφία;Μιχαηλίδης;F;58;Αθήνα;Αττική;2025-08-22;Gold
204904;Παναγιώτης;Πετρόπουλος;M;68;Αθήνα;Αττική;2025-08-03;Gold
204905;Γιώργος;Οικονόμου;M;56;Θεσσαλονίκη;Κεντρική Μακεδονία;2025-03-16;Bronze
204906;Σοφία;Παπανικολάου;F;37;Τρίκαλα;Θεσσαλία;2024-09-11;Bronze
204907;Μιχάλης;Ζαχαρίου;M;35;Ιωάννινα;Ήπειρος;2024-05-13;Silver
204908;Σοφία;Σταματίου;F;69;Αθήνα;Αττική;2025-10-24;Bronze
204909;Ανδρέας;Λαμπρόπουλος;M;54;Χανιά;Κρήτη;2025-04-13;Silver
204910;Γιώργος;Καραγιάννης;M;67;Ηράκλειο;Κρήτη;2024-06-10;Bronze
204911;Δήμητρα;Μιχαηλίδης;F;54;Θεσσαλονίκη;Κεντρική Μακεδονία;2024-02-16;Silver
204912;Βασίλης;Μιχαηλίδης;M;66;Θεσσαλονίκη;Κεντρική Μακεδονία;2024-04-30;Gold
204913;Δημήτρης;Κωνσταντίνου;M;18;Σέρρες;Κεντρική Μακεδονία;2024-05-30;Bronze
204914;Χρήστος;Κωνσταντίνου;M;29;Πάτρα;Δυτική Ελλάδα;2025-04-14;Platinum
204915;Άννα;Αναστασίου;F;71;Ρόδος;Νότιο Αιγαίο;2025-10-23;Bronze
204916;Δήμητρα;Νικολάου;F;45;Σέρρες;Κεντρική Μακεδονία;2025-12-03;Gold
204917;Ανδρέας;Αλεξίου;M;36;Καβάλα;Ανατολική Μακεδονία & Θράκη;2025-05-17;Silver
204918;Ελένη;Δημητρίου;F;44;Αθήνα;Αττική;2024-06-09;Silver
204919;Άννα;Λαμπρόπουλος;F;52;Τρίκαλα;Θεσσαλία;2025-05-25;Bronze
204920;Δήμητρα;Χατζής;F;65;Πάτρα;Δυτική Ελλάδα;2024-03-01;Bronze
204921;Ανδρέας;Παπανικολάου;M;28;Χανιά;Κρήτη;2024-06-17;Gold
204922;Νίκος;Μιχαηλίδης;M;35;Τρίκαλα;Θεσσαλία;2024-08-24;Bronze
204923;Κώστας;Πετρόπουλος;M;49;Καβάλα;Ανατολική Μακεδονία & Θράκη;2025-12-22;Bronze
204924;Άννα;Βλάχος;F;67;Τρίκαλα;Θεσσαλία;2024-05-28;Silver
204925;Δήμητρα;Σπυρόπουλος;F;51;Ιωάννινα;Ήπειρος;2025-05-25;Silver
204926;Μαρία;Αναστασίου;F;72;Καβάλα;Ανατολική Μακεδονία & Θράκη;2025-04-10;Bronze
204927;Σοφία;Πετρόπουλος;F;48;Πάτρα;Δυτική Ελλάδα;2025-06-06;Bronze
204928;Ελένη;Χατζής;F;68;Αθήνα;Αττική;2025-02-23;Silver
204929;Γιώργος;Οικονόμου;M;56;Ρόδος;Νότιο Αιγαίο;2025-03-28;Silver
204930;Κατερίνα;Πετρόπουλος;F;50;Πάτρα;Δυτική Ελλάδα;2025-08-15;Silver
204931;Χρήστος;Κωνσταντίνου;M;26;Θεσσαλονίκη;Κεντρική Μακεδονία;2024-05-11;Silver
204932;Δήμητρα;Ζαχαρίου;F;40;Ρόδος;Νότιο Αιγαίο;2025-04-26;Platinum
204933;Κώστας;Αναστασίου;M;51;Ρόδος;Νότιο Αιγαίο;2024-03-14;Bronze
204934;Ιωάννα;Χατζής;F;54;Ρόδος;Νότιο Αιγαίο;2024-03-31;Bronze
204935;Άννα;Κωνσταντίνου;F;61;Βόλος;Θεσσαλία;2025-01-22;Bronze
204936;Κώστας;Βλάχος;M;36;Ηράκλειο;Κρήτη;2024-09-28;Bronze
204937;Μαρία;Ζαχαρίου;F;67;Αθήνα;Αττική;2025-02-28;Gold
204938;Νίκος;Βλάχος;M;55;Βόλος;Θεσσαλία;2025-09-16;Silver
204939;Ανδρέας;Σπυρόπουλος;M;52;Τρίκαλα;Θεσσαλία;2025-11-02;Gold
204940;Γεωργία;Παπαδόπουλος;F;65;Καβάλα;Ανατολική Μακεδονία & Θράκη;2024-08-02;Platinum
204941;Κώστας;Ζαχαρίου;M;28;Θεσσαλονίκη;Κεντρική Μακεδονία;2025-10-14;Bronze
204942;Κώστας;Μιχαηλίδης;M;37;Σέρρες;Κεντρική Μακεδονία;2024-06-04;Bronze
204943;Ανδρέας;Κωνσταντίνου;M;34;Καβάλα;Ανατολική Μακεδονία & Θράκη;2025-07-20;Silver
204944;Μιχάλης;Σπυρόπουλος;M;21;Καβάλα;Ανατολική Μακεδονία & Θράκη;2024-02-29;Bronze
204945;Μιχάλης;Παπαδόπουλος;M;57;Βόλος;Θεσσαλία;2025-10-22;Silver
204946;Κατερίνα;Μιχαηλίδης;F;60;Ηράκλειο;Κρήτη;2024-07-08;Bronze
204947;Παναγιώτης;Αλεξίου;M;26;Ιωάννινα;Ήπειρος;2024-12-08;Silver
204948;Μιχάλης;Πετρόπουλος;M;51;Αθήνα;Αττική;2024-09-18;Silver
204949;Μιχάλης;Ζαχαρίου;M;57;Τρίκαλα;Θεσσαλία;2025-10-18;Bronze
204950;Ιωάννα;Παπανικολάου;F;28;Τρίκαλα;Θεσσαλία;2025-10-29;Bronze
204951;Άννα;Μιχαηλίδης;F;54;Θεσσαλονίκη;Κεντρική Μακεδονία;2025-06-15;Bronze
204952;Σοφία;Γεωργίου;F;61;Ρόδος;Νότιο Αιγαίο;2025-07-12;Silver
204953;Ιωάννα;Χατζής;F;27;Χανιά;Κρήτη;2024-06-18;Bronze
204954;Θανάσης;Παπαδόπουλος;M;24;Ιωάννινα;Ήπειρος;2024-12-26;Bronze
204955;Κατερίνα;Καραγιάννης;F;36;Καβάλα;Ανατολική Μακεδονία & Θράκη;2025-07-10;Gold
204956;Ελένη;Ιωαννίδης;F;59;Βόλος;Θεσσαλία;2024-08-17;Bronze
204957;Νίκος;Σπυρόπουλος;M;54;Ηράκλειο;Κρήτη;2024-03-13;Gold
204958;Παναγιώτης;Καραγιάννης;M;39;Ιωάννινα;Ήπειρος;2024-03-06;Silver
204959;Ελένη;Σπυρόπουλος;F;42;Βόλος;Θεσσαλία;2025-10-07;Bronze
204960;Γιώργος;Παπαδόπουλος;M;68;Αθήνα;Αττική;2024-06-24;Silver
204961;Σοφία;Πετρόπουλος;F;67;Ρόδος;Νότιο Αιγαίο;2024-12-31;Gold
204962;Μαρία;Παπαδόπουλος;F;40;Θεσσαλονίκη;Κεντρική Μακεδονία;2025-10-13;Bronze
204963;Άννα;Ζαχαρίου;F;59;Αθήνα;Αττική;2025-10-27;Gold
204964;Νίκος;Πετρόπουλος;M;62;Αθήνα;Αττική;2024-12-04;Gold
204965;Χριστίνα;Πετρόπουλος;F;31;Πάτρα;Δυτική Ελλάδα;2025-07-23;Silver
204966;Μιχάλης;Αναστασίου;M;61;Ιωάννινα;Ήπειρος;2024-07-10;Bronze
204967;Δήμητρα;Αλεξίου;F;23;Θεσσαλονίκη;Κεντρική Μακεδονία;2024-12-22;Bronze
204968;Άννα;Λαμπρόπουλος;F;49;Πάτρα;Δυτική Ελλάδα;2025-11-03;Bronze
204969;Ιωάννα;Πετρόπουλος;F;30;Τρίκαλα;Θεσσαλία;2024-04-09;Bronze
204970;Σοφία;Πετρόπουλος;F;35;Θεσσαλονίκη;Κεντρική Μακεδονία;2025-08-30;Silver
204971;Σοφία;Παπανικολάου;F;61;Ρόδος;Νότιο Αιγαίο;2025-10-29;Bronze
204972;Άννα;Λαμπρόπουλος;F;35;Αθήνα;Αττική;2025-08-11;Platinum
204973;Μιχάλης;Σπυρόπουλος;M;60;Θεσσαλονίκη;Κεντρική Μακεδονία;2024-12-29;Silver
204974;Χρήστος;Ζαχαρίου;M;39;Αθήνα;Αττική;2025-10-24;Bronze
204975;Ελένη;Λαμπρόπουλος;F;27;Βόλος;Θεσσαλία;2024-03-31;Silver
204976;Γιώργος;Αλεξίου;M;23;Σέρρες;Κεντρική Μακεδονία;2025-06-28;Bronze
204977;Γιώργος;Καραγιάννης;M;40;Ρόδος;Νότιο Αιγαίο;2024-04-17;Bronze
204978;Χριστίνα;Καρράς;F;22;Ρόδος;Νότιο Αιγαίο;2025-02-21;Gold
204979;Χριστίνα;Παπαδόπουλος;F;23;Τρίκαλα;Θεσσαλία;2024-12-06;Bronze
204980;Άννα;Κωνσταντίνου;F;18;Θεσσαλονίκη;Κεντρική Μακεδονία;2024-01-02;Platinum
204981;Δήμητρα;Παπανικολάου;F;47;Ιωάννινα;Ήπειρος;2025-12-12;Bronze
204982;Χριστίνα;Μιχαηλίδης;F;41;Τρίκαλα;Θεσσαλία;2025-04-13;Gold
204983;Θανάσης;Καραγιάννης;M;48;Λάρισα;Θεσσαλία;2024-03-26;Gold
204984;Μαρία;Καρράς;F;51;Βόλος;Θεσσαλία;2025-09-21;Bronze
204985;Δημήτρης;Βλάχος;M;21;Ρόδος;Νότιο Αιγαίο;2024-10-31;Gold
204986;Κατερίνα;Γεωργίου;F;37;Τρίκαλα;Θεσσαλία;2025-05-11;Silver
204987;Ελένη;Μιχαηλίδης;F;71;Βόλος;Θεσσαλία;2024-08-13;Gold
204988;Άννα;Παπαδόπουλος;F;38;Ηράκλειο;Κρήτη;2024-10-30;Bronze
204989;Μιχάλης;Ζαχαρίου;M;22;Σέρρες;Κεντρική Μακεδονία;2025-03-03;Bronze
204990;Γιώργος;Χατζής;M;69;Σέρρες;Κεντρική Μακεδονία;2025-01-21;Bronze
204991;Μιχάλης;Γεωργίου;M;72;Αθήνα;Αττική;2025-03-18;Bronze
204992;Γεωργία;Οικονόμου;F;32;Ιωάννινα;Ήπειρος;2025-04-15;Bronze
204993;Παναγιώτης;Γεωργίου;M;25;Καβάλα;Ανατολική Μακεδονία & Θράκη;2025-11-03;Gold
204994;Ιωάννα;Πετρόπουλος;F;45;Σέρρες;Κεντρική Μακεδονία;2024-07-26;Bronze
204995;Χριστίνα;Σπυρόπουλος;F;20;Ρόδος;Νότιο Αιγαίο;2025-09-28;Bronze
204996;Βασίλης;Σπυρόπουλος;M;35;Ρόδος;Νότιο Αιγαίο;2025-03-06;Gold
204997;Κώστας;Πετρόπουλος;M;50;Ηράκλειο;Κρήτη;2024-01-19;Silver
204998;Αγγελική;Ζαχαρίου;F;37;Τρίκαλα;Θεσσαλία;2025-04-25;Silver
204999;Παναγιώτης;Αλεξίου;M;47;Βόλος;Θεσσαλία;2025-09-28;Bronze
205000;Αγγελική;Καρράς;F;29;Καβάλα;Ανατολική Μακεδονία & Θράκη;2024-09-16;Gold
205001;Δημήτρης;Παπαδόπουλος;M;67;Αθήνα;Αττική;2025-08-06;Silver
205002;Ανδρέας;Κωνσταντίνου;M;49;Βόλος;Θεσσαλία;2025-08-27;Platinum
205003;Νίκος;Αλεξίου;M;72;Ηράκλειο;Κρήτη;2025-01-28;Silver
205004;Νίκος;Δημητρίου;M;71;Βόλος;Θεσσαλία;2025-01-26;Bronze
205005;Παναγιώτης;Παπαδόπουλος;M;52;Πάτρα;Δυτική Ελλάδα;2025-07-01;Bronze
205006;Χριστίνα;Αναστασίου;F;56;Σέρρες;Κεντρική Μακεδονία;2024-05-01;Silver
205007;Ελένη;Καρράς;F;68;Βόλος;Θεσσαλία;2024-02-27;Silver
205008;Δημήτρης;Γεωργίου;M;41;Ρόδος;Νότιο Αιγαίο;2025-02-22;Silver
205009;Αγγελική;Δημητρίου;F;68;Ηράκλειο;Κρήτη;2024-04-30;Gold
205010;Ανδρέας;Γεωργίου;M;50;Τρίκαλα;Θεσσαλία;2024-03-17;Silver
205011;Γεωργία;Παπαδόπουλος;F;19;Λάρισα;Θεσσαλία;2025-03-26;Silver
205012;Χριστίνα;Αναστασίου;F;36;Ρόδος;Νότιο Αιγαίο;2024-09-25;Bronze
205013;Αγγελική;Δημητρίου;F;39;Θεσσαλονίκη;Κεντρική Μακεδονία;2025-09-11;Gold
205014;Κατερίνα;Καραγιάννης;F;53;Ρόδος;Νότιο Αιγαίο;2024-04-05;Platinum
205015;Θανάσης;Σταματίου;M;45;Χανιά;Κρήτη;2025-09-02;Bronze
205016;Μαρία;Καρράς;F;70;Χανιά;Κρήτη;2024-03-15;Gold
205017;Σοφία;Δημητρίου;F;45;Σέρρες;Κεντρική Μακεδονία;2025-03-12;Gold
205018;Ελένη;Γεωργίου;F;48;Καβάλα;Ανατολική Μακεδονία & Θράκη;2025-12-02;Bronze
205019;Κατερίνα;Παπαδόπουλος;F;44;Καβάλα;Ανατολική Μακεδονία & Θράκη;2024-02-21;Silver
205020;Ανδρέας;Ζαχαρίου;M;65;Βόλος;Θεσσαλία;2025-07-21;Bronze
205021;Παναγιώτης;Πετρόπουλος;M;59;Καβάλα;Ανατολική Μακεδονία & Θράκη;2025-05-11;Silver
205022;Ιωάννα;Σταματίου;F;36;Αθήνα;Αττική;2024-02-04;Bronze
205023;Νίκος;Ιωαννίδης;M;22;Τρίκαλα;Θεσσαλία;2025-06-16;Gold
205024;Μιχάλης;Ιωαννίδης;M;55;Χανιά;Κρήτη;2025-09-15;Bronze
205025;Παναγιώτης;Πετρόπουλος;M;37;Σέρρες;Κεντρική Μακεδονία;2025-04-24;Bronze
205026;Θανάσης;Κωνσταντίνου;M;55;Βόλος;Θεσσαλία;2025-06-02;Platinum
205027;Ανδρέας;Δημητρίου;M;56;Ρόδος;Νότιο Αιγαίο;2024-02-08;Bronze
205028;Χρήστος;Βλάχος;M;31;Λάρισα;Θεσσαλία;2025-09-29;Gold
205029;Μιχάλης;Καραγιάννης;M;62;Καβάλα;Ανατολική Μακεδονία & Θράκη;2024-02-26;Silver
205030;Κατερίνα;Καρράς;F;50;Πάτρα;Δυτική Ελλάδα;2024-08-28;Silver
205031;Δήμητρα;Κωνσταντίνου;F;30;Τρίκαλα;Θεσσαλία;2024-10-11;Bronze
205032;Νίκος;Βλάχος;M;51;Σέρρες;Κεντρική Μακεδονία;2024-01-05;Bronze
205033;Δήμητρα;Καραγιάννης;F;43;Ρόδος;Νότιο Αιγαίο;2024-10-10;Gold
205034;Ελένη;Αλεξίου;F;57;Χανιά;Κρήτη;2025-01-06;Platinum
205035;Κώστας;Αλεξίου;M;48;Βόλος;Θεσσαλία;2024-01-15;Silver
205036;Θανάσης;Καραγιάννης;M;33;Θεσσαλονίκη;Κεντρική Μακεδονία;2025-04-18;Bronze
205037;Ανδρέας;Νικολάου;M;61;Τρίκαλα;Θεσσαλία;2024-08-13;Bronze
205038;Παναγιώτης;Νικολάου;M;24;Τρίκαλα;Θεσσαλία;2024-07-28;Silver
205039;Γεωργία;Καρράς;F;38;Ιωάννινα;Ήπειρος;2024-06-18;Silver
205040;Άννα;Βλάχος;F;41;Αθήνα;Αττική;2024-01-13;Bronze
205041;Δήμητρα;Παπανικολάου;F;64;Χανιά;Κρήτη;2024-02-15;Platinum
205042;Αγγελική;Σταματίου;F;57;Λάρισα;Θεσσαλία;2024-02-12;Silver
205043;Βασίλης;Μιχαηλίδης;M;29;Βόλος;Θεσσαλία;2024-12-21;Silver
205044;Θανάσης;Αλεξίου;M;64;Τρίκαλα;Θεσσαλία;2025-04-07;Bronze
205045;Κατερίνα;Ιωαννίδης;F;50;Καβάλα;Ανατολική Μακεδονία & Θράκη;2024-08-10;Bronze
205046;Ανδρέας;Ιωαννίδης;M;52;Πάτρα;Δυτική Ελλάδα;2025-11-23;Bronze
205047;Δημήτρης;Δημητρίου;M;44;Καβάλα;Ανατολική Μακεδονία & Θράκη;2025-01-17;Gold
205048;Νίκος;Ιωαννίδης;M;30;Πάτρα;Δυτική Ελλάδα;2025-10-13;Platinum
205049;Δημήτρης;Αναστασίου;M;67;Θεσσαλονίκη;Κεντρική Μακεδονία;2024-10-19;Platinum
205050;Ιωάννα;Παπανικολάου;F;66;Ιωάννινα;Ήπειρος;2025-12-15;Silver
205051;Άννα;Καραγιάννης;F;23;Ηράκλειο;Κρήτη;2025-03-26;Platinum
205052;Μαρία;Ζαχαρίου;F;19;Τρίκαλα;Θεσσαλία;2024-12-06;Bronze
205053;Βασίλης;Χατζής;M;53;Τρίκαλα;Θεσσαλία;2024-03-18;Gold
205054;Δημήτρης;Πετρόπουλος;M;42;Βόλος;Θεσσαλία;2025-04-08;Silver
205055;Άννα;Καραγιάννης;F;68;Ιωάννινα;Ήπειρος;2024-10-03;Gold
205056;Ελένη;Σταματίου;F;58;Βόλος;Θεσσαλία;2025-01-27;Bronze
205057;Κώστας;Παπαδόπουλος;M;52;Σέρρες;Κεντρική Μακεδονία;2024-07-29;Gold
205058;Σοφία;Κωνσταντίνου;F;69;Πάτρα;Δυτική Ελλάδα;2025-08-25;Silver
205059;Ελένη;Αλεξίου;F;51;Αθήνα;Αττική;2025-04-03;Bronze
205060;Μαρία;Καρράς;F;54;Ρόδος;Νότιο Αιγαίο;2025-10-29;Bronze
205061;Δήμητρα;Δημητρίου;F;20;Ιωάννινα;Ήπειρος;2025-11-04;Gold
205062;Βασίλης;Νικολάου;M;57;Πάτρα;Δυτική Ελλάδα;2024-03-13;Bronze
205063;Μαρία;Αναστασίου;F;62;Πάτρα;Δυτική Ελλάδα;2025-05-11;Silver
205064;Ελένη;Οικονόμου;F;33;Ιωάννινα;Ήπειρος;2025-10-28;Bronze
205065;Ανδρέας;Μιχαηλίδης;M;56;Βόλος;Θεσσαλία;2025-10-28;Platinum
205066;Κατερίνα;Παπανικολάου;F;58;Αθήνα;Αττική;2025-12-04;Silver
205067;Ελένη;Νικολάου;F;31;Βόλος;Θεσσαλία;2024-06-21;Silver
205068;Βασίλης;Ζαχαρίου;M;66;Χανιά;Κρήτη;2025-01-27;Gold
205069;Νίκος;Παπαδόπουλος;M;47;Θεσσαλονίκη;Κεντρική Μακεδονία;2024-10-16;Silver
205070;Δημήτρης;Μιχαηλίδης;M;19;Ηράκλειο;Κρήτη;2025-02-27;Silver
205071;Αγγελική;Ζαχαρίου;F;36;Λάρισα;Θεσσαλία;2024-10-05;Bronze
205072;Κατερίνα;Γεωργίου;F;71;Ηράκλειο;Κρήτη;2024-06-26;Bronze
205073;Ιωάννα;Καρράς;F;31;Χανιά;Κρήτη;2024-08-17;Gold
205074;Θανάσης;Δημητρίου;M;61;Χανιά;Κρήτη;2024-02-26;Gold
205075;Βασίλης;Αναστασίου;M;62;Ηράκλειο;Κρήτη;2024-02-17;Gold
205076;Γεωργία;Καραγιάννης;F;39;Ιωάννινα;Ήπειρος;2025-06-08;Silver
205077;Κατερίνα;Γεωργίου;F;53;Θεσσαλονίκη;Κεντρική Μακεδονία;2025-07-23;Gold
205078;Νίκος;Ζαχαρίου;M;72;Τρίκαλα;Θεσσαλία;2025-04-28;Bronze
205079;Θανάσης;Δημητρίου;M;63;Τρίκαλα;Θεσσαλία;2024-08-21;Bronze
205080;Χρήστος;Ιωαννίδης;M;57;Τρίκαλα;Θεσσαλία;2025-03-27;Bronze
205081;Δημήτρης;Οικονόμου;M;26;Σέρρες;Κεντρική Μακεδονία;2024-08-05;Bronze
205082;Μιχάλης;Ζαχαρίου;M;25;Καβάλα;Ανατολική Μακεδονία & Θράκη;2024-01-18;Bronze
205083;Κώστας;Καραγιάννης;M;72;Βόλος;Θεσσαλία;2025-06-22;Silver
205084;Νίκος;Λαμπρόπουλος;M;38;Ρόδος;Νότιο Αιγαίο;2024-06-19;Bronze
205085;Γιώργος;Κωνσταντίνου;M;25;Ιωάννινα;Ήπειρος;2024-12-18;Bronze
205086;Κατερίνα;Μιχαηλίδης;F;23;Χανιά;Κρήτη;2025-08-03;Bronze
205087;Άννα;Γεωργίου;F;20;Αθήνα;Αττική;2024-03-12;Silver
205088;Ανδρέας;Δημητρίου;M;32;Ιωάννινα;Ήπειρος;2025-10-14;Bronze
205089;Βασίλης;Παπαδόπουλος;M;22;Ηράκλειο;Κρήτη;2025-11-09;Bronze
205090;Κώστας;Παπαδόπουλος;M;72;Ρόδος;Νότιο Αιγαίο;2025-10-30;Gold
205091;Θανάσης;Αναστασίου;M;18;Θεσσαλονίκη;Κεντρική Μακεδονία;2024-10-10;Bronze
205092;Ελένη;Βλάχος;F;70;Ιωάννινα;Ήπειρος;2024-02-06;Platinum
205093;Κατερίνα;Καραγιάννης;F;28;Αθήνα;Αττική;2025-10-09;Silver
205094;Μαρία;Χατζής;F;53;Αθήνα;Αττική;2025-03-20;Silver
205095;Ανδρέας;Βλάχος;M;33;Ηράκλειο;Κρήτη;2025-01-06;Bronze
205096;Κατερίνα;Καρράς;F;26;Βόλος;Θεσσαλία;2024-03-10;Bronze
205097;Χριστίνα;Γεωργίου;F;49;Ηράκλειο;Κρήτη;2024-02-06;Gold
205098;Ελένη;Παπανικολάου;F;24;Ηράκλειο;Κρήτη;2024-08-14;Silver
205099;Θανάσης;Μιχαηλίδης;M;46;Ηράκλειο;Κρήτη;2024-02-26;Gold
205100;Παναγιώτης;Παπαδόπουλος;M;48;Λάρισα;Θεσσαλία;2024-04-05;Silver
205101;Ανδρέας;Χατζής;M;58;Σέρρες;Κεντρική Μακεδονία;2025-03-05;Bronze
205102;Δημήτρης;Χατζής;M;21;Ηράκλειο;Κρήτη;2025-01-28;Bronze
205103;Ιωάννα;Κωνσταντίνου;F;30;Ηράκλειο;Κρήτη;2025-09-11;Bronze
205104;Αγγελική;Παπαδόπουλος;F;62;Αθήνα;Αττική;2024-01-29;Gold
205105;Ελένη;Μιχαηλίδης;F;27;Σέρρες;Κεντρική Μακεδονία;2025-01-21;Silver
205106;Νίκος;Αναστασίου;M;45;Χανιά;Κρήτη;2024-09-03;Silver
205107;Χριστίνα;Ιωαννίδης;F;18;Αθήνα;Αττική;2024-08-18;Silver
205108;Δήμητρα;Ζαχαρίου;F;63;Σέρρες;Κεντρική Μακεδονία;2024-10-24;Bronze
205109;Κατερίνα;Οικονόμου;F;24;Χανιά;Κρήτη;2024-04-18;Gold
205110;Κώστας;Αλεξίου;M;28;Αθήνα;Αττική;2024-04-07;Bronze
205111;Ελένη;Πετρόπουλος;F;51;Χανιά;Κρήτη;2025-09-10;Bronze
205112;Θανάσης;Γεωργίου;M;72;Καβάλα;Ανατολική Μακεδονία & Θράκη;2024-12-23;Bronze
205113;Ελένη;Χατζής;F;28;Ιωάννινα;Ήπειρος;2025-04-17;Silver
205114;Μαρία;Κωνσταντίνου;F;43;Θεσσαλονίκη;Κεντρική Μακεδονία;2025-02-04;Silver
205115;Βασίλης;Αναστασίου;M;30;Τρίκαλα;Θεσσαλία;2025-09-10;Silver
205116;Χριστίνα;Λαμπρόπουλος;F;65;Σέρρες;Κεντρική Μακεδονία;2025-07-25;Gold
205117;Κατερίνα;Παπαδόπουλος;F;27;Αθήνα;Αττική;2024-09-20;Gold
205118;Ελένη;Παπαδόπουλος;F;71;Ηράκλειο;Κρήτη;2025-01-27;Gold
205119;Άννα;Αναστασίου;F;49;Ιωάννινα;Ήπειρος;2024-10-29;Bronze
205120;Κατερίνα;Καραγιάννης;F;25;Σέρρες;Κεντρική Μακεδονία;2025-08-19;Platinum
205121;Δήμητρα;Αλεξίου;F;22;Λάρισα;Θεσσαλία;2025-01-07;Silver
205122;Μαρία;Λαμπρόπουλος;F;21;Αθήνα;Αττική;2024-05-28;Silver
205123;Χρήστος;Χατζής;M;40;Λάρισα;Θεσσαλία;2025-04-26;Bronze
205124;Χριστίνα;Κωνσταντίνου;F;26;Καβάλα;Ανατολική Μακεδονία & Θράκη;2025-12-05;Bronze
205125;Άννα;Καρράς;F;58;Θεσσαλονίκη;Κεντρική Μακεδονία;2024-02-08;Platinum
205126;Θανάσης;Ζαχαρίου;M;28;Λάρισα;Θεσσαλία;2024-11-27;Bronze
205127;Παναγιώτης;Καρράς;M;60;Λάρισα;Θεσσαλία;2025-03-28;Bronze
205128;Χρήστος;Παπαδόπουλος;M;46;Λάρισα;Θεσσαλία;2024-04-25;Silver
205129;Μαρία;Σταματίου;F;29;Βόλος;Θεσσαλία;2024-06-22;Bronze
205130;Νίκος;Αλεξίου;M;34;Τρίκαλα;Θεσσαλία;2024-04-05;Silver
205131;Κώστας;Λαμπρόπουλος;M;19;Ρόδος;Νότιο Αιγαίο;2024-12-20;Bronze
205132;Μιχάλης;Ιωαννίδης;M;35;Σέρρες;Κεντρική Μακεδονία;2024-02-02;Bronze
205133;Μιχάλης;Πετρόπουλος;M;20;Βόλος;Θεσσαλία;2025-07-16;Bronze
205134;Βασίλης;Γεωργίου;M;46;Ηράκλειο;Κρήτη;2025-09-20;Bronze
205135;Γεωργία;Γεωργίου;F;19;Χανιά;Κρήτη;2024-06-16;Gold
205136;Δήμητρα;Καρράς;F;24;Πάτρα;Δυτική Ελλάδα;2024-03-03;Gold
205137;Σοφία;Μιχαηλίδης;F;35;Τρίκαλα;Θεσσαλία;2025-02-22;Gold
205138;Χριστίνα;Κωνσταντίνου;F;47;Χανιά;Κρήτη;2024-12-30;Bronze
205139;Μαρία;Λαμπρόπουλος;F;34;Βόλος;Θεσσαλία;2024-02-29;Silver
205140;Παναγιώτης;Βλάχος;M;68;Ρόδος;Νότιο Αιγαίο;2025-08-17;Silver
205141;Ιωάννα;Παπαδόπουλος;F;55;Ρόδος;Νότιο Αιγαίο;2024-06-23;Silver
205142;Γιώργος;Νικολάου;M;51;Βόλος;Θεσσαλία;2025-10-05;Bronze
205143;Παναγιώτης;Βλάχος;M;51;Σέρρες;Κεντρική Μακεδονία;2024-06-05;Bronze
205144;Κατερίνα;Παπαδόπουλος;F;33;Πάτρα;Δυτική Ελλάδα;2025-11-19;Gold
205145;Δήμητρα;Χατζής;F;25;Χανιά;Κρήτη;2024-05-05;Gold
205146;Ανδρέας;Σταματίου;M;51;Ηράκλειο;Κρήτη;2025-09-11;Gold
205147;Ανδρέας;Αλεξίου;M;18;Ιωάννινα;Ήπειρος;2025-05-15;Bronze
205148;Βασίλης;Βλάχος;M;69;Αθήνα;Αττική;2024-08-20;Silver
205149;Μαρία;Γεωργίου;F;65;Ιωάννινα;Ήπειρος;2025-10-14;Silver
205150;Γεωργία;Νικολάου;F;62;Τρίκαλα;Θεσσαλία;2024-03-07;Silver
205151;Γιώργος;Παπανικολάου;M;18;Καβάλα;Ανατολική Μακεδονία & Θράκη;2024-04-13;Silver
205152;Θανάσης;Ιωαννίδης;M;49;Λάρισα;Θεσσαλία;2024-11-09;Bronze
205153;Μαρία;Καρράς;F;55;Θεσσαλονίκη;Κεντρική Μακεδονία;2024-11-12;Bronze
205154;Χριστίνα;Καραγιάννης;F;31;Χανιά;Κρήτη;2025-10-20;Bronze
205155;Ανδρέας;Ιωαννίδης;M;44;Καβάλα;Ανατολική Μακεδονία & Θράκη;2025-03-10;Silver
205156;Γεωργία;Σταματίου;F;54;Ιωάννινα;Ήπειρος;2024-07-03;Silver
205157;Κώστας;Καραγιάννης;M;31;Πάτρα;Δυτική Ελλάδα;2024-09-27;Platinum
205158;Μαρία;Αλεξίου;F;61;Σέρρες;Κεντρική Μακεδονία;2025-09-22;Bronze
205159;Ανδρέας;Καρράς;M;43;Βόλος;Θεσσαλία;2025-11-30;Gold
205160;Παναγιώτης;Δημητρίου;M;61;Ηράκλειο;Κρήτη;2024-11-11;Bronze
205161;Χριστίνα;Ζαχαρίου;F;59;Ηράκλειο;Κρήτη;2024-06-02;Platinum
205162;Χριστίνα;Λαμπρόπουλος;F;23;Σέρρες;Κεντρική Μακεδονία;2025-10-10;Silver
205163;Ανδρέας;Δημητρίου;M;55;Θεσσαλονίκη;Κεντρική Μακεδονία;2025-04-27;Gold
205164;Παναγιώτης;Σταματίου;M;33;Ιωάννινα;Ήπειρος;2024-09-03;Bronze
205165;Μιχάλης;Βλάχος;M;52;Αθήνα;Αττική;2024-03-09;Bronze
205166;Βασίλης;Κωνσταντίνου;M;30;Λάρισα;Θεσσαλία;2024-03-17;Bronze
205167;Ελένη;Καρράς;F;65;Χανιά;Κρήτη;2024-05-26;Bronze
205168;Νίκος;Αναστασίου;M;47;Ιωάννινα;Ήπειρος;2024-06-23;Bronze
205169;Παναγιώτης;Σπυρόπουλος;M;52;Καβάλα;Ανατολική Μακεδονία & Θράκη;2024-08-22;Silver
205170;Ελένη;Κωνσταντίνου;F;70;Βόλος;Θεσσαλία;2024-12-23;Gold
205171;Σοφία;Σπυρόπουλος;F;30;Θεσσαλονίκη;Κεντρική Μακεδονία;2025-10-29;Bronze
205172;Αγγελική;Λαμπρόπουλος;F;38;Ρόδος;Νότιο Αιγαίο;2024-06-29;Bronze
205173;Μιχάλης;Παπαδόπουλος;M;18;Χανιά;Κρήτη;2025-10-24;Silver
205174;Άννα;Λαμπρόπουλος;F;30;Αθήνα;Αττική;2024-05-07;Bronze
205175;Ιωάννα;Ζαχαρίου;F;65;Θεσσαλονίκη;Κεντρική Μακεδονία;2025-02-18;Bronze
205176;Μαρία;Ζαχαρίου;F;51;Αθήνα;Αττική;2025-11-25;Gold
205177;Ελένη;Ζαχαρίου;F;61;Ρόδος;Νότιο Αιγαίο;2024-02-08;Gold
205178;Παναγιώτης;Αναστασίου;M;43;Τρίκαλα;Θεσσαλία;2024-07-08;Silver
205179;Χρήστος;Δημητρίου;M;47;Ηράκλειο;Κρήτη;2024-09-25;Silver
205180;Βασίλης;Σπυρόπουλος;M;31;Ιωάννινα;Ήπειρος;2024-07-25;Bronze
205181;Νίκος;Ζαχαρίου;M;23;Ηράκλειο;Κρήτη;2025-04-07;Gold
205182;Θανάσης;Αλεξίου;M;51;Τρίκαλα;Θεσσαλία;2024-01-08;Bronze
205183;Δημήτρης;Παπαδόπουλος;M;67;Σέρρες;Κεντρική Μακεδονία;2025-06-21;Gold
205184;Παναγιώτης;Χατζής;M;25;Σέρρες;Κεντρική Μακεδονία;2024-03-23;Bronze
205185;Χριστίνα;Κωνσταντίνου;F;55;Πάτρα;Δυτική Ελλάδα;2025-05-03;Bronze
205186;Αγγελική;Γεωργίου;F;31;Ηράκλειο;Κρήτη;2025-05-01;Silver
205187;Μιχάλης;Λαμπρόπουλος;M;24;Χανιά;Κρήτη;2024-03-17;Bronze
205188;Θανάσης;Σταματίου;M;41;Τρίκαλα;Θεσσαλία;2025-05-30;Silver
205189;Κώστας;Δημητρίου;M;30;Ιωάννινα;Ήπειρος;2025-05-13;Bronze
205190;Δημήτρης;Βλάχος;M;50;Λάρισα;Θεσσαλία;2024-03-15;Gold
205191;Αγγελική;Σπυρόπουλος;F;43;Αθήνα;Αττική;2024-06-07;Silver
205192;Γεωργία;Παπαδόπουλος;F;48;Πάτρα;Δυτική Ελλάδα;2025-02-27;Gold
205193;Αγγελική;Ζαχαρίου;F;22;Αθήνα;Αττική;2024-12-12;Silver
205194;Θανάσης;Δημητρίου;M;44;Καβάλα;Ανατολική Μακεδονία & Θράκη;2025-07-03;Bronze
205195;Μιχάλης;Πετρόπουλος;M;58;Ηράκλειο;Κρήτη;2025-09-08;Silver
205196;Γεωργία;Βλάχος;F;66;Αθήνα;Αττική;2025-07-23;Gold
205197;Μιχάλης;Ζαχαρίου;M;24;Λάρισα;Θεσσαλία;2025-03-11;Silver
205198;Θανάσης;Παπανικολάου;M;33;Ιωάννινα;Ήπειρος;2025-08-27;Silver
205199;Δημήτρης;Σταματίου;M;20;Καβάλα;Ανατολική Μακεδονία & Θράκη;2024-06-20;Silver
205200;Ελένη;Δημητρίου;F;39;Ιωάννινα;Ήπειρος;2025-11-19;Gold
205201;Δημήτρης;Οικονόμου;M;70;Τρίκαλα;Θεσσαλία;2025-02-02;Silver
205202;Νίκος;Χατζής;M;35;Ιωάννινα;Ήπειρος;2025-05-18;Bronze
205203;Παναγιώτης;Δημητρίου;M;72;Πάτρα;Δυτική Ελλάδα;2025-07-28;Gold
205204;Παναγιώτης;Αναστασίου;M;46;Θεσσαλονίκη;Κεντρική Μακεδονία;2024-06-11;Bronze
205205;Χρήστος;Νικολάου;M;36;Χανιά;Κρήτη;2025-04-02;Bronze
205206;Χριστίνα;Σταματίου;F;31;Καβάλα;Ανατολική Μακεδονία & Θράκη;2025-07-11;Silver
205207;Ελένη;Καραγιάννης;F;32;Πάτρα;Δυτική Ελλάδα;2025-04-07;Silver
205208;Μαρία;Καρράς;F;66;Ηράκλειο;Κρήτη;2025-09-17;Gold
205209;Ελένη;Βλάχος;F;44;Χανιά;Κρήτη;2025-08-05;Gold
205210;Χρήστος;Ιωαννίδης;M;67;Καβάλα;Ανατολική Μακεδονία & Θράκη;2024-10-25;Bronze
205211;Γεωργία;Λαμπρόπουλος;F;34;Σέρρες;Κεντρική Μακεδονία;2024-08-12;Platinum
205212;Χριστίνα;Βλάχος;F;61;Ηράκλειο;Κρήτη;2025-05-02;Silver
205213;Χριστίνα;Δημητρίου;F;50;Λάρισα;Θεσσαλία;2024-12-28;Bronze
205214;Ιωάννα;Καραγιάννης;F;63;Καβάλα;Ανατολική Μακεδονία & Θράκη;2025-06-21;Bronze
205215;Θανάσης;Κωνσταντίνου;M;39;Χανιά;Κρήτη;2024-08-27;Bronze
205216;Μιχάλης;Αναστασίου;M;37;Χανιά;Κρήτη;2025-08-02;Gold
205217;Θανάσης;Μιχαηλίδης;M;20;Λάρισα;Θεσσαλία;2024-05-13;Bronze
205218;Μαρία;Σταματίου;F;40;Ιωάννινα;Ήπειρος;2025-05-23;Silver
205219;Νίκος;Καραγιάννης;M;69;Χανιά;Κρήτη;2024-06-26;Silver
205220;Χρήστος;Γεωργίου;M;64;Αθήνα;Αττική;2024-08-27;Bronze
205221;Άννα;Σταματίου;F;55;Λάρισα;Θεσσαλία;2024-01-03;Bronze
205222;Παναγιώτης;Αλεξίου;M;49;Λάρισα;Θεσσαλία;2024-04-02;Silver
205223;Γεωργία;Λαμπρόπουλος;F;18;Χανιά;Κρήτη;2025-01-19;Bronze
205224;Γιώργος;Ζαχαρίου;M;44;Θεσσαλονίκη;Κεντρική Μακεδονία;2025-09-21;Gold
205225;Μαρία;Καραγιάννης;F;72;Τρίκαλα;Θεσσαλία;2025-05-29;Bronze
205226;Νίκος;Βλάχος;M;26;Ρόδος;Νότιο Αιγαίο;2024-11-07;Bronze
205227;Δήμητρα;Χατζής;F;36;Πάτρα;Δυτική Ελλάδα;2025-01-02;Gold
205228;Χρήστος;Ιωαννίδης;M;46;Βόλος;Θεσσαλία;2025-01-08;Bronze
205229;Αγγελική;Μιχαηλίδης;F;31;Σέρρες;Κεντρική Μακεδονία;2024-06-01;Silver
205230;Μιχάλης;Παπαδόπουλος;M;68;Βόλος;Θεσσαλία;2025-02-07;Bronze
205231;Δήμητρα;Καραγιάννης;F;31;Χανιά;Κρήτη;2025-10-02;Gold
205232;Ελένη;Οικονόμου;F;54;Ιωάννινα;Ήπειρος;2024-01-07;Gold
205233;Χριστίνα;Γεωργίου;F;44;Σέρρες;Κεντρική Μακεδονία;2024-03-09;Silver
205234;Νίκος;Σπυρόπουλος;M;42;Ιωάννινα;Ήπειρος;2024-01-22;Gold
205235;Παναγιώτης;Αναστασίου;M;62;Βόλος;Θεσσαλία;2025-01-20;Silver
205236;Βασίλης;Δημητρίου;M;36;Ηράκλειο;Κρήτη;2024-08-23;Gold
205237;Γεωργία;Σπυρόπουλος;F;39;Καβάλα;Ανατολική Μακεδονία & Θράκη;2024-12-06;Gold
205238;Σοφία;Μιχαηλίδης;F;68;Αθήνα;Αττική;2025-01-28;Silver
205239;Κατερίνα;Καρράς;F;19;Βόλος;Θεσσαλία;2024-07-18;Bronze
205240;Παναγιώτης;Πετρόπουλος;M;63;Ρόδος;Νότιο Αιγαίο;2025-03-21;Silver
205241;Μαρία;Λαμπρόπουλος;F;63;Τρίκαλα;Θεσσαλία;2025-12-02;Bronze
205242;Δήμητρα;Ζαχαρίου;F;53;Αθήνα;Αττική;2024-10-22;Bronze
205243;Δημήτρης;Καρράς;M;32;Λάρισα;Θεσσαλία;2025-06-23;Bronze
205244;Ελένη;Νικολάου;F;69;Τρίκαλα;Θεσσαλία;2025-02-03;Bronze
205245;Μιχάλης;Πετρόπουλος;M;21;Πάτρα;Δυτική Ελλάδα;2024-06-10;Silver
205246;Γιώργος;Πετρόπουλος;M;59;Τρίκαλα;Θεσσαλία;2024-10-25;Bronze
205247;Κώστας;Δημητρίου;M;68;Ηράκλειο;Κρήτη;2024-10-08;Platinum
205248;Δήμητρα;Σπυρόπουλος;F;56;Ρόδος;Νότιο Αιγαίο;2025-09-02;Bronze
205249;Μιχάλης;Σταματίου;M;39;Ιωάννινα;Ήπειρος;2025-01-31;Gold
205250;Κατερίνα;Βλάχος;F;21;Ιωάννινα;Ήπειρος;2025-10-18;Bronze
205251;Δήμητρα;Σπυρόπουλος;F;51;Ηράκλειο;Κρήτη;2025-03-28;Silver
205252;Ελένη;Οικονόμου;F;36;Θεσσαλονίκη;Κεντρική Μακεδονία;2024-08-29;Bronze
205253;Ιωάννα;Μιχαηλίδης;F;49;Ρόδος;Νότιο Αιγαίο;2025-01-04;Gold
205254;Κώστας;Νικολάου;M;35;Ρόδος;Νότιο Αιγαίο;2025-01-27;Silver
205255;Ελένη;Χατζής;F;44;Καβάλα;Ανατολική Μακεδονία & Θράκη;2024-11-17;Bronze
205256;Γεωργία;Γεωργίου;F;69;Πάτρα;Δυτική Ελλάδα;2024-01-31;Gold
205257;Δήμητρα;Κωνσταντίνου;F;60;Αθήνα;Αττική;2024-06-16;Silver
205258;Σοφία;Αλεξίου;F;53;Τρίκαλα;Θεσσαλία;2025-06-25;Bronze
205259;Χριστίνα;Χατζής;F;35;Θεσσαλονίκη;Κεντρική Μακεδονία;2024-08-29;Silver
205260;Ιωάννα;Κωνσταντίνου;F;67;Χανιά;Κρήτη;2025-06-17;Bronze
205261;Γεωργία;Παπαδόπουλος;F;51;Καβάλα;Ανατολική Μακεδονία & Θράκη;2025-06-14;Bronze
205262;Παναγιώτης;Γεωργίου;M;52;Τρίκαλα;Θεσσαλία;2024-09-02;Bronze
205263;Θανάσης;Αναστασίου;M;57;Αθήνα;Αττική;2025-12-04;Bronze
205264;Σοφία;Σπυρόπουλος;F;35;Πάτρα;Δυτική Ελλάδα;2025-04-14;Bronze
205265;Ανδρέας;Αναστασίου;M;35;Βόλος;Θεσσαλία;2024-06-03;Silver
205266;Ελένη;Οικονόμου;F;56;Βόλος;Θεσσαλία;2024-09-15;Silver
205267;Βασίλης;Καραγιάννης;M;35;Αθήνα;Αττική;2025-04-12;Bronze
205268;Θανάσης;Βλάχος;M;57;Θεσσαλονίκη;Κεντρική Μακεδονία;2024-09-15;Bronze
205269;Δημήτρης;Σπυρόπουλος;M;52;Πάτρα;Δυτική Ελλάδα;2025-07-26;Platinum
205270;Δημήτρης;Παπανικολάου;M;44;Χανιά;Κρήτη;2025-09-04;Silver
205271;Γιώργος;Λαμπρόπουλος;M;59;Σέρρες;Κεντρική Μακεδονία;2025-01-16;Silver
205272;Ιωάννα;Παπαδόπουλος;F;64;Καβάλα;Ανατολική Μακεδονία & Θράκη;2025-01-01;Bronze
205273;Θανάσης;Πετρόπουλος;M;31;Ρόδος;Νότιο Αιγαίο;2025-10-04;Bronze
205274;Χριστίνα;Σπυρόπουλος;F;71;Ρόδος;Νότιο Αιγαίο;2025-05-04;Silver
205275;Χριστίνα;Βλάχος;F;23;Καβάλα;Ανατολική Μακεδονία & Θράκη;2025-05-08;Bronze
205276;Κατερίνα;Καρράς;F;44;Τρίκαλα;Θεσσαλία;2025-03-26;Silver
205277;Ελένη;Μιχαηλίδης;F;32;Ηράκλειο;Κρήτη;2025-07-29;Bronze
205278;Δημήτρης;Παπαδόπουλος;M;30;Πάτρα;Δυτική Ελλάδα;2025-02-23;Bronze
205279;Σοφία;Παπαδόπουλος;F;57;Λάρισα;Θεσσαλία;2025-02-16;Bronze
205280;Γεωργία;Καραγιάννης;F;46;Αθήνα;Αττική;2024-11-16;Bronze
205281;Σοφία;Βλάχος;F;70;Λάρισα;Θεσσαλία;2025-07-30;Silver
205282;Ελένη;Νικολάου;F;24;Σέρρες;Κεντρική Μακεδονία;2025-04-21;Bronze
205283;Βασίλης;Οικονόμου;M;72;Θεσσαλονίκη;Κεντρική Μακεδονία;2025-12-18;Bronze
205284;Παναγιώτης;Ζαχαρίου;M;28;Χανιά;Κρήτη;2024-01-10;Gold
205285;Γιώργος;Ιωαννίδης;M;33;Ιωάννινα;Ήπειρος;2024-11-25;Bronze
205286;Χριστίνα;Ζαχαρίου;F;45;Ρόδος;Νότιο Αιγαίο;2025-03-04;Silver
205287;Νίκος;Πετρόπουλος;M;28;Ηράκλειο;Κρήτη;2024-07-11;Bronze
205288;Κατερίνα;Αναστασίου;F;18;Λάρισα;Θεσσαλία;2024-05-05;Gold
205289;Δήμητρα;Ζαχαρίου;F;62;Λάρισα;Θεσσαλία;2025-12-12;Gold
205290;Χριστίνα;Ζαχαρίου;F;44;Θεσσαλονίκη;Κεντρική Μακεδονία;2025-10-29;Gold
205291;Ιωάννα;Χατζής;F;65;Ηράκλειο;Κρήτη;2024-09-04;Bronze
205292;Χριστίνα;Πετρόπουλος;F;37;Πάτρα;Δυτική Ελλάδα;2024-01-21;Bronze
205293;Σοφία;Παπανικολάου;F;46;Ιωάννινα;Ήπειρος;2025-01-22;Bronze
205294;Θανάσης;Ιωαννίδης;M;21;Τρίκαλα;Θεσσαλία;2025-02-28;Bronze
205295;Δημήτρης;Δημητρίου;M;52;Λάρισα;Θεσσαλία;2024-03-05;Silver
205296;Άννα;Σταματίου;F;58;Ιωάννινα;Ήπειρος;2025-01-12;Gold
205297;Παναγιώτης;Καρράς;M;41;Τρίκαλα;Θεσσαλία;2025-01-05;Bronze
205298;Κώστας;Οικονόμου;M;32;Χανιά;Κρήτη;2024-10-14;Silver
205299;Ιωάννα;Σταματίου;F;45;Λάρισα;Θεσσαλία;2024-11-05;Silver
205300;Θανάσης;Ζαχαρίου;M;57;Πάτρα;Δυτική Ελλάδα;2025-12-23;Platinum
205301;Παναγιώτης;Αλεξίου;M;70;Βόλος;Θεσσαλία;2024-08-05;Bronze
205302;Κατερίνα;Παπανικολάου;F;58;Τρίκαλα;Θεσσαλία;2025-03-16;Bronze
205303;Μαρία;Καραγιάννης;F;62;Χανιά;Κρήτη;2024-03-27;Gold
205304;Βασίλης;Αναστασίου;M;63;Καβάλα;Ανατολική Μακεδονία & Θράκη;2024-12-07;Gold
205305;Παναγιώτης;Οικονόμου;M;47;Σέρρες;Κεντρική Μακεδονία;2024-10-06;Silver
205306;Μαρία;Ιωαννίδης;F;62;Χανιά;Κρήτη;2024-05-21;Silver
205307;Ανδρέας;Παπανικολάου;M;67;Λάρισα;Θεσσαλία;2025-03-03;Silver
205308;Κώστας;Οικονόμου;M;43;Ρόδος;Νότιο Αιγαίο;2024-01-24;Silver
205309;Ελένη;Γεωργίου;F;57;Τρίκαλα;Θεσσαλία;2024-12-23;Gold
205310;Άννα;Σπυρόπουλος;F;27;Βόλος;Θεσσαλία;2024-09-01;Gold
205311;Νίκος;Παπανικολάου;M;52;Λάρισα;Θεσσαλία;2025-01-22;Bronze
205312;Σοφία;Νικολάου;F;53;Αθήνα;Αττική;2025-12-05;Bronze
205313;Γιώργος;Χατζής;M;28;Τρίκαλα;Θεσσαλία;2024-08-03;Bronze
205314;Μαρία;Καραγιάννης;F;53;Καβάλα;Ανατολική Μακεδονία & Θράκη;2024-09-05;Bronze
205315;Άννα;Χατζής;F;19;Αθήνα;Αττική;2024-09-02;Gold
205316;Κώστας;Πετρόπουλος;M;28;Ιωάννινα;Ήπειρος;2024-05-25;Bronze
205317;Δήμητρα;Ιωαννίδης;F;63;Βόλος;Θεσσαλία;2025-01-26;Gold
205318;Γεωργία;Καραγιάννης;F;41;Ιωάννινα;Ήπειρος;2024-12-19;Silver
205319;Αγγελική;Βλάχος;F;71;Ηράκλειο;Κρήτη;2025-08-31;Bronze
205320;Άννα;Δημητρίου;F;19;Ρόδος;Νότιο Αιγαίο;2025-11-29;Bronze
205321;Ιωάννα;Λαμπρόπουλος;F;46;Χανιά;Κρήτη;2024-07-10;Gold
205322;Θανάσης;Παπανικολάου;M;48;Πάτρα;Δυτική Ελλάδα;2025-06-05;Bronze
205323;Αγγελική;Αλεξίου;F;18;Σέρρες;Κεντρική Μακεδονία;2024-03-13;Silver
205324;Δήμητρα;Χατζής;F;72;Σέρρες;Κεντρική Μακεδονία;2025-06-19;Bronze
205325;Μιχάλης;Αναστασίου;M;39;Ιωάννινα;Ήπειρος;2024-06-10;Silver
205326;Ιωάννα;Παπαδόπουλος;F;31;Πάτρα;Δυτική Ελλάδα;2025-04-03;Bronze
205327;Δήμητρα;Ζαχαρίου;F;46;Βόλος;Θεσσαλία;2024-02-24;Gold
205328;Κώστας;Οικονόμου;M;49;Βόλος;Θεσσαλία;2025-11-09;Gold
205329;Παναγιώτης;Μιχαηλίδης;M;68;Ρόδος;Νότιο Αιγαίο;2024-02-18;Gold
205330;Άννα;Χατζής;F;19;Σέρρες;Κεντρική Μακεδονία;2025-02-12;Gold
205331;Ιωάννα;Καραγιάννης;F;30;Ρόδος;Νότιο Αιγαίο;2024-06-20;Bronze
205332;Σοφία;Κωνσταντίνου;F;18;Σέρρες;Κεντρική Μακεδονία;2025-05-04;Bronze
205333;Θανάσης;Καραγιάννης;M;23;Χανιά;Κρήτη;2025-10-30;Silver
205334;Νίκος;Δημητρίου;M;29;Αθήνα;Αττική;2024-07-19;Gold
205335;Κατερίνα;Πετρόπουλος;F;61;Σέρρες;Κεντρική Μακεδονία;2024-03-14;Silver
205336;Κατερίνα;Καρράς;F;23;Σέρρες;Κεντρική Μακεδονία;2025-02-05;Bronze
205337;Σοφία;Καραγιάννης;F;22;Αθήνα;Αττική;2025-05-15;Silver
205338;Ανδρέας;Σταματίου;M;46;Βόλος;Θεσσαλία;2025-03-06;Bronze
205339;Βασίλης;Βλάχος;M;24;Σέρρες;Κεντρική Μακεδονία;2024-07-16;Bronze
205340;Νίκος;Μιχαηλίδης;M;23;Σέρρες;Κεντρική Μακεδονία;2025-06-21;Bronze
205341;Ανδρέας;Σταματίου;M;54;Αθήνα;Αττική;2024-03-01;Gold
205342;Σοφία;Δημητρίου;F;69;Τρίκαλα;Θεσσαλία;2025-01-27;Gold
205343;Άννα;Οικονόμου;F;53;Ιωάννινα;Ήπειρος;2024-01-25;Gold
205344;Βασίλης;Βλάχος;M;24;Ιωάννινα;Ήπειρος;2025-05-17;Bronze
205345;Παναγιώτης;Μιχαηλίδης;M;71;Τρίκαλα;Θεσσαλία;2024-09-15;Platinum
205346;Ελένη;Οικονόμου;F;42;Αθήνα;Αττική;2025-02-06;Bronze
205347;Άννα;Καραγιάννης;F;47;Χανιά;Κρήτη;2025-06-28;Gold
205348;Νίκος;Κωνσταντίνου;M;25;Χανιά;Κρήτη;2024-04-30;Bronze
205349;Κατερίνα;Πετρόπουλος;F;19;Χανιά;Κρήτη;2025-11-07;Bronze
205350;Νίκος;Γεωργίου;M;47;Αθήνα;Αττική;2024-12-19;Gold
205351;Ιωάννα;Καρράς;F;65;Βόλος;Θεσσαλία;2025-07-06;Silver
205352;Δήμητρα;Σπυρόπουλος;F;55;Αθήνα;Αττική;2024-08-18;Gold
205353;Χρήστος;Σπυρόπουλος;M;64;Βόλος;Θεσσαλία;2025-10-10;Silver
205354;Ιωάννα;Πετρόπουλος;F;23;Αθήνα;Αττική;2025-08-20;Gold
205355;Μιχάλης;Ζαχαρίου;M;36;Χανιά;Κρήτη;2025-02-15;Bronze
205356;Γιώργος;Λαμπρόπουλος;M;18;Λάρισα;Θεσσαλία;2024-11-19;Gold
205357;Παναγιώτης;Αλεξίου;M;19;Λάρισα;Θεσσαλία;2025-09-18;Gold
205358;Γιώργος;Σπυρόπουλος;M;72;Αθήνα;Αττική;2024-01-03;Bronze
205359;Ιωάννα;Ιωαννίδης;F;39;Λάρισα;Θεσσαλία;2025-04-02;Bronze
205360;Σοφία;Δημητρίου;F;45;Ηράκλειο;Κρήτη;2025-06-25;Bronze
205361;Νίκος;Καραγιάννης;M;72;Πάτρα;Δυτική Ελλάδα;2025-10-11;Bronze
205362;Ανδρέας;Ζαχαρίου;M;28;Θεσσαλονίκη;Κεντρική Μακεδονία;2025-05-01;Gold
205363;Χρήστος;Βλάχος;M;61;Ηράκλειο;Κρήτη;2024-01-30;Silver
205364;Παναγιώτης;Λαμπρόπουλος;M;71;Σέρρες;Κεντρική Μακεδονία;2025-10-15;Bronze
205365;Ελένη;Γεωργίου;F;28;Βόλος;Θεσσαλία;2025-05-29;Bronze
205366;Άννα;Οικονόμου;F;43;Βόλος;Θεσσαλία;2025-11-28;Gold
205367;Ιωάννα;Νικολάου;F;23;Θεσσαλονίκη;Κεντρική Μακεδονία;2024-05-16;Bronze
205368;Αγγελική;Γεωργίου;F;18;Ρόδος;Νότιο Αιγαίο;2025-06-27;Gold
205369;Χριστίνα;Καρράς;F;32;Βόλος;Θεσσαλία;2024-05-11;Bronze
205370;Χρήστος;Καραγιάννης;M;30;Σέρρες;Κεντρική Μακεδονία;2025-04-07;Bronze
205371;Μιχάλης;Παπαδόπουλος;M;43;Χανιά;Κρήτη;2025-02-24;Silver
205372;Σοφία;Καρράς;F;65;Λάρισα;Θεσσαλία;2024-04-13;Bronze
205373;Ανδρέας;Πετρόπουλος;M;71;Λάρισα;Θεσσαλία;2025-03-13;Silver
205374;Άννα;Σπυρόπουλος;F;36;Πάτρα;Δυτική Ελλάδα;2024-12-17;Bronze
205375;Ιωάννα;Μιχαηλίδης;F;52;Ρόδος;Νότιο Αιγαίο;2025-08-06;Silver
205376;Ιωάννα;Βλάχος;F;61;Ρόδος;Νότιο Αιγαίο;2025-01-17;Bronze
205377;Μαρία;Βλάχος;F;64;Πάτρα;Δυτική Ελλάδα;2025-11-15;Silver
205378;Μαρία;Γεωργίου;F;34;Σέρρες;Κεντρική Μακεδονία;2024-01-18;Gold
205379;Μαρία;Σπυρόπουλος;F;68;Σέρρες;Κεντρική Μακεδονία;2024-03-19;Bronze
205380;Θανάσης;Πετρόπουλος;M;42;Τρίκαλα;Θεσσαλία;2025-11-14;Silver
205381;Κώστας;Βλάχος;M;21;Σέρρες;Κεντρική Μακεδονία;2024-11-10;Silver
205382;Κατερίνα;Παπανικολάου;F;63;Ρόδος;Νότιο Αιγαίο;2025-03-04;Bronze
205383;Ανδρέας;Πετρόπουλος;M;63;Βόλος;Θεσσαλία;2025-12-04;Silver
205384;Δημήτρης;Ζαχαρίου;M;67;Λάρισα;Θεσσαλία;2024-04-03;Bronze
205385;Χρήστος;Σταματίου;M;53;Τρίκαλα;Θεσσαλία;2025-06-05;Bronze
205386;Χριστίνα;Οικονόμου;F;60;Ηράκλειο;Κρήτη;2024-01-28;Platinum
205387;Ανδρέας;Δημητρίου;M;58;Χανιά;Κρήτη;2024-08-08;Bronze
205388;Παναγιώτης;Χατζής;M;31;Ιωάννινα;Ήπειρος;2024-09-12;Bronze
205389;Βασίλης;Καραγιάννης;M;46;Ρόδος;Νότιο Αιγαίο;2025-10-06;Gold
205390;Παναγιώτης;Καραγιάννης;M;27;Λάρισα;Θεσσαλία;2025-12-19;Bronze
205391;Ιωάννα;Μιχαηλίδης;F;27;Θεσσαλονίκη;Κεντρική Μακεδονία;2025-07-03;Silver
205392;Άννα;Παπαδόπουλος;F;57;Ιωάννινα;Ήπειρος;2024-10-19;Silver
205393;Θανάσης;Αλεξίου;M;26;Ιωάννινα;Ήπειρος;2025-06-24;Bronze
205394;Αγγελική;Καραγιάννης;F;19;Ρόδος;Νότιο Αιγαίο;2025-10-15;Bronze
205395;Ελένη;Καρράς;F;61;Πάτρα;Δυτική Ελλάδα;2025-07-27;Silver
205396;Βασίλης;Αναστασίου;M;40;Λάρισα;Θεσσαλία;2025-06-22;Gold
205397;Κατερίνα;Σπυρόπουλος;F;48;Ηράκλειο;Κρήτη;2024-08-16;Bronze
205398;Ανδρέας;Ζαχαρίου;M;24;Πάτρα;Δυτική Ελλάδα;2025-11-17;Gold
205399;Χριστίνα;Μιχαηλίδης;F;32;Λάρισα;Θεσσαλία;2024-01-08;Bronze
205400;Θανάσης;Σπυρόπουλος;M;65;Λάρισα;Θεσσαλία;2024-09-24;Gold
205401;Χριστίνα;Παπανικολάου;F;63;Πάτρα;Δυτική Ελλάδα;2024-05-12;Bronze
205402;Αγγελική;Παπανικολάου;F;66;Θεσσαλονίκη;Κεντρική Μακεδονία;2025-02-26;Silver
205403;Μιχάλης;Ιωαννίδης;M;22;Καβάλα;Ανατολική Μακεδονία & Θράκη;2024-04-16;Bronze
205404;Βασίλης;Αναστασίου;M;38;Λάρισα;Θεσσαλία;2025-10-19;Silver
205405;Μαρία;Παπαδόπουλος;F;40;Καβάλα;Ανατολική Μακεδονία & Θράκη;2024-09-23;Silver
205406;Μιχάλης;Καρράς;M;44;Λάρισα;Θεσσαλία;2025-07-01;Silver
205407;Ελένη;Βλάχος;F;52;Σέρρες;Κεντρική Μακεδονία;2024-09-12;Bronze
205408;Χριστίνα;Οικονόμου;F;49;Χανιά;Κρήτη;2024-08-28;Bronze
205409;Αγγελική;Σταματίου;F;58;Πάτρα;Δυτική Ελλάδα;2024-09-19;Bronze
205410;Αγγελική;Λαμπρόπουλος;F;25;Ιωάννινα;Ήπειρος;2024-01-16;Silver
205411;Άννα;Αναστασίου;F;24;Καβάλα;Ανατολική Μακεδονία & Θράκη;2025-03-10;Silver
205412;Σοφία;Καρράς;F;24;Λάρισα;Θεσσαλία;2024-04-11;Bronze
205413;Γιώργος;Γεωργίου;M;36;Σέρρες;Κεντρική Μακεδονία;2025-04-18;Gold
205414;Κώστας;Χατζής;M;50;Σέρρες;Κεντρική Μακεδονία;2024-08-28;Platinum
205415;Αγγελική;Κωνσταντίνου;F;36;Χανιά;Κρήτη;2025-12-28;Bronze
205416;Κώστας;Σπυρόπουλος;M;48;Θεσσαλονίκη;Κεντρική Μακεδονία;2024-05-18;Gold
205417;Ελένη;Παπανικολάου;F;42;Σέρρες;Κεντρική Μακεδονία;2025-05-28;Platinum
205418;Θανάσης;Παπαδόπουλος;M;71;Ρόδος;Νότιο Αιγαίο;2024-04-08;Silver
205419;Σοφία;Καραγιάννης;F;54;Λάρισα;Θεσσαλία;2024-01-15;Gold
205420;Δημήτρης;Παπαδόπουλος;M;68;Χανιά;Κρήτη;2025-09-01;Silver
205421;Θανάσης;Οικονόμου;M;43;Λάρισα;Θεσσαλία;2024-04-09;Silver
205422;Δήμητρα;Λαμπρόπουλος;F;65;Λάρισα;Θεσσαλία;2024-02-03;Bronze
205423;Μιχάλης;Καρράς;M;34;Βόλος;Θεσσαλία;2024-05-09;Gold
205424;Αγγελική;Σπυρόπουλος;F;26;Χανιά;Κρήτη;2024-01-15;Gold
205425;Βασίλης;Μιχαηλίδης;M;38;Ιωάννινα;Ήπειρος;2024-07-01;Platinum
205426;Γιώργος;Λαμπρόπουλος;M;18;Βόλος;Θεσσαλία;2025-08-16;Silver
205427;Βασίλης;Λαμπρόπουλος;M;50;Αθήνα;Αττική;2024-01-08;Silver
205428;Γιώργος;Παπανικολάου;M;30;Καβάλα;Ανατολική Μακεδονία & Θράκη;2025-07-04;Bronze
205429;Αγγελική;Καραγιάννης;F;58;Πάτρα;Δυτική Ελλάδα;2025-11-02;Gold
205430;Γιώργος;Αλεξίου;M;18;Καβάλα;Ανατολική Μακεδονία & Θράκη;2024-03-13;Bronze
205431;Χρήστος;Χατζής;M;65;Πάτρα;Δυτική Ελλάδα;2024-06-19;Bronze
205432;Χριστίνα;Μιχαηλίδης;F;28;Θεσσαλονίκη;Κεντρική Μακεδονία;2025-01-10;Bronze
205433;Ελένη;Χατζής;F;53;Αθήνα;Αττική;2025-04-01;Bronze
205434;Μιχάλης;Νικολάου;M;57;Σέρρες;Κεντρική Μακεδονία;2024-06-19;Gold
205435;Κατερίνα;Λαμπρόπουλος;F;44;Ηράκλειο;Κρήτη;2024-12-06;Silver
205436;Παναγιώτης;Χατζής;M;28;Τρίκαλα;Θεσσαλία;2025-02-03;Bronze
205437;Σοφία;Πετρόπουλος;F;38;Βόλος;Θεσσαλία;2025-09-15;Bronze
205438;Δημήτρης;Βλάχος;M;41;Βόλος;Θεσσαλία;2025-06-21;Silver
205439;Κατερίνα;Ζαχαρίου;F;59;Ηράκλειο;Κρήτη;2024-09-25;Bronze
205440;Βασίλης;Πετρόπουλος;M;24;Ιωάννινα;Ήπειρος;2024-03-24;Silver
205441;Ανδρέας;Παπανικολάου;M;53;Καβάλα;Ανατολική Μακεδονία & Θράκη;2025-01-09;Bronze
205442;Θανάσης;Καρράς;M;23;Λάρισα;Θεσσαλία;2025-08-22;Silver
205443;Θανάσης;Αναστασίου;M;22;Ιωάννινα;Ήπειρος;2025-04-24;Silver
205444;Γιώργος;Σταματίου;M;47;Ρόδος;Νότιο Αιγαίο;2025-06-04;Silver
205445;Παναγιώτης;Παπανικολάου;M;72;Λάρισα;Θεσσαλία;2025-07-08;Bronze
205446;Βασίλης;Πετρόπουλος;M;25;Καβάλα;Ανατολική Μακεδονία & Θράκη;2025-10-03;Bronze
205447;Δήμητρα;Ζαχαρίου;F;37;Χανιά;Κρήτη;2025-05-10;Bronze
205448;Μαρία;Οικονόμου;F;54;Πάτρα;Δυτική Ελλάδα;2025-03-06;Bronze
205449;Δήμητρα;Λαμπρόπουλος;F;71;Αθήνα;Αττική;2025-05-20;Silver
205450;Γιώργος;Λαμπρόπουλος;M;58;Σέρρες;Κεντρική Μακεδονία;2024-01-24;Bronze
205451;Νίκος;Χατζής;M;49;Λάρισα;Θεσσαλία;2024-08-03;Platinum
205452;Ιωάννα;Παπανικολάου;F;61;Πάτρα;Δυτική Ελλάδα;2025-11-04;Gold
205453;Ανδρέας;Ιωαννίδης;M;70;Τρίκαλα;Θεσσαλία;2025-01-17;Gold
205454;Αγγελική;Παπαδόπουλος;F;62;Τρίκαλα;Θεσσαλία;2025-07-14;Bronze
205455;Γιώργος;Γεωργίου;M;39;Τρίκαλα;Θεσσαλία;2025-10-30;Silver
205456;Δημήτρης;Μιχαηλίδης;M;72;Πάτρα;Δυτική Ελλάδα;2024-10-06;Silver
205457;Γεωργία;Αναστασίου;F;68;Καβάλα;Ανατολική Μακεδονία & Θράκη;2025-11-25;Bronze
205458;Ανδρέας;Γεωργίου;M;54;Τρίκαλα;Θεσσαλία;2024-02-10;Bronze
205459;Κατερίνα;Αναστασίου;F;62;Λάρισα;Θεσσαλία;2025-03-11;Bronze
205460;Ιωάννα;Καραγιάννης;F;28;Λάρισα;Θεσσαλία;2025-06-29;Silver
205461;Ιωάννα;Μιχαηλίδης;F;33;Αθήνα;Αττική;2025-12-03;Silver
205462;Ιωάννα;Νικολάου;F;60;Χανιά;Κρήτη;2025-09-09;Bronze
205463;Γιώργος;Οικονόμου;M;63;Τρίκαλα;Θεσσαλία;2025-03-03;Bronze
205464;Σοφία;Δημητρίου;F;50;Αθήνα;Αττική;2024-09-27;Gold
205465;Γιώργος;Νικολάου;M;28;Ηράκλειο;Κρήτη;2024-01-16;Bronze
205466;Δήμητρα;Σπυρόπουλος;F;33;Ηράκλειο;Κρήτη;2025-03-19;Platinum
205467;Βασίλης;Καραγιάννης;M;42;Βόλος;Θεσσαλία;2025-04-05;Bronze
205468;Δήμητρα;Νικολάου;F;39;Χανιά;Κρήτη;2025-02-27;Silver
205469;Αγγελική;Ιωαννίδης;F;19;Τρίκαλα;Θεσσαλία;2025-03-12;Gold
205470;Αγγελική;Καραγιάννης;F;51;Πάτρα;Δυτική Ελλάδα;2025-11-04;Bronze
205471;Ελένη;Βλάχος;F;20;Αθήνα;Αττική;2024-02-25;Bronze
205472;Σοφία;Μιχαηλίδης;F;59;Λάρισα;Θεσσαλία;2024-12-14;Gold
205473;Παναγιώτης;Σπυρόπουλος;M;57;Χανιά;Κρήτη;2024-12-23;Bronze
205474;Αγγελική;Αναστασίου;F;36;Καβάλα;Ανατολική Μακεδονία & Θράκη;2024-01-07;Bronze
205475;Παναγιώτης;Ιωαννίδης;M;20;Βόλος;Θεσσαλία;2025-11-13;Silver
205476;Δημήτρης;Καραγιάννης;M;20;Ιωάννινα;Ήπειρος;2025-09-09;Gold
205477;Νίκος;Ζαχαρίου;M;24;Ρόδος;Νότιο Αιγαίο;2025-02-07;Silver
205478;Βασίλης;Σπυρόπουλος;M;72;Βόλος;Θεσσαλία;2025-11-01;Silver
205479;Γεωργία;Κωνσταντίνου;F;28;Πάτρα;Δυτική Ελλάδα;2025-08-11;Silver
205480;Δημήτρης;Βλάχος;M;59;Πάτρα;Δυτική Ελλάδα;2024-10-22;Bronze
205481;Ιωάννα;Δημητρίου;F;23;Χανιά;Κρήτη;2024-01-06;Gold
205482;Ιωάννα;Σπυρόπουλος;F;36;Ηράκλειο;Κρήτη;2025-01-23;Bronze
205483;Αγγελική;Πετρόπουλος;F;18;Ρόδος;Νότιο Αιγαίο;2025-06-16;Bronze
205484;Μιχάλης;Γεωργίου;M;34;Ηράκλειο;Κρήτη;2025-12-01;Bronze
205485;Ιωάννα;Κωνσταντίνου;F;56;Ηράκλειο;Κρήτη;2025-10-13;Bronze
205486;Χριστίνα;Ζαχαρίου;F;52;Ρόδος;Νότιο Αιγαίο;2024-08-05;Silver
205487;Ελένη;Μιχαηλίδης;F;58;Τρίκαλα;Θεσσαλία;2024-04-02;Silver
205488;Ιωάννα;Μιχαηλίδης;F;37;Τρίκαλα;Θεσσαλία;2024-11-19;Silver
205489;Βασίλης;Αναστασίου;M;30;Θεσσαλονίκη;Κεντρική Μακεδονία;2025-09-25;Bronze
205490;Κατερίνα;Δημητρίου;F;62;Καβάλα;Ανατολική Μακεδονία & Θράκη;2025-07-31;Silver
205491;Ανδρέας;Αλεξίου;M;60;Θεσσαλονίκη;Κεντρική Μακεδονία;2024-05-17;Platinum
205492;Ανδρέας;Παπανικολάου;M;62;Καβάλα;Ανατολική Μακεδονία & Θράκη;2024-11-02;Bronze
205493;Δήμητρα;Πετρόπουλος;F;41;Χανιά;Κρήτη;2025-03-28;Bronze
205494;Δήμητρα;Χατζής;F;71;Θεσσαλονίκη;Κεντρική Μακεδονία;2025-10-17;Bronze
205495;Δημήτρης;Οικονόμου;M;49;Χανιά;Κρήτη;2024-09-04;Silver
205496;Νίκος;Ζαχαρίου;M;62;Τρίκαλα;Θεσσαλία;2024-09-04;Bronze
205497;Ελένη;Σταματίου;F;65;Ηράκλειο;Κρήτη;2024-09-24;Bronze
205498;Δημήτρης;Σταματίου;M;69;Βόλος;Θεσσαλία;2025-12-10;Silver
205499;Παναγιώτης;Ιωαννίδης;M;38;Καβάλα;Ανατολική Μακεδονία & Θράκη;2024-03-20;Gold
205500;Κατερίνα;Σπυρόπουλος;F;35;Ηράκλειο;Κρήτη;2024-12-06;Bronze
205501;Γεωργία;Νικολάου;F;50;Ιωάννινα;Ήπειρος;2024-07-24;Bronze
205502;Κώστας;Αλεξίου;M;24;Καβάλα;Ανατολική Μακεδονία & Θράκη;2024-09-19;Silver
205503;Κώστας;Ζαχαρίου;M;65;Θεσσαλονίκη;Κεντρική Μακεδονία;2024-02-15;Platinum
205504;Μιχάλης;Μιχαηλίδης;M;32;Λάρισα;Θεσσαλία;2024-10-07;Bronze
205505;Χριστίνα;Παπαδόπουλος;F;29;Σέρρες;Κεντρική Μακεδονία;2025-01-19;Platinum
205506;Δημήτρης;Ιωαννίδης;M;43;Λάρισα;Θεσσαλία;2024-03-16;Silver
205507;Θανάσης;Λαμπρόπουλος;M;60;Καβάλα;Ανατολική Μακεδονία & Θράκη;2024-02-08;Gold
205508;Κατερίνα;Γεωργίου;F;41;Τρίκαλα;Θεσσαλία;2024-03-31;Bronze
205509;Ανδρέας;Γεωργίου;M;48;Πάτρα;Δυτική Ελλάδα;2025-10-27;Bronze
205510;Αγγελική;Ιωαννίδης;F;20;Λάρισα;Θεσσαλία;2025-11-05;Bronze
205511;Κατερίνα;Μιχαηλίδης;F;21;Σέρρες;Κεντρική Μακεδονία;2024-05-25;Gold
205512;Ανδρέας;Αναστασίου;M;59;Καβάλα;Ανατολική Μακεδονία & Θράκη;2024-06-06;Gold
205513;Μαρία;Παπανικολάου;F;64;Βόλος;Θεσσαλία;2024-08-30;Bronze
205514;Ελένη;Γεωργίου;F;32;Ρόδος;Νότιο Αιγαίο;2024-01-18;Bronze
205515;Αγγελική;Πετρόπουλος;F;26;Καβάλα;Ανατολική Μακεδονία & Θράκη;2025-01-07;Gold
205516;Δημήτρης;Κωνσταντίνου;M;21;Χανιά;Κρήτη;2025-05-18;Bronze
205517;Χριστίνα;Λαμπρόπουλος;F;68;Σέρρες;Κεντρική Μακεδονία;2024-08-18;Bronze
205518;Δήμητρα;Μιχαηλίδης;F;33;Χανιά;Κρήτη;2025-01-14;Silver
205519;Βασίλης;Νικολάου;M;53;Λάρισα;Θεσσαλία;2024-08-02;Silver
205520;Σοφία;Ζαχαρίου;F;68;Ιωάννινα;Ήπειρος;2025-08-16;Silver
205521;Ανδρέας;Ιωαννίδης;M;49;Τρίκαλα;Θεσσαλία;2024-08-01;Gold
205522;Βασίλης;Παπαδόπουλος;M;47;Ρόδος;Νότιο Αιγαίο;2024-05-08;Bronze
205523;Μαρία;Χατζής;F;61;Λάρισα;Θεσσαλία;2024-01-11;Bronze
205524;Δήμητρα;Παπαδόπουλος;F;24;Καβάλα;Ανατολική Μακεδονία & Θράκη;2024-11-18;Bronze
205525;Χριστίνα;Ιωαννίδης;F;68;Βόλος;Θεσσαλία;2025-06-12;Silver
205526;Χρήστος;Παπανικολάου;M;52;Ιωάννινα;Ήπειρος;2025-08-27;Silver
205527;Κώστας;Αλεξίου;M;28;Λάρισα;Θεσσαλία;2024-07-05;Bronze
205528;Γιώργος;Οικονόμου;M;43;Ηράκλειο;Κρήτη;2025-12-07;Bronze
205529;Γιώργος;Καρράς;M;72;Ρόδος;Νότιο Αιγαίο;2025-04-25;Gold
205530;Δημήτρης;Μιχαηλίδης;M;66;Ηράκλειο;Κρήτη;2024-12-14;Silver
205531;Παναγιώτης;Νικολάου;M;71;Αθήνα;Αττική;2024-06-06;Silver
205532;Κώστας;Νικολάου;M;31;Πάτρα;Δυτική Ελλάδα;2025-07-21;Bronze
205533;Παναγιώτης;Παπαδόπουλος;M;63;Πάτρα;Δυτική Ελλάδα;2025-10-13;Bronze
205534;Σοφία;Νικολάου;F;27;Λάρισα;Θεσσαλία;2025-08-31;Bronze
205535;Άννα;Παπαδόπουλος;F;27;Ηράκλειο;Κρήτη;2025-12-08;Bronze
205536;Γιώργος;Παπαδόπουλος;M;24;Ηράκλειο;Κρήτη;2024-05-12;Bronze
205537;Βασίλης;Σταματίου;M;34;Σέρρες;Κεντρική Μακεδονία;2024-08-29;Bronze
205538;Γεωργία;Γεωργίου;F;63;Ηράκλειο;Κρήτη;2024-12-09;Bronze
205539;Θανάσης;Παπανικολάου;M;42;Θεσσαλονίκη;Κεντρική Μακεδονία;2025-10-13;Platinum
205540;Κατερίνα;Χατζής;F;35;Τρίκαλα;Θεσσαλία;2025-12-14;Silver
205541;Ιωάννα;Μιχαηλίδης;F;36;Αθήνα;Αττική;2025-07-04;Gold
205542;Ιωάννα;Χατζής;F;41;Ηράκλειο;Κρήτη;2025-01-19;Bronze
205543;Μαρία;Λαμπρόπουλος;F;30;Αθήνα;Αττική;2025-10-19;Silver
205544;Χρήστος;Βλάχος;M;33;Ιωάννινα;Ήπειρος;2024-02-26;Bronze
205545;Νίκος;Παπανικολάου;M;45;Καβάλα;Ανατολική Μακεδονία & Θράκη;2024-06-16;Bronze
205546;Άννα;Καρράς;F;29;Ρόδος;Νότιο Αιγαίο;2024-05-29;Bronze
205547;Ιωάννα;Σπυρόπουλος;F;30;Χανιά;Κρήτη;2024-07-05;Silver
205548;Βασίλης;Νικολάου;M;22;Λάρισα;Θεσσαλία;2025-03-18;Bronze
205549;Κώστας;Σταματίου;M;28;Χανιά;Κρήτη;2024-08-16;Bronze
205550;Δημήτρης;Ζαχαρίου;M;38;Πάτρα;Δυτική Ελλάδα;2024-06-16;Bronze
205551;Χρήστος;Νικολάου;M;49;Σέρρες;Κεντρική Μακεδονία;2024-01-29;Gold
205552;Μαρία;Γεωργίου;F;35;Λάρισα;Θεσσαλία;2024-03-17;Bronze
205553;Κατερίνα;Σταματίου;F;55;Πάτρα;Δυτική Ελλάδα;2024-09-14;Gold
205554;Ιωάννα;Παπαδόπουλος;F;51;Σέρρες;Κεντρική Μακεδονία;2025-10-22;Silver
205555;Ανδρέας;Οικονόμου;M;35;Ιωάννινα;Ήπειρος;2024-06-09;Silver
205556;Δημήτρης;Σπυρόπουλος;M;35;Θεσσαλονίκη;Κεντρική Μακεδονία;2024-12-26;Gold
205557;Αγγελική;Βλάχος;F;31;Τρίκαλα;Θεσσαλία;2025-06-18;Bronze
205558;Γεωργία;Δημητρίου;F;64;Ρόδος;Νότιο Αιγαίο;2024-01-23;Bronze
205559;Θανάσης;Κωνσταντίνου;M;39;Χανιά;Κρήτη;2025-05-08;Bronze
205560;Μαρία;Ζαχαρίου;F;62;Πάτρα;Δυτική Ελλάδα;2024-12-19;Gold
205561;Κατερίνα;Βλάχος;F;29;Τρίκαλα;Θεσσαλία;2025-12-15;Silver
205562;Γιώργος;Καραγιάννης;M;18;Χανιά;Κρήτη;2025-03-07;Gold
205563;Βασίλης;Καρράς;M;56;Λάρισα;Θεσσαλία;2025-05-30;Gold
205564;Ιωάννα;Αναστασίου;F;47;Τρίκαλα;Θεσσαλία;2025-10-07;Gold
205565;Θανάσης;Γεωργίου;M;35;Χανιά;Κρήτη;2024-09-12;Silver
205566;Δήμητρα;Οικονόμου;F;53;Σέρρες;Κεντρική Μακεδονία;2025-01-25;Silver
205567;Μιχάλης;Παπαδόπουλος;M;65;Πάτρα;Δυτική Ελλάδα;2024-12-06;Gold
205568;Σοφία;Γεωργίου;F;68;Θεσσαλονίκη;Κεντρική Μακεδονία;2025-11-14;Bronze
205569;Δήμητρα;Καρράς;F;29;Σέρρες;Κεντρική Μακεδονία;2024-11-06;Platinum
205570;Χρήστος;Καρράς;M;46;Ιωάννινα;Ήπειρος;2025-10-22;Silver
205571;Μαρία;Παπανικολάου;F;54;Ιωάννινα;Ήπειρος;2024-11-05;Silver
205572;Δημήτρης;Καρράς;M;70;Λάρισα;Θεσσαλία;2024-06-23;Gold
205573;Άννα;Νικολάου;F;19;Ιωάννινα;Ήπειρος;2024-11-23;Bronze
205574;Κώστας;Καρράς;M;58;Θεσσαλονίκη;Κεντρική Μακεδονία;2024-10-29;Platinum
205575;Μαρία;Αλεξίου;F;48;Θεσσαλονίκη;Κεντρική Μακεδονία;2024-12-19;Bronze
205576;Άννα;Γεωργίου;F;20;Ρόδος;Νότιο Αιγαίο;2024-03-07;Bronze
205577;Αγγελική;Βλάχος;F;59;Αθήνα;Αττική;2025-09-25;Gold
205578;Άννα;Δημητρίου;F;65;Πάτρα;Δυτική Ελλάδα;2024-06-16;Platinum
205579;Χρήστος;Κωνσταντίνου;M;55;Καβάλα;Ανατολική Μακεδονία & Θράκη;2024-10-15;Bronze
205580;Μαρία;Καρράς;F;46;Σέρρες;Κεντρική Μακεδονία;2025-10-03;Silver
205581;Σοφία;Σταματίου;F;50;Ιωάννινα;Ήπειρος;2025-10-04;Platinum
205582;Γιώργος;Σπυρόπουλος;M;60;Τρίκαλα;Θεσσαλία;2024-01-31;Silver
205583;Γιώργος;Δημητρίου;M;64;Αθήνα;Αττική;2024-04-21;Bronze
205584;Αγγελική;Παπαδόπουλος;F;41;Ιωάννινα;Ήπειρος;2025-09-12;Silver
205585;Νίκος;Γεωργίου;M;65;Χανιά;Κρήτη;2025-05-08;Bronze
205586;Γιώργος;Κωνσταντίνου;M;34;Ρόδος;Νότιο Αιγαίο;2024-03-12;Gold
205587;Μιχάλης;Σταματίου;M;62;Ηράκλειο;Κρήτη;2025-12-05;Bronze
205588;Γεωργία;Σταματίου;F;19;Λάρισα;Θεσσαλία;2025-08-05;Silver
205589;Χρήστος;Αναστασίου;M;21;Λάρισα;Θεσσαλία;2024-03-28;Bronze
205590;Μιχάλης;Οικονόμου;M;60;Λάρισα;Θεσσαλία;2025-12-02;Platinum
205591;Γιώργος;Ιωαννίδης;M;41;Αθήνα;Αττική;2024-08-10;Bronze
205592;Αγγελική;Παπανικολάου;F;20;Ιωάννινα;Ήπειρος;2025-03-01;Bronze
205593;Ιωάννα;Ιωαννίδης;F;59;Θεσσαλονίκη;Κεντρική Μακεδονία;2024-09-30;Bronze
205594;Ανδρέας;Δημητρίου;M;39;Ιωάννινα;Ήπειρος;2024-01-22;Silver
205595;Παναγιώτης;Νικολάου;M;47;Καβάλα;Ανατολική Μακεδονία & Θράκη;2024-02-22;Silver
205596;Ανδρέας;Βλάχος;M;52;Ιωάννινα;Ήπειρος;2024-04-27;Bronze
205597;Ελένη;Γεωργίου;F;23;Τρίκαλα;Θεσσαλία;2025-03-20;Bronze
205598;Ελένη;Κωνσταντίνου;F;31;Βόλος;Θεσσαλία;2025-09-23;Bronze
205599;Γιώργος;Μιχαηλίδης;M;24;Σέρρες;Κεντρική Μακεδονία;2025-03-07;Platinum
205600;Παναγιώτης;Καραγιάννης;M;29;Βόλος;Θεσσαλία;2024-12-22;Bronze
205601;Μιχάλης;Αλεξίου;M;49;Θεσσαλονίκη;Κεντρική Μακεδονία;2024-07-10;Bronze
205602;Κατερίνα;Παπανικολάου;F;64;Αθήνα;Αττική;2025-07-12;Silver
205603;Δήμητρα;Σταματίου;F;37;Αθήνα;Αττική;2025-07-15;Silver
205604;Θανάσης;Καρράς;M;61;Ρόδος;Νότιο Αιγαίο;2024-05-11;Bronze
205605;Δημήτρης;Καρράς;M;20;Θεσσαλονίκη;Κεντρική Μακεδονία;2025-11-19;Bronze
205606;Νίκος;Χατζής;M;24;Τρίκαλα;Θεσσαλία;2024-10-02;Gold
205607;Θανάσης;Πετρόπουλος;M;61;Χανιά;Κρήτη;2024-04-27;Bronze
205608;Ελένη;Χατζής;F;26;Σέρρες;Κεντρική Μακεδονία;2025-12-18;Gold
205609;Βασίλης;Ζαχαρίου;M;46;Λάρισα;Θεσσαλία;2024-03-19;Bronze
205610;Γεωργία;Νικολάου;F;69;Βόλος;Θεσσαλία;2024-09-28;Silver
205611;Δήμητρα;Οικονόμου;F;27;Ιωάννινα;Ήπειρος;2025-03-12;Bronze
205612;Μιχάλης;Βλάχος;M;52;Τρίκαλα;Θεσσαλία;2025-03-19;Silver
205613;Χριστίνα;Κωνσταντίνου;F;53;Θεσσαλονίκη;Κεντρική Μακεδονία;2024-03-26;Bronze
205614;Κώστας;Χατζής;M;58;Τρίκαλα;Θεσσαλία;2024-05-18;Silver
205615;Κατερίνα;Κωνσταντίνου;F;30;Αθήνα;Αττική;2025-03-12;Silver
205616;Γεωργία;Ζαχαρίου;F;32;Σέρρες;Κεντρική Μακεδονία;2025-01-29;Silver
205617;Γιώργος;Καραγιάννης;M;18;Χανιά;Κρήτη;2025-12-08;Gold
205618;Μαρία;Ζαχαρίου;F;57;Ηράκλειο;Κρήτη;2025-10-10;Bronze
205619;Δημήτρης;Γεωργίου;M;40;Καβάλα;Ανατολική Μακεδονία & Θράκη;2025-08-13;Bronze
205620;Δημήτρης;Καρράς;M;42;Θεσσαλονίκη;Κεντρική Μακεδονία;2025-12-28;Bronze
205621;Γιώργος;Δημητρίου;M;46;Πάτρα;Δυτική Ελλάδα;2025-08-26;Gold
205622;Ελένη;Νικολάου;F;42;Σέρρες;Κεντρική Μακεδονία;2025-02-14;Bronze
205623;Γεωργία;Καρράς;F;67;Θεσσαλονίκη;Κεντρική Μακεδονία;2024-03-30;Gold
205624;Βασίλης;Κωνσταντίνου;M;18;Σέρρες;Κεντρική Μακεδονία;2024-09-02;Silver
205625;Μιχάλης;Μιχαηλίδης;M;48;Ηράκλειο;Κρήτη;2025-02-25;Bronze
205626;Άννα;Αλεξίου;F;31;Ρόδος;Νότιο Αιγαίο;2025-09-01;Silver
205627;Μαρία;Μιχαηλίδης;F;43;Τρίκαλα;Θεσσαλία;2025-02-18;Silver
205628;Χριστίνα;Παπαδόπουλος;F;68;Τρίκαλα;Θεσσαλία;2024-12-14;Bronze
205629;Γιώργος;Παπανικολάου;M;71;Αθήνα;Αττική;2025-11-26;Silver
205630;Γιώργος;Καρράς;M;58;Ρόδος;Νότιο Αιγαίο;2024-07-10;Bronze
205631;Ανδρέας;Ιωαννίδης;M;45;Λάρισα;Θεσσαλία;2024-11-15;Gold
205632;Ελένη;Νικολάου;F;34;Ηράκλειο;Κρήτη;2025-03-03;Bronze
205633;Ανδρέας;Παπαδόπουλος;M;62;Πάτρα;Δυτική Ελλάδα;2025-09-02;Silver
205634;Μιχάλης;Μιχαηλίδης;M;23;Ρόδος;Νότιο Αιγαίο;2024-04-30;Gold
205635;Παναγιώτης;Πετρόπουλος;M;52;Ηράκλειο;Κρήτη;2025-02-26;Silver
205636;Γεωργία;Παπαδόπουλος;F;33;Πάτρα;Δυτική Ελλάδα;2024-04-05;Bronze
205637;Γεωργία;Δημητρίου;F;25;Καβάλα;Ανατολική Μακεδονία & Θράκη;2025-03-21;Bronze
205638;Μαρία;Οικονόμου;F;35;Ηράκλειο;Κρήτη;2025-05-20;Bronze
205639;Νίκος;Παπανικολάου;M;70;Καβάλα;Ανατολική Μακεδονία & Θράκη;2024-12-28;Silver
205640;Κώστας;Πετρόπουλος;M;38;Αθήνα;Αττική;2025-07-05;Bronze
205641;Μαρία;Αλεξίου;F;55;Αθήνα;Αττική;2024-08-06;Bronze
205642;Αγγελική;Καρράς;F;46;Βόλος;Θεσσαλία;2025-02-09;Silver
205643;Άννα;Παπανικολάου;F;22;Βόλος;Θεσσαλία;2024-09-11;Bronze
205644;Σοφία;Αλεξίου;F;56;Πάτρα;Δυτική Ελλάδα;2025-05-23;Bronze
205645;Κώστας;Οικονόμου;M;47;Χανιά;Κρήτη;2024-02-15;Gold
205646;Δημήτρης;Καραγιάννης;M;52;Θεσσαλονίκη;Κεντρική Μακεδονία;2024-01-03;Bronze
205647;Κώστας;Παπαδόπουλος;M;50;Πάτρα;Δυτική Ελλάδα;2024-09-02;Bronze
205648;Χρήστος;Παπαδόπουλος;M;56;Σέρρες;Κεντρική Μακεδονία;2025-09-21;Bronze
205649;Δήμητρα;Καραγιάννης;F;63;Χανιά;Κρήτη;2025-07-01;Gold
205650;Ελένη;Μιχαηλίδης;F;43;Θεσσαλονίκη;Κεντρική Μακεδονία;2025-07-30;Bronze
205651;Σοφία;Αναστασίου;F;35;Ρόδος;Νότιο Αιγαίο;2024-02-19;Bronze
205652;Χριστίνα;Δημητρίου;F;45;Σέρρες;Κεντρική Μακεδονία;2024-05-24;Bronze
205653;Μιχάλης;Σπυρόπουλος;M;26;Ιωάννινα;Ήπειρος;2024-04-17;Bronze
205654;Μαρία;Σταματίου;F;64;Ιωάννινα;Ήπειρος;2024-01-20;Silver
205655;Βασίλης;Αναστασίου;M;72;Ιωάννινα;Ήπειρος;2024-12-30;Silver
205656;Νίκος;Ζαχαρίου;M;55;Βόλος;Θεσσαλία;2025-01-27;Silver
205657;Σοφία;Πετρόπουλος;F;54;Ηράκλειο;Κρήτη;2024-07-15;Silver
205658;Σοφία;Ιωαννίδης;F;30;Ρόδος;Νότιο Αιγαίο;2024-03-05;Silver
205659;Δημήτρης;Λαμπρόπουλος;M;36;Χανιά;Κρήτη;2025-03-27;Bronze
205660;Σοφία;Κωνσταντίνου;F;32;Τρίκαλα;Θεσσαλία;2024-08-17;Silver
205661;Άννα;Μιχαηλίδης;F;67;Σέρρες;Κεντρική Μακεδονία;2025-10-23;Bronze
205662;Βασίλης;Παπανικολάου;M;46;Βόλος;Θεσσαλία;2024-08-16;Gold
205663;Γεωργία;Αναστασίου;F;46;Ιωάννινα;Ήπειρος;2024-08-09;Bronze
205664;Παναγιώτης;Σταματίου;M;63;Ρόδος;Νότιο Αιγαίο;2024-01-17;Bronze
205665;Γεωργία;Σταματίου;F;59;Καβάλα;Ανατολική Μακεδονία & Θράκη;2025-07-04;Platinum
205666;Κατερίνα;Αλεξίου;F;36;Ιωάννινα;Ήπειρος;2025-11-05;Bronze
205667;Κώστας;Γεωργίου;M;66;Ιωάννινα;Ήπειρος;2025-05-18;Bronze
205668;Βασίλης;Πετρόπουλος;M;44;Αθήνα;Αττική;2024-03-31;Bronze
205669;Δήμητρα;Ζαχαρίου;F;57;Καβάλα;Ανατολική Μακεδονία & Θράκη;2025-05-29;Silver
205670;Κατερίνα;Ιωαννίδης;F;72;Ιωάννινα;Ήπειρος;2025-01-04;Silver
205671;Βασίλης;Παπανικολάου;M;34;Τρίκαλα;Θεσσαλία;2025-10-15;Gold
205672;Σοφία;Παπανικολάου;F;19;Τρίκαλα;Θεσσαλία;2024-08-26;Gold
205673;Άννα;Ζαχαρίου;F;30;Τρίκαλα;Θεσσαλία;2024-09-16;Bronze
205674;Γεωργία;Παπαδόπουλος;F;51;Θεσσαλονίκη;Κεντρική Μακεδονία;2024-09-20;Bronze
205675;Μαρία;Νικολάου;F;56;Τρίκαλα;Θεσσαλία;2025-02-18;Gold
205676;Κώστας;Λαμπρόπουλος;M;63;Ηράκλειο;Κρήτη;2024-03-19;Bronze
205677;Γιώργος;Καραγιάννης;M;19;Καβάλα;Ανατολική Μακεδονία & Θράκη;2025-09-07;Gold
205678;Θανάσης;Οικονόμου;M;68;Λάρισα;Θεσσαλία;2025-12-23;Silver
205679;Αγγελική;Καρράς;F;19;Θεσσαλονίκη;Κεντρική Μακεδονία;2025-01-02;Bronze
205680;Δημήτρης;Κωνσταντίνου;M;69;Βόλος;Θεσσαλία;2024-03-13;Bronze
205681;Θανάσης;Κωνσταντίνου;M;40;Λάρισα;Θεσσαλία;2024-03-30;Silver
205682;Μιχάλης;Λαμπρόπουλος;M;51;Θεσσαλονίκη;Κεντρική Μακεδονία;2024-11-07;Silver
205683;Κατερίνα;Ιωαννίδης;F;19;Καβάλα;Ανατολική Μακεδονία & Θράκη;2024-11-11;Bronze
205684;Γιώργος;Αλεξίου;M;56;Βόλος;Θεσσαλία;2025-11-20;Bronze
205685;Μιχάλης;Ζαχαρίου;M;45;Καβάλα;Ανατολική Μακεδονία & Θράκη;2025-04-02;Gold
205686;Μαρία;Οικονόμου;F;67;Βόλος;Θεσσαλία;2024-07-13;Platinum
205687;Ιωάννα;Μιχαηλίδης;F;63;Αθήνα;Αττική;2025-10-29;Bronze
205688;Άννα;Αλεξίου;F;42;Θεσσαλονίκη;Κεντρική Μακεδονία;2024-10-02;Bronze
205689;Ιωάννα;Κωνσταντίνου;F;23;Βόλος;Θεσσαλία;2024-04-05;Gold
205690;Κώστας;Πετρόπουλος;M;38;Ιωάννινα;Ήπειρος;2025-03-01;Silver
205691;Αγγελική;Σταματίου;F;62;Λάρισα;Θεσσαλία;2025-10-30;Bronze
205692;Αγγελική;Παπανικολάου;F;22;Καβάλα;Ανατολική Μακεδονία & Θράκη;2025-06-24;Bronze
205693;Δήμητρα;Καραγιάννης;F;48;Ηράκλειο;Κρήτη;2024-03-02;Gold
205694;Παναγιώτης;Μιχαηλίδης;M;19;Θεσσαλονίκη;Κεντρική Μακεδονία;2025-05-19;Silver
205695;Θανάσης;Μιχαηλίδης;M;37;Αθήνα;Αττική;2024-03-02;Bronze
205696;Ανδρέας;Καρράς;M;61;Χανιά;Κρήτη;2024-07-26;Gold
205697;Γεωργία;Καρράς;F;71;Πάτρα;Δυτική Ελλάδα;2025-04-01;Silver
205698;Ιωάννα;Καραγιάννης;F;42;Βόλος;Θεσσαλία;2024-09-23;Bronze
205699;Παναγιώτης;Καραγιάννης;M;66;Θεσσαλονίκη;Κεντρική Μακεδονία;2024-10-16;Bronze
205700;Μιχάλης;Κωνσταντίνου;M;60;Αθήνα;Αττική;2024-05-10;Silver
205701;Χρήστος;Ιωαννίδης;M;69;Σέρρες;Κεντρική Μακεδονία;2025-03-17;Platinum
205702;Θανάσης;Βλάχος;M;60;Ιωάννινα;Ήπειρος;2025-05-05;Bronze
205703;Μιχάλης;Ιωαννίδης;M;66;Λάρισα;Θεσσαλία;2024-12-15;Silver
205704;Μαρία;Βλάχος;F;67;Λάρισα;Θεσσαλία;2025-08-21;Silver
205705;Θανάσης;Σπυρόπουλος;M;41;Ρόδος;Νότιο Αιγαίο;2025-01-01;Bronze
205706;Σοφία;Σταματίου;F;29;Σέρρες;Κεντρική Μακεδονία;2024-02-20;Gold
205707;Ιωάννα;Οικονόμου;F;39;Λάρισα;Θεσσαλία;2024-09-23;Silver
205708;Δήμητρα;Ζαχαρίου;F;63;Τρίκαλα;Θεσσαλία;2024-07-24;Silver
205709;Νίκος;Λαμπρόπουλος;M;64;Σέρρες;Κεντρική Μακεδονία;2025-04-24;Bronze
205710;Μιχάλης;Οικονόμου;M;35;Ηράκλειο;Κρήτη;2025-06-07;Silver
205711;Βασίλης;Σπυρόπουλος;M;22;Βόλος;Θεσσαλία;2025-12-07;Silver
205712;Σοφία;Βλάχος;F;19;Πάτρα;Δυτική Ελλάδα;2025-08-19;Silver
205713;Άννα;Λαμπρόπουλος;F;38;Λάρισα;Θεσσαλία;2024-10-03;Gold
205714;Παναγιώτης;Οικονόμου;M;27;Ρόδος;Νότιο Αιγαίο;2024-09-22;Gold
205715;Παναγιώτης;Καρράς;M;50;Χανιά;Κρήτη;2025-01-29;Silver
205716;Βασίλης;Σπυρόπουλος;M;43;Ηράκλειο;Κρήτη;2024-09-18;Platinum
205717;Μιχάλης;Σταματίου;M;37;Καβάλα;Ανατολική Μακεδονία & Θράκη;2025-04-21;Bronze
205718;Ιωάννα;Λαμπρόπουλος;F;47;Ηράκλειο;Κρήτη;2025-05-06;Gold
205719;Ανδρέας;Καρράς;M;25;Ιωάννινα;Ήπειρος;2024-06-09;Bronze
205720;Άννα;Μιχαηλίδης;F;48;Θεσσαλονίκη;Κεντρική Μακεδονία;2024-08-28;Silver
205721;Άννα;Δημητρίου;F;36;Αθήνα;Αττική;2025-12-16;Silver
205722;Νίκος;Χατζής;M;62;Θεσσαλονίκη;Κεντρική Μακεδονία;2025-02-11;Bronze
205723;Χρήστος;Σταματίου;M;37;Τρίκαλα;Θεσσαλία;2025-11-21;Silver
205724;Ιωάννα;Μιχαηλίδης;F;29;Τρίκαλα;Θεσσαλία;2024-03-18;Silver
205725;Παναγιώτης;Σπυρόπουλος;M;54;Σέρρες;Κεντρική Μακεδονία;2025-10-07;Bronze
205726;Ιωάννα;Μιχαηλίδης;F;59;Χανιά;Κρήτη;2025-03-09;Bronze
205727;Ελένη;Μιχαηλίδης;F;71;Καβάλα;Ανατολική Μακεδονία & Θράκη;2024-04-04;Silver
205728;Ιωάννα;Πετρόπουλος;F;27;Βόλος;Θεσσαλία;2025-04-12;Silver
205729;Δημήτρης;Παπανικολάου;M;27;Ρόδος;Νότιο Αιγαίο;2025-05-29;Bronze
205730;Θανάσης;Αλεξίου;M;36;Θεσσαλονίκη;Κεντρική Μακεδονία;2024-08-16;Gold
205731;Παναγιώτης;Παπανικολάου;M;35;Πάτρα;Δυτική Ελλάδα;2024-10-19;Silver
205732;Νίκος;Ιωαννίδης;M;38;Χανιά;Κρήτη;2024-07-09;Gold
205733;Βασίλης;Γεωργίου;M;70;Ρόδος;Νότιο Αιγαίο;2024-12-07;Bronze
205734;Θανάσης;Παπαδόπουλος;M;46;Αθήνα;Αττική;2025-03-21;Silver
205735;Γεωργία;Αλεξίου;F;70;Θεσσαλονίκη;Κεντρική Μακεδονία;2024-08-02;Bronze
205736;Σοφία;Παπανικολάου;F;33;Χανιά;Κρήτη;2024-07-20;Bronze
205737;Κατερίνα;Ιωαννίδης;F;38;Αθήνα;Αττική;2024-08-16;Platinum
205738;Δημήτρης;Σταματίου;M;70;Τρίκαλα;Θεσσαλία;2024-03-31;Bronze
205739;Ανδρέας;Αναστασίου;M;62;Ιωάννινα;Ήπειρος;2025-04-06;Bronze
205740;Παναγιώτης;Χατζής;M;55;Σέρρες;Κεντρική Μακεδονία;2025-09-11;Bronze
205741;Ιωάννα;Οικονόμου;F;32;Θεσσαλονίκη;Κεντρική Μακεδονία;2025-12-20;Gold
205742;Ανδρέας;Καρράς;M;52;Σέρρες;Κεντρική Μακεδονία;2024-05-08;Bronze
205743;Κώστας;Οικονόμου;M;22;Λάρισα;Θεσσαλία;2024-08-09;Bronze
205744;Χριστίνα;Αλεξίου;F;68;Ιωάννινα;Ήπειρος;2025-04-27;Silver
205745;Χρήστος;Ζαχαρίου;M;45;Ηράκλειο;Κρήτη;2025-03-05;Silver
205746;Σοφία;Αναστασίου;F;55;Χανιά;Κρήτη;2024-04-29;Bronze
205747;Άννα;Νικολάου;F;68;Ιωάννινα;Ήπειρος;2025-04-04;Gold
205748;Γιώργος;Μιχαηλίδης;M;70;Τρίκαλα;Θεσσαλία;2024-01-24;Bronze
205749;Κατερίνα;Πετρόπουλος;F;57;Πάτρα;Δυτική Ελλάδα;2024-03-19;Bronze
205750;Παναγιώτης;Σπυρόπουλος;M;34;Ηράκλειο;Κρήτη;2025-10-19;Gold
205751;Μαρία;Καρράς;F;56;Σέρρες;Κεντρική Μακεδονία;2025-05-09;Silver
205752;Γιώργος;Χατζής;M;55;Τρίκαλα;Θεσσαλία;2024-07-31;Silver
205753;Νίκος;Γεωργίου;M;26;Αθήνα;Αττική;2024-08-08;Silver
205754;Θανάσης;Πετρόπουλος;M;71;Αθήνα;Αττική;2024-04-17;Bronze
205755;Ανδρέας;Πετρόπουλος;M;40;Λάρισα;Θεσσαλία;2025-05-16;Platinum
205756;Χρήστος;Λαμπρόπουλος;M;66;Αθήνα;Αττική;2025-10-05;Platinum
205757;Δημήτρης;Οικονόμου;M;37;Τρίκαλα;Θεσσαλία;2024-02-01;Bronze
205758;Σοφία;Καρράς;F;51;Αθήνα;Αττική;2024-03-22;Gold
205759;Νίκος;Κωνσταντίνου;M;31;Ηράκλειο;Κρήτη;2025-03-02;Bronze
205760;Ιωάννα;Κωνσταντίνου;F;30;Πάτρα;Δυτική Ελλάδα;2024-04-14;Silver
205761;Νίκος;Ιωαννίδης;M;35;Ρόδος;Νότιο Αιγαίο;2024-12-06;Silver
205762;Θανάσης;Δημητρίου;M;66;Σέρρες;Κεντρική Μακεδονία;2025-04-30;Silver
205763;Θανάσης;Μιχαηλίδης;M;71;Ρόδος;Νότιο Αιγαίο;2025-11-04;Bronze
205764;Δημήτρης;Μιχαηλίδης;M;36;Θεσσαλονίκη;Κεντρική Μακεδονία;2025-05-16;Silver
205765;Γεωργία;Νικολάου;F;19;Βόλος;Θεσσαλία;2025-08-10;Bronze
205766;Χρήστος;Παπαδόπουλος;M;54;Αθήνα;Αττική;2024-03-17;Bronze
205767;Νίκος;Δημητρίου;M;39;Σέρρες;Κεντρική Μακεδονία;2024-08-09;Platinum
205768;Μαρία;Πετρόπουλος;F;42;Λάρισα;Θεσσαλία;2024-08-03;Silver
205769;Άννα;Κωνσταντίνου;F;56;Καβάλα;Ανατολική Μακεδονία & Θράκη;2024-07-31;Bronze
205770;Θανάσης;Καρράς;M;20;Θεσσαλονίκη;Κεντρική Μακεδονία;2025-01-15;Bronze
205771;Γιώργος;Ιωαννίδης;M;32;Πάτρα;Δυτική Ελλάδα;2024-12-18;Platinum
205772;Παναγιώτης;Λαμπρόπουλος;M;52;Τρίκαλα;Θεσσαλία;2025-07-29;Silver
205773;Παναγιώτης;Πετρόπουλος;M;49;Αθήνα;Αττική;2024-09-28;Bronze
205774;Δήμητρα;Ιωαννίδης;F;24;Σέρρες;Κεντρική Μακεδονία;2025-02-18;Silver
205775;Κώστας;Αναστασίου;M;20;Βόλος;Θεσσαλία;2025-10-15;Gold
205776;Ελένη;Δημητρίου;F;58;Ρόδος;Νότιο Αιγαίο;2024-07-28;Bronze
205777;Γιώργος;Βλάχος;M;50;Σέρρες;Κεντρική Μακεδονία;2025-08-16;Bronze
205778;Χριστίνα;Καραγιάννης;F;46;Σέρρες;Κεντρική Μακεδονία;2024-01-28;Silver
205779;Κατερίνα;Δημητρίου;F;50;Βόλος;Θεσσαλία;2025-11-23;Silver
205780;Αγγελική;Οικονόμου;F;34;Τρίκαλα;Θεσσαλία;2024-07-12;Silver
205781;Θανάσης;Παπαδόπουλος;M;20;Χανιά;Κρήτη;2025-11-24;Silver
205782;Ανδρέας;Λαμπρόπουλος;M;71;Σέρρες;Κεντρική Μακεδονία;2024-11-28;Silver
205783;Θανάσης;Λαμπρόπουλος;M;20;Ηράκλειο;Κρήτη;2025-05-04;Bronze
205784;Ιωάννα;Αλεξίου;F;66;Θεσσαλονίκη;Κεντρική Μακεδονία;2024-06-06;Bronze
205785;Γεωργία;Αναστασίου;F;51;Βόλος;Θεσσαλία;2024-07-29;Silver
205786;Σοφία;Ζαχαρίου;F;47;Χανιά;Κρήτη;2024-03-20;Gold
205787;Μαρία;Χατζής;F;40;Τρίκαλα;Θεσσαλία;2025-10-31;Bronze
205788;Μαρία;Παπανικολάου;F;21;Τρίκαλα;Θεσσαλία;2024-03-14;Silver
205789;Χρήστος;Δημητρίου;M;49;Αθήνα;Αττική;2024-01-03;Bronze
205790;Αγγελική;Ιωαννίδης;F;37;Τρίκαλα;Θεσσαλία;2025-11-03;Bronze
205791;Δημήτρης;Κωνσταντίνου;M;50;Θεσσαλονίκη;Κεντρική Μακεδονία;2024-01-09;Gold
205792;Δήμητρα;Σταματίου;F;38;Βόλος;Θεσσαλία;2024-09-11;Silver
205793;Κατερίνα;Παπανικολάου;F;71;Βόλος;Θεσσαλία;2025-03-17;Bronze
205794;Ελένη;Νικολάου;F;60;Τρίκαλα;Θεσσαλία;2025-12-09;Gold
205795;Μαρία;Δημητρίου;F;71;Αθήνα;Αττική;2025-09-18;Bronze
205796;Νίκος;Παπανικολάου;M;27;Ρόδος;Νότιο Αιγαίο;2024-09-18;Bronze
205797;Ελένη;Γεωργίου;F;24;Λάρισα;Θεσσαλία;2025-06-11;Platinum
205798;Παναγιώτης;Οικονόμου;M;56;Ιωάννινα;Ήπειρος;2024-12-17;Gold
205799;Χρήστος;Δημητρίου;M;26;Θεσσαλονίκη;Κεντρική Μακεδονία;2025-02-01;Gold
205800;Γεωργία;Αναστασίου;F;51;Θεσσαλονίκη;Κεντρική Μακεδονία;2025-12-20;Gold
205801;Γιώργος;Δημητρίου;M;22;Πάτρα;Δυτική Ελλάδα;2025-12-27;Bronze
205802;Νίκος;Καρράς;M;47;Ρόδος;Νότιο Αιγαίο;2025-01-25;Bronze
205803;Χριστίνα;Σπυρόπουλος;F;33;Πάτρα;Δυτική Ελλάδα;2024-08-14;Silver
205804;Χρήστος;Ζαχαρίου;M;37;Θεσσαλονίκη;Κεντρική Μακεδονία;2024-10-27;Bronze
205805;Χριστίνα;Σταματίου;F;29;Χανιά;Κρήτη;2024-01-24;Silver
205806;Γεωργία;Οικονόμου;F;38;Ηράκλειο;Κρήτη;2025-06-08;Silver
205807;Ανδρέας;Πετρόπουλος;M;41;Αθήνα;Αττική;2025-09-21;Gold
205808;Κατερίνα;Ζαχαρίου;F;59;Θεσσαλονίκη;Κεντρική Μακεδονία;2025-03-22;Silver
205809;Κατερίνα;Παπανικολάου;F;46;Καβάλα;Ανατολική Μακεδονία & Θράκη;2024-07-02;Bronze
205810;Κατερίνα;Σπυρόπουλος;F;36;Θεσσαλονίκη;Κεντρική Μακεδονία;2024-02-21;Gold
205811;Γεωργία;Δημητρίου;F;40;Τρίκαλα;Θεσσαλία;2025-04-16;Gold
205812;Ανδρέας;Παπανικολάου;M;39;Θεσσαλονίκη;Κεντρική Μακεδονία;2025-07-19;Bronze
205813;Δήμητρα;Σταματίου;F;57;Ιωάννινα;Ήπειρος;2024-09-19;Bronze
205814;Κατερίνα;Νικολάου;F;24;Καβάλα;Ανατολική Μακεδονία & Θράκη;2024-07-22;Bronze
205815;Κατερίνα;Κωνσταντίνου;F;67;Χανιά;Κρήτη;2025-05-06;Gold
205816;Θανάσης;Λαμπρόπουλος;M;21;Σέρρες;Κεντρική Μακεδονία;2024-06-14;Bronze
205817;Θανάσης;Δημητρίου;M;59;Καβάλα;Ανατολική Μακεδονία & Θράκη;2024-06-25;Bronze
205818;Δημήτρης;Κωνσταντίνου;M;27;Αθήνα;Αττική;2024-11-15;Silver
205819;Αγγελική;Γεωργίου;F;33;Θεσσαλονίκη;Κεντρική Μακεδονία;2024-10-24;Bronze
205820;Κατερίνα;Ιωαννίδης;F;32;Αθήνα;Αττική;2024-08-11;Bronze
205821;Παναγιώτης;Δημητρίου;M;32;Αθήνα;Αττική;2024-01-16;Bronze
205822;Νίκος;Αναστασίου;M;45;Λάρισα;Θεσσαλία;2024-11-10;Bronze
205823;Άννα;Σπυρόπουλος;F;59;Καβάλα;Ανατολική Μακεδονία & Θράκη;2025-05-29;Silver
205824;Ανδρέας;Παπανικολάου;M;60;Ρόδος;Νότιο Αιγαίο;2024-05-21;Silver
205825;Ιωάννα;Παπαδόπουλος;F;60;Πάτρα;Δυτική Ελλάδα;2025-03-13;Bronze
205826;Γεωργία;Σπυρόπουλος;F;43;Ρόδος;Νότιο Αιγαίο;2025-10-28;Silver
205827;Κατερίνα;Ιωαννίδης;F;43;Σέρρες;Κεντρική Μακεδονία;2025-08-28;Bronze
205828;Ελένη;Δημητρίου;F;31;Βόλος;Θεσσαλία;2024-01-16;Gold
205829;Σοφία;Πετρόπουλος;F;57;Ιωάννινα;Ήπειρος;2025-04-07;Bronze
205830;Χριστίνα;Αλεξίου;F;31;Ρόδος;Νότιο Αιγαίο;2025-02-24;Silver
205831;Μιχάλης;Γεωργίου;M;24;Ρόδος;Νότιο Αιγαίο;2024-10-16;Silver
205832;Ανδρέας;Σταματίου;M;26;Αθήνα;Αττική;2024-04-07;Bronze
205833;Μαρία;Αναστασίου;F;27;Πάτρα;Δυτική Ελλάδα;2025-12-17;Bronze
205834;Δημήτρης;Νικολάου;M;31;Χανιά;Κρήτη;2024-03-28;Gold
205835;Δημήτρης;Γεωργίου;M;44;Θεσσαλονίκη;Κεντρική Μακεδονία;2025-03-17;Platinum
205836;Σοφία;Αναστασίου;F;44;Ρόδος;Νότιο Αιγαίο;2025-05-13;Bronze
205837;Νίκος;Πετρόπουλος;M;51;Τρίκαλα;Θεσσαλία;2025-08-16;Bronze
205838;Νίκος;Γεωργίου;M;41;Καβάλα;Ανατολική Μακεδονία & Θράκη;2025-07-12;Gold
205839;Δημήτρης;Χατζής;M;21;Ηράκλειο;Κρήτη;2025-05-21;Bronze
205840;Αγγελική;Μιχαηλίδης;F;18;Πάτρα;Δυτική Ελλάδα;2025-02-15;Bronze
205841;Χρήστος;Σταματίου;M;64;Λάρισα;Θεσσαλία;2024-12-13;Gold
205842;Χριστίνα;Χατζής;F;72;Ηράκλειο;Κρήτη;2025-04-01;Bronze
205843;Ιωάννα;Λαμπρόπουλος;F;49;Βόλος;Θεσσαλία;2024-01-27;Silver
205844;Ανδρέας;Σπυρόπουλος;M;58;Θεσσαλονίκη;Κεντρική Μακεδονία;2024-03-10;Gold
205845;Αγγελική;Κωνσταντίνου;F;58;Λάρισα;Θεσσαλία;2024-10-12;Bronze
205846;Μιχάλης;Κωνσταντίνου;M;67;Χανιά;Κρήτη;2025-09-08;Bronze
205847;Σοφία;Βλάχος;F;46;Ρόδος;Νότιο Αιγαίο;2024-07-28;Bronze
205848;Μαρία;Αναστασίου;F;37;Χανιά;Κρήτη;2025-02-10;Gold
205849;Ελένη;Γεωργίου;F;52;Χανιά;Κρήτη;2024-03-18;Bronze
205850;Μιχάλης;Σπυρόπουλος;M;59;Ηράκλειο;Κρήτη;2024-10-29;Gold
205851;Σοφία;Χατζής;F;44;Καβάλα;Ανατολική Μακεδονία & Θράκη;2025-06-14;Silver
205852;Κατερίνα;Σπυρόπουλος;F;33;Τρίκαλα;Θεσσαλία;2024-09-05;Silver
205853;Βασίλης;Ζαχαρίου;M;24;Βόλος;Θεσσαλία;2025-03-01;Silver
205854;Ελένη;Αλεξίου;F;68;Βόλος;Θεσσαλία;2024-10-10;Silver
205855;Δήμητρα;Σπυρόπουλος;F;56;Καβάλα;Ανατολική Μακεδονία & Θράκη;2025-10-14;Gold
205856;Γεωργία;Οικονόμου;F;48;Καβάλα;Ανατολική Μακεδονία & Θράκη;2025-10-19;Bronze
205857;Δήμητρα;Παπανικολάου;F;31;Αθήνα;Αττική;2024-01-21;Bronze
205858;Νίκος;Κωνσταντίνου;M;24;Πάτρα;Δυτική Ελλάδα;2025-04-27;Bronze
205859;Γεωργία;Σταματίου;F;24;Σέρρες;Κεντρική Μακεδονία;2024-07-06;Silver
205860;Χριστίνα;Σπυρόπουλος;F;62;Πάτρα;Δυτική Ελλάδα;2024-09-21;Bronze
205861;Δήμητρα;Σταματίου;F;38;Θεσσαλονίκη;Κεντρική Μακεδονία;2025-05-25;Silver
205862;Χριστίνα;Παπανικολάου;F;27;Σέρρες;Κεντρική Μακεδονία;2025-02-17;Bronze
205863;Παναγιώτης;Αλεξίου;M;46;Λάρισα;Θεσσαλία;2024-06-07;Silver
205864;Κώστας;Παπαδόπουλος;M;29;Πάτρα;Δυτική Ελλάδα;2024-02-22;Bronze
205865;Χρήστος;Αναστασίου;M;54;Ιωάννινα;Ήπειρος;2024-02-12;Silver
205866;Δήμητρα;Σταματίου;F;63;Αθήνα;Αττική;2025-12-04;Bronze
205867;Αγγελική;Σπυρόπουλος;F;44;Αθήνα;Αττική;2025-09-29;Bronze
205868;Μιχάλης;Σταματίου;M;41;Αθήνα;Αττική;2024-02-26;Silver
205869;Νίκος;Χατζής;M;39;Ιωάννινα;Ήπειρος;2025-09-29;Bronze
205870;Γιώργος;Ιωαννίδης;M;64;Αθήνα;Αττική;2025-03-08;Silver
205871;Χρήστος;Χατζής;M;42;Σέρρες;Κεντρική Μακεδονία;2024-04-26;Silver
205872;Αγγελική;Ζαχαρίου;F;34;Λάρισα;Θεσσαλία;2025-11-16;Bronze
205873;Χρήστος;Κωνσταντίνου;M;55;Λάρισα;Θεσσαλία;2024-03-14;Bronze
205874;Γιώργος;Σταματίου;M;20;Χανιά;Κρήτη;2025-08-06;Bronze
205875;Μαρία;Αναστασίου;F;21;Ιωάννινα;Ήπειρος;2024-05-27;Bronze
205876;Νίκος;Ιωαννίδης;M;25;Τρίκαλα;Θεσσαλία;2025-04-22;Bronze
205877;Ιωάννα;Χατζής;F;68;Πάτρα;Δυτική Ελλάδα;2025-08-13;Bronze
205878;Αγγελική;Καρράς;F;40;Ηράκλειο;Κρήτη;2024-03-23;Platinum
205879;Παναγιώτης;Σταματίου;M;29;Αθήνα;Αττική;2025-05-22;Gold
205880;Άννα;Δημητρίου;F;68;Σέρρες;Κεντρική Μακεδονία;2024-02-16;Platinum
205881;Κατερίνα;Σταματίου;F;27;Χανιά;Κρήτη;2025-04-22;Bronze
205882;Αγγελική;Χατζής;F;30;Τρίκαλα;Θεσσαλία;2025-02-13;Silver
205883;Κατερίνα;Λαμπρόπουλος;F;64;Ιωάννινα;Ήπειρος;2024-02-03;Bronze
205884;Ιωάννα;Ζαχαρίου;F;46;Ηράκλειο;Κρήτη;2025-05-29;Gold
205885;Νίκος;Γεωργίου;M;22;Ηράκλειο;Κρήτη;2024-02-03;Silver
205886;Θανάσης;Νικολάου;M;31;Χανιά;Κρήτη;2024-08-15;Bronze
205887;Κώστας;Αλεξίου;M;47;Καβάλα;Ανατολική Μακεδονία & Θράκη;2024-12-09;Bronze
205888;Αγγελική;Παπαδόπουλος;F;43;Σέρρες;Κεντρική Μακεδονία;2024-09-04;Silver
205889;Σοφία;Λαμπρόπουλος;F;61;Ρόδος;Νότιο Αιγαίο;2025-02-12;Silver
205890;Μαρία;Κωνσταντίνου;F;72;Θεσσαλονίκη;Κεντρική Μακεδονία;2025-12-31;Bronze
205891;Χρήστος;Ιωαννίδης;M;38;Σέρρες;Κεντρική Μακεδονία;2024-11-14;Bronze
205892;Δημήτρης;Χατζής;M;54;Καβάλα;Ανατολική Μακεδονία & Θράκη;2024-02-27;Bronze
205893;Χριστίνα;Δημητρίου;F;65;Ιωάννινα;Ήπειρος;2025-09-19;Gold
205894;Παναγιώτης;Καραγιάννης;M;60;Ιωάννινα;Ήπειρος;2024-03-15;Bronze
205895;Δήμητρα;Κωνσταντίνου;F;36;Θεσσαλονίκη;Κεντρική Μακεδονία;2025-08-24;Silver
205896;Άννα;Καραγιάννης;F;47;Αθήνα;Αττική;2024-06-19;Silver
205897;Ιωάννα;Οικονόμου;F;39;Αθήνα;Αττική;2024-07-29;Bronze
205898;Δημήτρης;Σπυρόπουλος;M;70;Πάτρα;Δυτική Ελλάδα;2024-10-07;Bronze
205899;Δήμητρα;Μιχαηλίδης;F;18;Λάρισα;Θεσσαλία;2025-07-04;Gold
205900;Ελένη;Δημητρίου;F;55;Ρόδος;Νότιο Αιγαίο;2024-02-02;Gold
205901;Χριστίνα;Βλάχος;F;29;Πάτρα;Δυτική Ελλάδα;2025-11-20;Bronze
205902;Νίκος;Δημητρίου;M;70;Καβάλα;Ανατολική Μακεδονία & Θράκη;2025-06-04;Bronze
205903;Ανδρέας;Πετρόπουλος;M;63;Πάτρα;Δυτική Ελλάδα;2025-11-28;Silver
205904;Χρήστος;Πετρόπουλος;M;36;Πάτρα;Δυτική Ελλάδα;2024-05-29;Bronze
205905;Ανδρέας;Βλάχος;M;52;Λάρισα;Θεσσαλία;2024-03-13;Silver
205906;Ιωάννα;Μιχαηλίδης;F;23;Καβάλα;Ανατολική Μακεδονία & Θράκη;2025-02-18;Bronze
205907;Κατερίνα;Σταματίου;F;60;Λάρισα;Θεσσαλία;2025-01-07;Gold
205908;Χρήστος;Καρράς;M;18;Καβάλα;Ανατολική Μακεδονία & Θράκη;2025-08-22;Silver
205909;Παναγιώτης;Οικονόμου;M;50;Ηράκλειο;Κρήτη;2024-07-18;Silver
205910;Χρήστος;Γεωργίου;M;40;Σέρρες;Κεντρική Μακεδονία;2025-08-13;Bronze
205911;Χριστίνα;Ζαχαρίου;F;43;Ιωάννινα;Ήπειρος;2025-10-21;Silver
205912;Μιχάλης;Χατζής;M;41;Ιωάννινα;Ήπειρος;2024-12-09;Bronze
205913;Γιώργος;Σταματίου;M;69;Πάτρα;Δυτική Ελλάδα;2025-05-11;Platinum
205914;Θανάσης;Αλεξίου;M;62;Ιωάννινα;Ήπειρος;2025-11-05;Gold
205915;Ιωάννα;Παπαδόπουλος;F;57;Πάτρα;Δυτική Ελλάδα;2025-07-27;Bronze
205916;Μιχάλης;Δημητρίου;M;34;Πάτρα;Δυτική Ελλάδα;2025-11-29;Bronze
205917;Σοφία;Σπυρόπουλος;F;70;Πάτρα;Δυτική Ελλάδα;2025-05-25;Gold
205918;Θανάσης;Σταματίου;M;58;Πάτρα;Δυτική Ελλάδα;2025-12-02;Bronze
205919;Γεωργία;Παπανικολάου;F;34;Πάτρα;Δυτική Ελλάδα;2025-05-25;Gold
205920;Θανάσης;Βλάχος;M;64;Τρίκαλα;Θεσσαλία;2024-09-09;Platinum
205921;Κώστας;Αναστασίου;M;19;Σέρρες;Κεντρική Μακεδονία;2025-04-27;Bronze
205922;Θανάσης;Ιωαννίδης;M;57;Χανιά;Κρήτη;2024-04-17;Silver
205923;Ελένη;Ζαχαρίου;F;19;Ρόδος;Νότιο Αιγαίο;2025-06-02;Gold
205924;Θανάσης;Λαμπρόπουλος;M;53;Τρίκαλα;Θεσσαλία;2024-03-04;Bronze
205925;Δημήτρης;Μιχαηλίδης;M;64;Πάτρα;Δυτική Ελλάδα;2025-03-24;Bronze
205926;Σοφία;Παπανικολάου;F;71;Πάτρα;Δυτική Ελλάδα;2024-07-09;Silver
205927;Κατερίνα;Μιχαηλίδης;F;49;Ηράκλειο;Κρήτη;2024-05-17;Silver
205928;Κατερίνα;Σταματίου;F;27;Θεσσαλονίκη;Κεντρική Μακεδονία;2024-11-18;Platinum
205929;Κώστας;Παπανικολάου;M;21;Θεσσαλονίκη;Κεντρική Μακεδονία;2025-02-05;Silver
205930;Κώστας;Χατζής;M;46;Λάρισα;Θεσσαλία;2025-01-05;Bronze
205931;Δήμητρα;Δημητρίου;F;45;Αθήνα;Αττική;2025-07-13;Bronze
205932;Γεωργία;Παπανικολάου;F;24;Ηράκλειο;Κρήτη;2024-07-23;Silver
205933;Μαρία;Παπανικολάου;F;70;Καβάλα;Ανατολική Μακεδονία & Θράκη;2024-11-27;Gold
205934;Χριστίνα;Αναστασίου;F;48;Θεσσαλονίκη;Κεντρική Μακεδονία;2025-11-27;Bronze
205935;Δημήτρης;Νικολάου;M;60;Αθήνα;Αττική;2025-04-09;Bronze
205936;Θανάσης;Δημητρίου;M;52;Λάρισα;Θεσσαλία;2025-02-13;Bronze
205937;Μαρία;Καρράς;F;31;Ιωάννινα;Ήπειρος;2025-08-17;Silver
205938;Ελένη;Μιχαηλίδης;F;47;Τρίκαλα;Θεσσαλία;2025-03-06;Silver
205939;Δήμητρα;Πετρόπουλος;F;57;Ρόδος;Νότιο Αιγαίο;2024-03-18;Platinum
205940;Χριστίνα;Χατζής;F;46;Ιωάννινα;Ήπειρος;2024-03-03;Silver
205941;Δημήτρης;Μιχαηλίδης;M;35;Λάρισα;Θεσσαλία;2025-08-08;Silver
205942;Ελένη;Αναστασίου;F;33;Καβάλα;Ανατολική Μακεδονία & Θράκη;2025-11-13;Bronze
205943;Άννα;Κωνσταντίνου;F;27;Λάρισα;Θεσσαλία;2025-09-13;Bronze
205944;Κατερίνα;Καρράς;F;30;Θεσσαλονίκη;Κεντρική Μακεδονία;2025-05-24;Silver
205945;Σοφία;Νικολάου;F;29;Πάτρα;Δυτική Ελλάδα;2024-04-11;Gold
205946;Κατερίνα;Γεωργίου;F;69;Τρίκαλα;Θεσσαλία;2025-08-27;Gold
205947;Βασίλης;Δημητρίου;M;60;Τρίκαλα;Θεσσαλία;2025-11-29;Silver
205948;Παναγιώτης;Σπυρόπουλος;M;31;Θεσσαλονίκη;Κεντρική Μακεδονία;2025-04-09;Bronze
205949;Κώστας;Χατζής;M;41;Χανιά;Κρήτη;2024-08-30;Silver
205950;Μαρία;Ζαχαρίου;F;65;Ηράκλειο;Κρήτη;2024-08-28;Bronze
205951;Γιώργος;Αναστασίου;M;38;Ηράκλειο;Κρήτη;2024-11-26;Bronze
205952;Ανδρέας;Καρράς;M;64;Ηράκλειο;Κρήτη;2025-11-19;Silver
205953;Νίκος;Σπυρόπουλος;M;22;Ρόδος;Νότιο Αιγαίο;2025-11-20;Platinum
205954;Χρήστος;Βλάχος;M;69;Ηράκλειο;Κρήτη;2024-12-22;Bronze
205955;Ανδρέας;Κωνσταντίνου;M;31;Ηράκλειο;Κρήτη;2025-10-16;Silver
205956;Ανδρέας;Αναστασίου;M;24;Καβάλα;Ανατολική Μακεδονία & Θράκη;2025-02-24;Silver
205957;Κώστας;Οικονόμου;M;43;Χανιά;Κρήτη;2024-05-16;Silver
205958;Δήμητρα;Λαμπρόπουλος;F;62;Αθήνα;Αττική;2024-06-26;Gold
205959;Δήμητρα;Σπυρόπουλος;F;25;Σέρρες;Κεντρική Μακεδονία;2025-07-24;Bronze
205960;Θανάσης;Ζαχαρίου;M;23;Ιωάννινα;Ήπειρος;2024-06-29;Bronze
205961;Γεωργία;Πετρόπουλος;F;30;Θεσσαλονίκη;Κεντρική Μακεδονία;2024-11-05;Bronze
205962;Δήμητρα;Γεωργίου;F;30;Ηράκλειο;Κρήτη;2025-06-13;Platinum
205963;Δημήτρης;Καρράς;M;47;Τρίκαλα;Θεσσαλία;2024-10-24;Gold
205964;Χρήστος;Γεωργίου;M;45;Αθήνα;Αττική;2024-11-22;Bronze
205965;Μιχάλης;Παπαδόπουλος;M;48;Σέρρες;Κεντρική Μακεδονία;2025-12-11;Gold
205966;Ιωάννα;Δημητρίου;F;26;Καβάλα;Ανατολική Μακεδονία & Θράκη;2025-12-18;Bronze
205967;Χρήστος;Πετρόπουλος;M;66;Βόλος;Θεσσαλία;2024-09-02;Gold
205968;Νίκος;Σπυρόπουλος;M;68;Χανιά;Κρήτη;2025-09-01;Bronze
205969;Χρήστος;Πετρόπουλος;M;67;Καβάλα;Ανατολική Μακεδονία & Θράκη;2024-05-23;Platinum
205970;Ιωάννα;Νικολάου;F;72;Αθήνα;Αττική;2024-10-06;Bronze
205971;Κατερίνα;Πετρόπουλος;F;30;Θεσσαλονίκη;Κεντρική Μακεδονία;2025-09-22;Gold
205972;Χρήστος;Σπυρόπουλος;M;53;Σέρρες;Κεντρική Μακεδονία;2025-04-08;Bronze
205973;Σοφία;Καραγιάννης;F;34;Αθήνα;Αττική;2024-04-29;Silver
205974;Ανδρέας;Ιωαννίδης;M;33;Θεσσαλονίκη;Κεντρική Μακεδονία;2025-04-08;Platinum
205975;Μαρία;Κωνσταντίνου;F;43;Θεσσαλονίκη;Κεντρική Μακεδονία;2025-03-20;Bronze
205976;Βασίλης;Κωνσταντίνου;M;21;Ηράκλειο;Κρήτη;2025-09-09;Gold
205977;Χρήστος;Καραγιάννης;M;39;Λάρισα;Θεσσαλία;2024-12-19;Bronze
205978;Θανάσης;Αναστασίου;M;23;Λάρισα;Θεσσαλία;2024-05-12;Bronze
205979;Θανάσης;Ιωαννίδης;M;43;Ηράκλειο;Κρήτη;2025-02-22;Silver
205980;Δημήτρης;Ζαχαρίου;M;39;Σέρρες;Κεντρική Μακεδονία;2024-11-25;Bronze
205981;Δημήτρης;Γεωργίου;M;31;Πάτρα;Δυτική Ελλάδα;2025-09-24;Silver
205982;Ιωάννα;Ζαχαρίου;F;31;Λάρισα;Θεσσαλία;2024-07-26;Platinum
205983;Γεωργία;Χατζής;F;24;Ρόδος;Νότιο Αιγαίο;2025-04-19;Gold
205984;Χριστίνα;Βλάχος;F;50;Βόλος;Θεσσαλία;2025-06-08;Platinum
205985;Κώστας;Παπανικολάου;M;63;Σέρρες;Κεντρική Μακεδονία;2025-12-15;Platinum
205986;Μιχάλης;Καρράς;M;30;Ιωάννινα;Ήπειρος;2025-02-18;Bronze
205987;Ελένη;Δημητρίου;F;47;Θεσσαλονίκη;Κεντρική Μακεδονία;2025-03-23;Bronze
205988;Ανδρέας;Πετρόπουλος;M;66;Βόλος;Θεσσαλία;2024-12-21;Platinum
205989;Δήμητρα;Οικονόμου;F;45;Σέρρες;Κεντρική Μακεδονία;2025-08-04;Silver
205990;Αγγελική;Νικολάου;F;56;Λάρισα;Θεσσαλία;2025-07-05;Bronze
205991;Θανάσης;Χατζής;M;64;Καβάλα;Ανατολική Μακεδονία & Θράκη;2025-12-21;Bronze
205992;Δήμητρα;Κωνσταντίνου;F;25;Καβάλα;Ανατολική Μακεδονία & Θράκη;2025-08-17;Bronze
205993;Άννα;Δημητρίου;F;37;Ρόδος;Νότιο Αιγαίο;2025-12-22;Bronze
205994;Νίκος;Ιωαννίδης;M;34;Λάρισα;Θεσσαλία;2024-02-03;Silver
205995;Χριστίνα;Νικολάου;F;37;Πάτρα;Δυτική Ελλάδα;2025-07-17;Platinum
205996;Ιωάννα;Κωνσταντίνου;F;20;Λάρισα;Θεσσαλία;2024-01-24;Platinum
205997;Κατερίνα;Καραγιάννης;F;58;Τρίκαλα;Θεσσαλία;2025-04-21;Platinum
205998;Δημήτρης;Ιωαννίδης;M;34;Καβάλα;Ανατολική Μακεδονία & Θράκη;2025-03-17;Bronze
205999;Γιώργος;Σπυρόπουλος;M;68;Σέρρες;Κεντρική Μακεδονία;2025-03-28;Silver
206000;Δήμητρα;Δημητρίου;F;60;Σέρρες;Κεντρική Μακεδονία;2024-01-01;Silver
206001;Δήμητρα;Γεωργίου;F;57;Λάρισα;Θεσσαλία;2024-01-24;Silver
206002;Παναγιώτης;Καρράς;M;24;Βόλος;Θεσσαλία;2024-02-12;Bronze
206003;Μιχάλης;Οικονόμου;M;50;Πάτρα;Δυτική Ελλάδα;2025-07-31;Bronze
206004;Θανάσης;Νικολάου;M;70;Βόλος;Θεσσαλία;2024-03-31;Gold
206005;Θανάσης;Παπαδόπουλος;M;18;Πάτρα;Δυτική Ελλάδα;2025-08-22;Silver
206006;Νίκος;Δημητρίου;M;37;Καβάλα;Ανατολική Μακεδονία & Θράκη;2024-09-19;Gold
206007;Κατερίνα;Πετρόπουλος;F;54;Αθήνα;Αττική;2025-12-26;Bronze
206008;Δήμητρα;Νικολάου;F;33;Καβάλα;Ανατολική Μακεδονία & Θράκη;2025-05-31;Bronze
206009;Παναγιώτης;Πετρόπουλος;M;49;Βόλος;Θεσσαλία;2025-05-06;Silver
206010;Δήμητρα;Μιχαηλίδης;F;52;Λάρισα;Θεσσαλία;2024-10-17;Bronze
206011;Άννα;Αλεξίου;F;31;Ηράκλειο;Κρήτη;2025-10-11;Silver
206012;Χριστίνα;Παπανικολάου;F;22;Ρόδος;Νότιο Αιγαίο;2024-02-13;Bronze
206013;Αγγελική;Αλεξίου;F;68;Αθήνα;Αττική;2025-07-26;Bronze
206014;Δημήτρης;Οικονόμου;M;25;Ιωάννινα;Ήπειρος;2024-02-20;Bronze
206015;Σοφία;Χατζής;F;20;Ηράκλειο;Κρήτη;2025-01-09;Silver
206016;Παναγιώτης;Γεωργίου;M;49;Σέρρες;Κεντρική Μακεδονία;2025-05-10;Silver
206017;Δημήτρης;Αναστασίου;M;63;Σέρρες;Κεντρική Μακεδονία;2025-10-29;Bronze
206018;Μιχάλης;Γεωργίου;M;53;Τρίκαλα;Θεσσαλία;2024-06-04;Gold
206019;Βασίλης;Σταματίου;M;23;Ιωάννινα;Ήπειρος;2025-11-17;Bronze
206020;Άννα;Χατζής;F;28;Ηράκλειο;Κρήτη;2024-03-09;Silver
206021;Ιωάννα;Ζαχαρίου;F;25;Σέρρες;Κεντρική Μακεδονία;2024-03-27;Silver
206022;Βασίλης;Οικονόμου;M;27;Ηράκλειο;Κρήτη;2025-07-08;Silver
206023;Γεωργία;Καραγιάννης;F;18;Σέρρες;Κεντρική Μακεδονία;2024-05-23;Gold
206024;Ιωάννα;Πετρόπουλος;F;38;Ηράκλειο;Κρήτη;2025-01-01;Bronze
206025;Ελένη;Δημητρίου;F;56;Σέρρες;Κεντρική Μακεδονία;2025-11-28;Bronze
206026;Ιωάννα;Σταματίου;F;51;Ιωάννινα;Ήπειρος;2024-09-11;Silver
206027;Κατερίνα;Αναστασίου;F;69;Αθήνα;Αττική;2025-11-10;Bronze
206028;Γεωργία;Νικολάου;F;21;Ηράκλειο;Κρήτη;2024-03-13;Silver
206029;Γεωργία;Δημητρίου;F;34;Βόλος;Θεσσαλία;2024-01-11;Silver
206030;Δημήτρης;Πετρόπουλος;M;61;Βόλος;Θεσσαλία;2025-05-05;Bronze
206031;Γεωργία;Βλάχος;F;57;Βόλος;Θεσσαλία;2024-08-29;Silver
206032;Γιώργος;Μιχαηλίδης;M;72;Τρίκαλα;Θεσσαλία;2025-05-07;Bronze
206033;Βασίλης;Σταματίου;M;46;Ιωάννινα;Ήπειρος;2024-11-23;Gold
206034;Αγγελική;Οικονόμου;F;72;Πάτρα;Δυτική Ελλάδα;2025-12-09;Bronze
206035;Χριστίνα;Ζαχαρίου;F;57;Ρόδος;Νότιο Αιγαίο;2025-12-22;Bronze
206036;Αγγελική;Ιωαννίδης;F;64;Βόλος;Θεσσαλία;2024-07-05;Bronze
206037;Νίκος;Ιωαννίδης;M;61;Λάρισα;Θεσσαλία;2024-11-06;Gold
206038;Ιωάννα;Πετρόπουλος;F;27;Αθήνα;Αττική;2025-04-02;Bronze
206039;Ελένη;Λαμπρόπουλος;F;72;Καβάλα;Ανατολική Μακεδονία & Θράκη;2024-01-15;Platinum
206040;Κώστας;Γεωργίου;M;64;Σέρρες;Κεντρική Μακεδονία;2025-04-07;Silver
206041;Κώστας;Ιωαννίδης;M;67;Λάρισα;Θεσσαλία;2025-10-04;Silver
206042;Θανάσης;Δημητρίου;M;19;Ηράκλειο;Κρήτη;2024-06-29;Bronze
206043;Ελένη;Οικονόμου;F;32;Σέρρες;Κεντρική Μακεδονία;2025-05-13;Bronze
206044;Γιώργος;Νικολάου;M;66;Ρόδος;Νότιο Αιγαίο;2025-04-09;Bronze
206045;Ιωάννα;Παπανικολάου;F;40;Θεσσαλονίκη;Κεντρική Μακεδονία;2024-06-08;Bronze
206046;Μαρία;Οικονόμου;F;49;Ρόδος;Νότιο Αιγαίο;2025-03-12;Gold
206047;Δημήτρης;Παπαδόπουλος;M;68;Πάτρα;Δυτική Ελλάδα;2024-06-11;Bronze
206048;Χριστίνα;Καρράς;F;45;Χανιά;Κρήτη;2025-09-29;Silver
206049;Κώστας;Καραγιάννης;M;36;Ιωάννινα;Ήπειρος;2024-06-13;Bronze
206050;Δημήτρης;Αναστασίου;M;41;Ρόδος;Νότιο Αιγαίο;2024-12-21;Silver
206051;Χριστίνα;Ιωαννίδης;F;43;Πάτρα;Δυτική Ελλάδα;2024-03-06;Silver
206052;Θανάσης;Παπανικολάου;M;72;Ρόδος;Νότιο Αιγαίο;2024-02-03;Silver
206053;Σοφία;Δημητρίου;F;66;Λάρισα;Θεσσαλία;2025-05-25;Bronze
206054;Μιχάλης;Καρράς;M;72;Ηράκλειο;Κρήτη;2025-04-07;Gold
206055;Ανδρέας;Καρράς;M;36;Χανιά;Κρήτη;2024-12-28;Silver
206056;Ιωάννα;Καρράς;F;44;Ρόδος;Νότιο Αιγαίο;2025-01-01;Gold
206057;Ιωάννα;Καραγιάννης;F;64;Αθήνα;Αττική;2024-11-25;Bronze
206058;Δήμητρα;Οικονόμου;F;43;Καβάλα;Ανατολική Μακεδονία & Θράκη;2025-09-05;Silver
206059;Σοφία;Παπανικολάου;F;22;Θεσσαλονίκη;Κεντρική Μακεδονία;2025-01-18;Silver
206060;Ανδρέας;Πετρόπουλος;M;26;Βόλος;Θεσσαλία;2025-02-26;Silver
206061;Παναγιώτης;Σταματίου;M;45;Λάρισα;Θεσσαλία;2025-01-21;Platinum
206062;Γεωργία;Ιωαννίδης;F;20;Τρίκαλα;Θεσσαλία;2025-07-12;Bronze
206063;Χριστίνα;Καρράς;F;71;Αθήνα;Αττική;2025-12-10;Platinum
206064;Άννα;Ζαχαρίου;F;63;Πάτρα;Δυτική Ελλάδα;2025-05-31;Bronze
206065;Ελένη;Καρράς;F;27;Καβάλα;Ανατολική Μακεδονία & Θράκη;2024-12-04;Bronze
206066;Γιώργος;Πετρόπουλος;M;28;Πάτρα;Δυτική Ελλάδα;2024-12-08;Bronze
206067;Δημήτρης;Λαμπρόπουλος;M;18;Πάτρα;Δυτική Ελλάδα;2025-08-17;Gold
206068;Σοφία;Μιχαηλίδης;F;71;Πάτρα;Δυτική Ελλάδα;2025-05-19;Bronze
206069;Ελένη;Αναστασίου;F;50;Καβάλα;Ανατολική Μακεδονία & Θράκη;2024-09-26;Silver
206070;Ελένη;Παπανικολάου;F;60;Θεσσαλονίκη;Κεντρική Μακεδονία;2024-05-14;Silver
206071;Σοφία;Ιωαννίδης;F;66;Χανιά;Κρήτη;2025-09-04;Bronze
206072;Άννα;Βλάχος;F;39;Χανιά;Κρήτη;2025-11-07;Bronze
206073;Χρήστος;Χατζής;M;40;Ηράκλειο;Κρήτη;2024-12-22;Gold
206074;Κατερίνα;Νικολάου;F;53;Τρίκαλα;Θεσσαλία;2025-04-29;Silver
206075;Ελένη;Νικολάου;F;18;Ρόδος;Νότιο Αιγαίο;2025-12-10;Bronze
206076;Μιχάλης;Αναστασίου;M;66;Ρόδος;Νότιο Αιγαίο;2025-04-13;Bronze
206077;Νίκος;Δημητρίου;M;36;Ρόδος;Νότιο Αιγαίο;2025-03-09;Bronze
206078;Μαρία;Χατζής;F;52;Ρόδος;Νότιο Αιγαίο;2024-04-08;Gold
206079;Ανδρέας;Παπαδόπουλος;M;36;Σέρρες;Κεντρική Μακεδονία;2024-11-25;Silver
206080;Ελένη;Πετρόπουλος;F;59;Καβάλα;Ανατολική Μακεδονία & Θράκη;2025-10-26;Platinum
206081;Γιώργος;Ιωαννίδης;M;57;Καβάλα;Ανατολική Μακεδονία & Θράκη;2025-01-10;Gold
206082;Παναγιώτης;Αναστασίου;M;40;Ρόδος;Νότιο Αιγαίο;2024-10-06;Bronze
206083;Παναγιώτης;Σταματίου;M;19;Σέρρες;Κεντρική Μακεδονία;2025-06-05;Gold
206084;Βασίλης;Σταματίου;M;52;Σέρρες;Κεντρική Μακεδονία;2025-02-20;Bronze
206085;Μιχάλης;Λαμπρόπουλος;M;46;Πάτρα;Δυτική Ελλάδα;2024-11-28;Bronze
206086;Σοφία;Γεωργίου;F;39;Θεσσαλονίκη;Κεντρική Μακεδονία;2025-09-12;Bronze
206087;Μιχάλης;Ιωαννίδης;M;71;Καβάλα;Ανατολική Μακεδονία & Θράκη;2025-04-22;Platinum
206088;Γεωργία;Μιχαηλίδης;F;60;Αθήνα;Αττική;2025-11-29;Bronze
206089;Γεωργία;Κωνσταντίνου;F;25;Ηράκλειο;Κρήτη;2025-01-08;Gold
206090;Βασίλης;Κωνσταντίνου;M;68;Χανιά;Κρήτη;2024-07-28;Bronze
206091;Δήμητρα;Χατζής;F;71;Βόλος;Θεσσαλία;2025-07-05;Platinum
206092;Ιωάννα;Οικονόμου;F;62;Ιωάννινα;Ήπειρος;2025-08-20;Silver
206093;Κώστας;Καρράς;M;56;Σέρρες;Κεντρική Μακεδονία;2024-04-23;Gold
206094;Γεωργία;Κωνσταντίνου;F;56;Αθήνα;Αττική;2025-03-21;Gold
206095;Μιχάλης;Καρράς;M;25;Αθήνα;Αττική;2024-01-12;Bronze
206096;Ανδρέας;Δημητρίου;M;60;Πάτρα;Δυτική Ελλάδα;2024-01-28;Gold
206097;Δήμητρα;Χατζής;F;63;Ιωάννινα;Ήπειρος;2025-08-20;Bronze
206098;Άννα;Κωνσταντίνου;F;56;Λάρισα;Θεσσαλία;2024-07-18;Silver
206099;Άννα;Αλεξίου;F;48;Βόλος;Θεσσαλία;2025-08-03;Gold
206100;Γεωργία;Δημητρίου;F;33;Τρίκαλα;Θεσσαλία;2025-07-07;Silver
206101;Μαρία;Γεωργίου;F;53;Χανιά;Κρήτη;2024-03-31;Silver
206102;Νίκος;Βλάχος;M;32;Καβάλα;Ανατολική Μακεδονία & Θράκη;2025-09-16;Bronze
206103;Δημήτρης;Αλεξίου;M;24;Λάρισα;Θεσσαλία;2024-08-28;Bronze
206104;Μιχάλης;Παπαδόπουλος;M;60;Καβάλα;Ανατολική Μακεδονία & Θράκη;2024-04-10;Bronze
206105;Γεωργία;Καρράς;F;33;Ηράκλειο;Κρήτη;2025-06-06;Silver
206106;Βασίλης;Δημητρίου;M;30;Σέρρες;Κεντρική Μακεδονία;2024-06-25;Bronze
206107;Βασίλης;Νικολάου;M;29;Αθήνα;Αττική;2024-11-08;Bronze
206108;Άννα;Παπανικολάου;F;25;Ρόδος;Νότιο Αιγαίο;2025-05-17;Silver
206109;Χρήστος;Κωνσταντίνου;M;55;Βόλος;Θεσσαλία;2025-05-02;Bronze
206110;Παναγιώτης;Νικολάου;M;60;Βόλος;Θεσσαλία;2025-09-29;Silver
206111;Κώστας;Ζαχαρίου;M;36;Πάτρα;Δυτική Ελλάδα;2024-05-16;Bronze
206112;Μιχάλης;Οικονόμου;M;63;Θεσσαλονίκη;Κεντρική Μακεδονία;2025-07-06;Gold
206113;Νίκος;Βλάχος;M;49;Καβάλα;Ανατολική Μακεδονία & Θράκη;2025-11-23;Bronze
206114;Μαρία;Βλάχος;F;21;Βόλος;Θεσσαλία;2025-11-14;Silver
206115;Ανδρέας;Δημητρίου;M;49;Ηράκλειο;Κρήτη;2024-08-16;Bronze
206116;Αγγελική;Γεωργίου;F;32;Ιωάννινα;Ήπειρος;2025-05-27;Bronze
206117;Γιώργος;Δημητρίου;M;58;Βόλος;Θεσσαλία;2024-06-08;Silver
206118;Γεωργία;Καρράς;F;53;Βόλος;Θεσσαλία;2024-10-21;Bronze
206119;Νίκος;Μιχαηλίδης;M;46;Αθήνα;Αττική;2025-10-11;Bronze
206120;Γιώργος;Ζαχαρίου;M;26;Θεσσαλονίκη;Κεντρική Μακεδονία;2024-05-15;Bronze
206121;Χριστίνα;Καρράς;F;36;Τρίκαλα;Θεσσαλία;2025-10-13;Silver
206122;Χρήστος;Νικολάου;M;71;Ρόδος;Νότιο Αιγαίο;2024-05-10;Bronze
206123;Ανδρέας;Οικονόμου;M;58;Θεσσαλονίκη;Κεντρική Μακεδονία;2024-04-17;Bronze
206124;Γεωργία;Μιχαηλίδης;F;52;Τρίκαλα;Θεσσαλία;2025-08-16;Bronze
206125;Θανάσης;Δημητρίου;M;71;Χανιά;Κρήτη;2024-10-19;Silver
206126;Δήμητρα;Κωνσταντίνου;F;60;Τρίκαλα;Θεσσαλία;2025-08-20;Bronze
206127;Κατερίνα;Ιωαννίδης;F;36;Καβάλα;Ανατολική Μακεδονία & Θράκη;2024-05-30;Silver
206128;Παναγιώτης;Καραγιάννης;M;34;Λάρισα;Θεσσαλία;2024-05-08;Silver
206129;Δήμητρα;Καρράς;F;32;Ρόδος;Νότιο Αιγαίο;2024-09-20;Silver
206130;Χριστίνα;Παπανικολάου;F;24;Λάρισα;Θεσσαλία;2024-11-04;Bronze
206131;Δήμητρα;Καραγιάννης;F;37;Χανιά;Κρήτη;2024-03-10;Gold
206132;Κατερίνα;Παπανικολάου;F;26;Τρίκαλα;Θεσσαλία;2025-06-07;Gold
206133;Σοφία;Μιχαηλίδης;F;38;Αθήνα;Αττική;2025-07-27;Silver
206134;Παναγιώτης;Βλάχος;M;23;Καβάλα;Ανατολική Μακεδονία & Θράκη;2025-07-25;Bronze
206135;Δημήτρης;Πετρόπουλος;M;24;Ηράκλειο;Κρήτη;2025-03-23;Silver
206136;Δήμητρα;Κωνσταντίνου;F;51;Ηράκλειο;Κρήτη;2025-09-22;Bronze
206137;Ιωάννα;Νικολάου;F;65;Καβάλα;Ανατολική Μακεδονία & Θράκη;2024-05-04;Platinum
206138;Κατερίνα;Σταματίου;F;34;Θεσσαλονίκη;Κεντρική Μακεδονία;2024-06-17;Platinum
206139;Δημήτρης;Ζαχαρίου;M;61;Ηράκλειο;Κρήτη;2024-10-08;Gold
206140;Παναγιώτης;Καραγιάννης;M;26;Πάτρα;Δυτική Ελλάδα;2024-08-23;Platinum
206141;Κατερίνα;Οικονόμου;F;46;Λάρισα;Θεσσαλία;2024-03-11;Silver
206142;Άννα;Καραγιάννης;F;21;Σέρρες;Κεντρική Μακεδονία;2024-02-23;Gold
206143;Κώστας;Βλάχος;M;56;Ρόδος;Νότιο Αιγαίο;2025-07-24;Silver
206144;Ιωάννα;Αλεξίου;F;32;Βόλος;Θεσσαλία;2024-06-12;Bronze
206145;Βασίλης;Παπανικολάου;M;51;Ηράκλειο;Κρήτη;2025-10-17;Silver
206146;Αγγελική;Σταματίου;F;44;Ηράκλειο;Κρήτη;2024-06-11;Platinum
206147;Δήμητρα;Γεωργίου;F;64;Αθήνα;Αττική;2025-07-24;Silver
206148;Βασίλης;Γεωργίου;M;24;Ρόδος;Νότιο Αιγαίο;2025-09-27;Bronze
206149;Μιχάλης;Λαμπρόπουλος;M;33;Λάρισα;Θεσσαλία;2024-05-18;Gold
206150;Χρήστος;Κωνσταντίνου;M;30;Ηράκλειο;Κρήτη;2025-11-04;Gold
206151;Δήμητρα;Αλεξίου;F;69;Λάρισα;Θεσσαλία;2024-07-19;Bronze
206152;Ελένη;Πετρόπουλος;F;46;Πάτρα;Δυτική Ελλάδα;2025-10-02;Bronze
206153;Θανάσης;Αλεξίου;M;29;Λάρισα;Θεσσαλία;2024-05-31;Bronze
206154;Γιώργος;Παπαδόπουλος;M;57;Σέρρες;Κεντρική Μακεδονία;2024-03-23;Silver
206155;Άννα;Γεωργίου;F;42;Ηράκλειο;Κρήτη;2024-08-14;Bronze
206156;Γιώργος;Ζαχαρίου;M;59;Σέρρες;Κεντρική Μακεδονία;2025-05-24;Gold
206157;Παναγιώτης;Κωνσταντίνου;M;48;Χανιά;Κρήτη;2024-09-01;Gold
206158;Μιχάλης;Γεωργίου;M;26;Θεσσαλονίκη;Κεντρική Μακεδονία;2024-06-20;Bronze
206159;Γεωργία;Δημητρίου;F;21;Πάτρα;Δυτική Ελλάδα;2024-11-06;Gold
206160;Μιχάλης;Σταματίου;M;35;Λάρισα;Θεσσαλία;2025-10-29;Silver
206161;Γιώργος;Σπυρόπουλος;M;42;Ρόδος;Νότιο Αιγαίο;2025-08-19;Silver
206162;Ανδρέας;Νικολάου;M;70;Χανιά;Κρήτη;2024-08-03;Bronze
206163;Ιωάννα;Ζαχαρίου;F;54;Βόλος;Θεσσαλία;2024-04-19;Bronze
206164;Μαρία;Γεωργίου;F;52;Αθήνα;Αττική;2024-02-23;Bronze
206165;Μαρία;Νικολάου;F;47;Καβάλα;Ανατολική Μακεδονία & Θράκη;2025-02-03;Bronze
206166;Δημήτρης;Γεωργίου;M;42;Πάτρα;Δυτική Ελλάδα;2024-12-13;Gold
206167;Ελένη;Παπαδόπουλος;F;20;Αθήνα;Αττική;2024-08-08;Bronze
206168;Αγγελική;Ιωαννίδης;F;48;Λάρισα;Θεσσαλία;2024-09-01;Silver
206169;Άννα;Λαμπρόπουλος;F;35;Καβάλα;Ανατολική Μακεδονία & Θράκη;2025-10-16;Gold
206170;Βασίλης;Κωνσταντίνου;M;69;Βόλος;Θεσσαλία;2025-05-29;Bronze
206171;Άννα;Οικονόμου;F;29;Θεσσαλονίκη;Κεντρική Μακεδονία;2024-06-27;Silver
206172;Βασίλης;Σταματίου;M;30;Ιωάννινα;Ήπειρος;2024-07-17;Platinum
206173;Κατερίνα;Παπανικολάου;F;70;Θεσσαλονίκη;Κεντρική Μακεδονία;2024-04-05;Bronze
206174;Δημήτρης;Δημητρίου;M;21;Πάτρα;Δυτική Ελλάδα;2025-01-24;Bronze
206175;Μαρία;Ιωαννίδης;F;20;Ιωάννινα;Ήπειρος;2025-04-10;Silver
206176;Ανδρέας;Σταματίου;M;27;Ρόδος;Νότιο Αιγαίο;2024-06-12;Bronze
206177;Δήμητρα;Κωνσταντίνου;F;49;Ιωάννινα;Ήπειρος;2024-08-15;Gold
206178;Γεωργία;Δημητρίου;F;37;Βόλος;Θεσσαλία;2024-12-28;Gold
206179;Δημήτρης;Μιχαηλίδης;M;39;Ηράκλειο;Κρήτη;2024-12-29;Platinum
206180;Κατερίνα;Αλεξίου;F;46;Πάτρα;Δυτική Ελλάδα;2024-09-18;Bronze
206181;Χριστίνα;Νικολάου;F;28;Ιωάννινα;Ήπειρος;2025-12-15;Silver
206182;Μιχάλης;Αναστασίου;M;59;Καβάλα;Ανατολική Μακεδονία & Θράκη;2025-08-25;Bronze
206183;Δήμητρα;Σταματίου;F;66;Πάτρα;Δυτική Ελλάδα;2024-10-28;Silver
206184;Γιώργος;Ιωαννίδης;M;56;Ιωάννινα;Ήπειρος;2024-09-23;Platinum
206185;Ανδρέας;Αναστασίου;M;56;Καβάλα;Ανατολική Μακεδονία & Θράκη;2025-06-29;Bronze
206186;Άννα;Καραγιάννης;F;23;Ρόδος;Νότιο Αιγαίο;2025-11-01;Gold
206187;Δημήτρης;Αναστασίου;M;72;Χανιά;Κρήτη;2025-09-29;Silver
206188;Νίκος;Γεωργίου;M;45;Αθήνα;Αττική;2024-05-05;Bronze
206189;Άννα;Χατζής;F;56;Βόλος;Θεσσαλία;2024-07-08;Gold
206190;Ανδρέας;Κωνσταντίνου;M;69;Πάτρα;Δυτική Ελλάδα;2024-09-18;Bronze
206191;Μαρία;Κωνσταντίνου;F;31;Σέρρες;Κεντρική Μακεδονία;2025-04-21;Silver
206192;Βασίλης;Καρράς;M;71;Χανιά;Κρήτη;2024-01-28;Silver
206193;Ανδρέας;Ζαχαρίου;M;63;Τρίκαλα;Θεσσαλία;2025-01-13;Gold
206194;Χρήστος;Κωνσταντίνου;M;38;Λάρισα;Θεσσαλία;2025-10-10;Silver
206195;Γεωργία;Σπυρόπουλος;F;54;Ρόδος;Νότιο Αιγαίο;2025-12-29;Silver
206196;Ανδρέας;Αναστασίου;M;28;Σέρρες;Κεντρική Μακεδονία;2025-08-17;Silver
206197;Παναγιώτης;Αλεξίου;M;42;Χανιά;Κρήτη;2024-06-20;Gold
206198;Χριστίνα;Ζαχαρίου;F;34;Ρόδος;Νότιο Αιγαίο;2025-05-21;Gold
206199;Μαρία;Σπυρόπουλος;F;51;Σέρρες;Κεντρική Μακεδονία;2025-03-17;Gold
206200;Κατερίνα;Παπανικολάου;F;32;Αθήνα;Αττική;2025-06-07;Bronze
206201;Βασίλης;Μιχαηλίδης;M;46;Χανιά;Κρήτη;2025-11-21;Gold
206202;Δήμητρα;Γεωργίου;F;24;Ρόδος;Νότιο Αιγαίο;2024-08-15;Silver
206203;Παναγιώτης;Καρράς;M;48;Θεσσαλονίκη;Κεντρική Μακεδονία;2025-10-23;Silver
206204;Μιχάλης;Παπανικολάου;M;28;Ηράκλειο;Κρήτη;2025-03-25;Gold
206205;Γιώργος;Νικολάου;M;64;Ρόδος;Νότιο Αιγαίο;2025-01-11;Gold
206206;Άννα;Παπανικολάου;F;22;Χανιά;Κρήτη;2025-05-12;Bronze
206207;Ανδρέας;Αλεξίου;M;70;Πάτρα;Δυτική Ελλάδα;2024-02-12;Silver
206208;Χρήστος;Δημητρίου;M;32;Σέρρες;Κεντρική Μακεδονία;2025-10-08;Bronze
206209;Σοφία;Καρράς;F;35;Θεσσαλονίκη;Κεντρική Μακεδονία;2025-09-28;Platinum
206210;Θανάσης;Αναστασίου;M;22;Σέρρες;Κεντρική Μακεδονία;2024-02-28;Bronze
206211;Δήμητρα;Ζαχαρίου;F;18;Ιωάννινα;Ήπειρος;2025-08-04;Gold
206212;Κώστας;Ζαχαρίου;M;55;Λάρισα;Θεσσαλία;2024-02-10;Bronze
206213;Μιχάλης;Δημητρίου;M;71;Ηράκλειο;Κρήτη;2024-02-04;Gold
206214;Μαρία;Πετρόπουλος;F;47;Θεσσαλονίκη;Κεντρική Μακεδονία;2025-06-25;Bronze
206215;Γεωργία;Οικονόμου;F;53;Καβάλα;Ανατολική Μακεδονία & Θράκη;2025-05-02;Gold
206216;Μιχάλης;Αλεξίου;M;58;Θεσσαλονίκη;Κεντρική Μακεδονία;2025-03-02;Gold
206217;Μιχάλης;Ιωαννίδης;M;57;Πάτρα;Δυτική Ελλάδα;2025-05-17;Bronze
206218;Νίκος;Οικονόμου;M;19;Ιωάννινα;Ήπειρος;2025-10-14;Silver
206219;Ιωάννα;Αναστασίου;F;21;Αθήνα;Αττική;2025-08-31;Silver
206220;Νίκος;Ζαχαρίου;M;31;Πάτρα;Δυτική Ελλάδα;2025-01-14;Silver
206221;Χριστίνα;Δημητρίου;F;52;Αθήνα;Αττική;2025-01-21;Bronze
206222;Άννα;Σπυρόπουλος;F;20;Αθήνα;Αττική;2025-05-26;Bronze
206223;Νίκος;Παπαδόπουλος;M;27;Πάτρα;Δυτική Ελλάδα;2024-05-15;Silver
206224;Χρήστος;Λαμπρόπουλος;M;71;Ηράκλειο;Κρήτη;2025-09-20;Bronze
206225;Γιώργος;Γεωργίου;M;71;Θεσσαλονίκη;Κεντρική Μακεδονία;2025-07-13;Gold
206226;Γεωργία;Αλεξίου;F;68;Λάρισα;Θεσσαλία;2025-08-25;Bronze
206227;Ιωάννα;Καρράς;F;57;Χανιά;Κρήτη;2025-05-03;Gold
206228;Νίκος;Αναστασίου;M;57;Λάρισα;Θεσσαλία;2024-03-22;Bronze
206229;Άννα;Σταματίου;F;53;Πάτρα;Δυτική Ελλάδα;2024-06-04;Bronze
206230;Σοφία;Νικολάου;F;55;Βόλος;Θεσσαλία;2025-06-03;Silver
206231;Χρήστος;Σπυρόπουλος;M;27;Θεσσαλονίκη;Κεντρική Μακεδονία;2024-03-05;Gold
206232;Μαρία;Νικολάου;F;70;Βόλος;Θεσσαλία;2024-09-16;Gold
206233;Δήμητρα;Παπανικολάου;F;20;Πάτρα;Δυτική Ελλάδα;2025-12-24;Bronze
206234;Νίκος;Ζαχαρίου;M;60;Πάτρα;Δυτική Ελλάδα;2024-11-29;Gold
206235;Αγγελική;Οικονόμου;F;39;Τρίκαλα;Θεσσαλία;2025-04-22;Platinum
206236;Μαρία;Σταματίου;F;36;Πάτρα;Δυτική Ελλάδα;2024-09-14;Silver
206237;Χρήστος;Αλεξίου;M;33;Βόλος;Θεσσαλία;2024-07-02;Bronze
206238;Δήμητρα;Αναστασίου;F;50;Καβάλα;Ανατολική Μακεδονία & Θράκη;2025-05-24;Platinum
206239;Κώστας;Παπαδόπουλος;M;27;Αθήνα;Αττική;2025-02-14;Bronze
206240;Θανάσης;Νικολάου;M;18;Ηράκλειο;Κρήτη;2024-04-18;Gold
206241;Ιωάννα;Καρράς;F;71;Τρίκαλα;Θεσσαλία;2025-04-18;Bronze
206242;Κώστας;Ζαχαρίου;M;65;Καβάλα;Ανατολική Μακεδονία & Θράκη;2025-07-21;Bronze
206243;Θανάσης;Οικονόμου;M;20;Λάρισα;Θεσσαλία;2025-09-18;Bronze
206244;Θανάσης;Μιχαηλίδης;M;44;Ιωάννινα;Ήπειρος;2025-04-04;Gold
206245;Κατερίνα;Χατζής;F;42;Αθήνα;Αττική;2025-10-09;Bronze
206246;Σοφία;Πετρόπουλος;F;56;Θεσσαλονίκη;Κεντρική Μακεδονία;2025-10-14;Bronze
206247;Ελένη;Καρράς;F;37;Ρόδος;Νότιο Αιγαίο;2024-12-01;Gold
206248;Αγγελική;Κωνσταντίνου;F;64;Λάρισα;Θεσσαλία;2025-02-20;Bronze
206249;Ελένη;Βλάχος;F;62;Σέρρες;Κεντρική Μακεδονία;2025-04-06;Bronze
206250;Παναγιώτης;Σταματίου;M;47;Χανιά;Κρήτη;2025-08-18;Bronze
206251;Βασίλης;Σπυρόπουλος;M;67;Ηράκλειο;Κρήτη;2024-05-29;Platinum
206252;Μιχάλης;Μιχαηλίδης;M;45;Βόλος;Θεσσαλία;2024-09-20;Gold
206253;Κατερίνα;Καραγιάννης;F;37;Ρόδος;Νότιο Αιγαίο;2024-10-23;Platinum
206254;Δήμητρα;Κωνσταντίνου;F;59;Αθήνα;Αττική;2024-07-12;Gold
206255;Γιώργος;Νικολάου;M;59;Θεσσαλονίκη;Κεντρική Μακεδονία;2024-11-03;Bronze
206256;Δήμητρα;Χατζής;F;36;Βόλος;Θεσσαλία;2024-07-25;Silver
206257;Δημήτρης;Νικολάου;M;33;Λάρισα;Θεσσαλία;2024-12-06;Silver
206258;Ανδρέας;Μιχαηλίδης;M;44;Χανιά;Κρήτη;2024-06-14;Platinum
206259;Δήμητρα;Καραγιάννης;F;60;Βόλος;Θεσσαλία;2024-11-06;Silver
206260;Γιώργος;Βλάχος;M;71;Τρίκαλα;Θεσσαλία;2025-09-21;Silver
206261;Δημήτρης;Βλάχος;M;69;Σέρρες;Κεντρική Μακεδονία;2025-04-22;Silver
206262;Θανάσης;Δημητρίου;M;41;Σέρρες;Κεντρική Μακεδονία;2025-04-12;Silver
206263;Νίκος;Αναστασίου;M;23;Θεσσαλονίκη;Κεντρική Μακεδονία;2024-03-21;Bronze
206264;Χρήστος;Νικολάου;M;31;Θεσσαλονίκη;Κεντρική Μακεδονία;2024-12-28;Bronze
206265;Κατερίνα;Λαμπρόπουλος;F;22;Θεσσαλονίκη;Κεντρική Μακεδονία;2025-01-01;Silver
206266;Δήμητρα;Οικονόμου;F;54;Θεσσαλονίκη;Κεντρική Μακεδονία;2025-01-20;Bronze
206267;Δήμητρα;Παπαδόπουλος;F;41;Καβάλα;Ανατολική Μακεδονία & Θράκη;2025-09-12;Gold
206268;Νίκος;Ιωαννίδης;M;22;Αθήνα;Αττική;2025-11-02;Platinum
206269;Γιώργος;Παπαδόπουλος;M;59;Ρόδος;Νότιο Αιγαίο;2024-09-28;Bronze
206270;Γιώργος;Νικολάου;M;47;Καβάλα;Ανατολική Μακεδονία & Θράκη;2024-08-18;Bronze
206271;Χρήστος;Παπανικολάου;M;43;Ρόδος;Νότιο Αιγαίο;2024-10-23;Bronze
206272;Άννα;Λαμπρόπουλος;F;18;Σέρρες;Κεντρική Μακεδονία;2025-06-22;Bronze
206273;Κώστας;Μιχαηλίδης;M;69;Καβάλα;Ανατολική Μακεδονία & Θράκη;2025-03-03;Silver
206274;Νίκος;Αναστασίου;M;33;Θεσσαλονίκη;Κεντρική Μακεδονία;2024-03-03;Silver
206275;Θανάσης;Ζαχαρίου;M;72;Καβάλα;Ανατολική Μακεδονία & Θράκη;2024-03-21;Bronze
206276;Κατερίνα;Καρράς;F;64;Λάρισα;Θεσσαλία;2024-05-17;Silver
206277;Χρήστος;Κωνσταντίνου;M;64;Ιωάννινα;Ήπειρος;2024-04-24;Bronze
206278;Βασίλης;Αλεξίου;M;71;Τρίκαλα;Θεσσαλία;2025-06-02;Gold
206279;Χρήστος;Καραγιάννης;M;37;Τρίκαλα;Θεσσαλία;2024-05-17;Silver
206280;Σοφία;Οικονόμου;F;40;Χανιά;Κρήτη;2024-10-18;Silver
206281;Άννα;Λαμπρόπουλος;F;68;Ρόδος;Νότιο Αιγαίο;2024-10-26;Silver
206282;Κατερίνα;Ζαχαρίου;F;55;Καβάλα;Ανατολική Μακεδονία & Θράκη;2024-06-14;Silver
206283;Γεωργία;Σπυρόπουλος;F;54;Χανιά;Κρήτη;2025-08-26;Silver
206284;Παναγιώτης;Παπανικολάου;M;40;Τρίκαλα;Θεσσαλία;2024-10-29;Bronze
206285;Κατερίνα;Γεωργίου;F;19;Αθήνα;Αττική;2024-04-25;Bronze
206286;Ελένη;Γεωργίου;F;66;Καβάλα;Ανατολική Μακεδονία & Θράκη;2025-04-01;Silver
206287;Δήμητρα;Αλεξίου;F;54;Τρίκαλα;Θεσσαλία;2025-10-26;Bronze
206288;Ιωάννα;Πετρόπουλος;F;52;Ιωάννινα;Ήπειρος;2025-01-28;Platinum
206289;Γεωργία;Σταματίου;F;72;Ηράκλειο;Κρήτη;2024-08-30;Silver
206290;Γιώργος;Οικονόμου;M;65;Σέρρες;Κεντρική Μακεδονία;2025-10-05;Gold
206291;Δήμητρα;Αλεξίου;F;56;Βόλος;Θεσσαλία;2025-11-05;Bronze
206292;Χριστίνα;Αλεξίου;F;47;Καβάλα;Ανατολική Μακεδονία & Θράκη;2025-11-15;Silver
206293;Κώστας;Ιωαννίδης;M;28;Λάρισα;Θεσσαλία;2025-01-05;Silver
206294;Μαρία;Γεωργίου;F;32;Θεσσαλονίκη;Κεντρική Μακεδονία;2024-04-29;Bronze
206295;Ελένη;Καραγιάννης;F;33;Σέρρες;Κεντρική Μακεδονία;2024-07-30;Bronze
206296;Χρήστος;Νικολάου;M;36;Ρόδος;Νότιο Αιγαίο;2025-10-09;Bronze
206297;Ελένη;Παπανικολάου;F;45;Ρόδος;Νότιο Αιγαίο;2024-11-12;Bronze
206298;Αγγελική;Καραγιάννης;F;22;Καβάλα;Ανατολική Μακεδονία & Θράκη;2024-03-11;Bronze
206299;Ανδρέας;Ζαχαρίου;M;61;Ρόδος;Νότιο Αιγαίο;2024-03-26;Gold
206300;Σοφία;Λαμπρόπουλος;F;67;Πάτρα;Δυτική Ελλάδα;2024-12-04;Bronze
206301;Άννα;Πετρόπουλος;F;45;Λάρισα;Θεσσαλία;2024-07-22;Silver
206302;Νίκος;Καρράς;M;23;Πάτρα;Δυτική Ελλάδα;2024-01-01;Silver
206303;Βασίλης;Καρράς;M;60;Χανιά;Κρήτη;2025-11-08;Silver
206304;Αγγελική;Αναστασίου;F;27;Σέρρες;Κεντρική Μακεδονία;2025-12-12;Silver
206305;Ελένη;Παπανικολάου;F;32;Ιωάννινα;Ήπειρος;2025-11-04;Bronze
206306;Γιώργος;Χατζής;M;46;Τρίκαλα;Θεσσαλία;2024-12-28;Bronze
206307;Χριστίνα;Πετρόπουλος;F;55;Θεσσαλονίκη;Κεντρική Μακεδονία;2025-12-01;Platinum
206308;Βασίλης;Παπανικολάου;M;72;Τρίκαλα;Θεσσαλία;2025-02-09;Silver
206309;Σοφία;Δημητρίου;F;44;Λάρισα;Θεσσαλία;2025-08-08;Bronze
206310;Νίκος;Δημητρίου;M;38;Ιωάννινα;Ήπειρος;2025-10-14;Silver
206311;Σοφία;Παπαδόπουλος;F;28;Ιωάννινα;Ήπειρος;2024-05-08;Bronze
206312;Χρήστος;Παπαδόπουλος;M;63;Ηράκλειο;Κρήτη;2025-02-22;Bronze
206313;Ανδρέας;Γεωργίου;M;53;Βόλος;Θεσσαλία;2024-06-24;Bronze
206314;Χρήστος;Ιωαννίδης;M;43;Θεσσαλονίκη;Κεντρική Μακεδονία;2024-07-23;Silver
206315;Μιχάλης;Βλάχος;M;69;Ρόδος;Νότιο Αιγαίο;2025-06-11;Platinum
206316;Παναγιώτης;Ζαχαρίου;M;36;Σέρρες;Κεντρική Μακεδονία;2024-11-25;Platinum
206317;Άννα;Παπαδόπουλος;F;18;Καβάλα;Ανατολική Μακεδονία & Θράκη;2025-10-23;Bronze
206318;Ιωάννα;Καραγιάννης;F;48;Λάρισα;Θεσσαλία;2024-05-04;Silver
206319;Χριστίνα;Ιωαννίδης;F;24;Χανιά;Κρήτη;2024-08-03;Bronze
206320;Δημήτρης;Σταματίου;M;41;Ηράκλειο;Κρήτη;2024-09-05;Silver
206321;Γιώργος;Παπανικολάου;M;47;Τρίκαλα;Θεσσαλία;2024-12-27;Silver
206322;Χριστίνα;Οικονόμου;F;47;Αθήνα;Αττική;2024-07-10;Gold
206323;Μαρία;Σπυρόπουλος;F;64;Ιωάννινα;Ήπειρος;2025-03-13;Bronze
206324;Γεωργία;Ιωαννίδης;F;19;Χανιά;Κρήτη;2025-01-04;Silver
206325;Ελένη;Οικονόμου;F;44;Χανιά;Κρήτη;2025-09-23;Bronze
206326;Άννα;Νικολάου;F;42;Λάρισα;Θεσσαλία;2025-05-23;Bronze
206327;Παναγιώτης;Δημητρίου;M;29;Σέρρες;Κεντρική Μακεδονία;2024-10-05;Bronze
206328;Άννα;Χατζής;F;45;Χανιά;Κρήτη;2024-10-17;Silver
206329;Ανδρέας;Χατζής;M;68;Ιωάννινα;Ήπειρος;2024-02-21;Bronze
206330;Βασίλης;Νικολάου;M;18;Χανιά;Κρήτη;2025-05-14;Bronze
206331;Βασίλης;Λαμπρόπουλος;M;25;Ρόδος;Νότιο Αιγαίο;2024-08-08;Silver
206332;Μιχάλης;Δημητρίου;M;54;Θεσσαλονίκη;Κεντρική Μακεδονία;2025-06-02;Silver
206333;Βασίλης;Γεωργίου;M;57;Χανιά;Κρήτη;2025-05-04;Gold
206334;Νίκος;Καρράς;M;39;Αθήνα;Αττική;2024-04-09;Gold
206335;Μιχάλης;Ιωαννίδης;M;47;Ιωάννινα;Ήπειρος;2024-01-09;Bronze
206336;Βασίλης;Καρράς;M;63;Καβάλα;Ανατολική Μακεδονία & Θράκη;2025-12-01;Gold
206337;Κώστας;Καρράς;M;26;Λάρισα;Θεσσαλία;2025-09-03;Gold
206338;Κατερίνα;Ζαχαρίου;F;57;Ηράκλειο;Κρήτη;2024-06-21;Silver
206339;Χριστίνα;Παπανικολάου;F;68;Τρίκαλα;Θεσσαλία;2024-03-23;Silver
206340;Άννα;Δημητρίου;F;31;Θεσσαλονίκη;Κεντρική Μακεδονία;2025-09-21;Gold
206341;Σοφία;Χατζής;F;33;Θεσσαλονίκη;Κεντρική Μακεδονία;2024-09-02;Bronze
206342;Χριστίνα;Σταματίου;F;68;Βόλος;Θεσσαλία;2024-12-16;Silver
206343;Χριστίνα;Ιωαννίδης;F;22;Θεσσαλονίκη;Κεντρική Μακεδονία;2025-06-15;Gold
206344;Χριστίνα;Καρράς;F;58;Βόλος;Θεσσαλία;2024-04-22;Bronze
206345;Μιχάλης;Σταματίου;M;48;Θεσσαλονίκη;Κεντρική Μακεδονία;2024-12-03;Bronze
206346;Χρήστος;Σταματίου;M;52;Θεσσαλονίκη;Κεντρική Μακεδονία;2024-07-18;Bronze
206347;Ανδρέας;Παπαδόπουλος;M;30;Ηράκλειο;Κρήτη;2024-10-17;Bronze
206348;Σοφία;Χατζής;F;44;Σέρρες;Κεντρική Μακεδονία;2025-06-01;Bronze
206349;Σοφία;Αναστασίου;F;45;Τρίκαλα;Θεσσαλία;2024-11-18;Bronze
206350;Αγγελική;Νικολάου;F;25;Χανιά;Κρήτη;2025-05-15;Bronze
206351;Νίκος;Νικολάου;M;39;Βόλος;Θεσσαλία;2025-06-06;Silver
206352;Ιωάννα;Κωνσταντίνου;F;70;Αθήνα;Αττική;2024-12-25;Bronze
206353;Ανδρέας;Δημητρίου;M;31;Λάρισα;Θεσσαλία;2025-11-12;Bronze
206354;Βασίλης;Καρράς;M;38;Τρίκαλα;Θεσσαλία;2025-03-04;Silver
206355;Άννα;Λαμπρόπουλος;F;49;Λάρισα;Θεσσαλία;2024-10-27;Silver
206356;Ελένη;Βλάχος;F;37;Θεσσαλονίκη;Κεντρική Μακεδονία;2024-06-18;Bronze
206357;Βασίλης;Βλάχος;M;34;Θεσσαλονίκη;Κεντρική Μακεδονία;2024-01-27;Bronze
206358;Κατερίνα;Πετρόπουλος;F;64;Τρίκαλα;Θεσσαλία;2025-09-27;Platinum
206359;Χριστίνα;Ιωαννίδης;F;44;Πάτρα;Δυτική Ελλάδα;2025-12-31;Gold
206360;Ιωάννα;Οικονόμου;F;33;Ρόδος;Νότιο Αιγαίο;2024-08-26;Bronze
206361;Ιωάννα;Καραγιάννης;F;47;Λάρισα;Θεσσαλία;2024-11-14;Gold
206362;Βασίλης;Κωνσταντίνου;M;30;Ρόδος;Νότιο Αιγαίο;2025-04-25;Gold
206363;Βασίλης;Σταματίου;M;63;Αθήνα;Αττική;2024-01-13;Bronze
206364;Μαρία;Πετρόπουλος;F;65;Ηράκλειο;Κρήτη;2024-12-09;Silver
206365;Μιχάλης;Γεωργίου;M;49;Ηράκλειο;Κρήτη;2025-12-04;Silver
206366;Γιώργος;Αλεξίου;M;23;Σέρρες;Κεντρική Μακεδονία;2024-01-12;Bronze
206367;Σοφία;Καρράς;F;62;Βόλος;Θεσσαλία;2024-04-08;Gold
206368;Ιωάννα;Ζαχαρίου;F;68;Χανιά;Κρήτη;2025-05-25;Silver
206369;Αγγελική;Λαμπρόπουλος;F;50;Λάρισα;Θεσσαλία;2024-12-24;Gold
206370;Γεωργία;Ιωαννίδης;F;47;Τρίκαλα;Θεσσαλία;2025-08-17;Silver
206371;Παναγιώτης;Πετρόπουλος;M;23;Καβάλα;Ανατολική Μακεδονία & Θράκη;2025-09-08;Gold
206372;Ελένη;Πετρόπουλος;F;21;Ιωάννινα;Ήπειρος;2025-08-26;Silver
206373;Δημήτρης;Χατζής;M;69;Βόλος;Θεσσαλία;2024-04-08;Bronze
206374;Κώστας;Καραγιάννης;M;60;Χανιά;Κρήτη;2025-02-11;Bronze
206375;Αγγελική;Πετρόπουλος;F;54;Χανιά;Κρήτη;2024-11-04;Bronze
206376;Δημήτρης;Σταματίου;M;42;Βόλος;Θεσσαλία;2024-03-02;Silver
206377;Ανδρέας;Νικολάου;M;34;Θεσσαλονίκη;Κεντρική Μακεδονία;2024-04-08;Bronze
206378;Γιώργος;Σπυρόπουλος;M;44;Βόλος;Θεσσαλία;2024-04-07;Platinum
206379;Δημήτρης;Παπανικολάου;M;29;Ρόδος;Νότιο Αιγαίο;2024-10-16;Silver
206380;Χριστίνα;Οικονόμου;F;33;Τρίκαλα;Θεσσαλία;2025-10-07;Gold
206381;Ελένη;Παπαδόπουλος;F;52;Λάρισα;Θεσσαλία;2025-10-09;Silver
206382;Θανάσης;Καραγιάννης;M;21;Λάρισα;Θεσσαλία;2024-11-20;Bronze
206383;Αγγελική;Σπυρόπουλος;F;43;Θεσσαλονίκη;Κεντρική Μακεδονία;2024-05-26;Silver
206384;Χριστίνα;Καραγιάννης;F;42;Πάτρα;Δυτική Ελλάδα;2024-04-26;Platinum
206385;Ανδρέας;Αναστασίου;M;58;Βόλος;Θεσσαλία;2025-02-17;Gold
206386;Άννα;Γεωργίου;F;40;Τρίκαλα;Θεσσαλία;2024-07-21;Platinum
206387;Παναγιώτης;Λαμπρόπουλος;M;70;Σέρρες;Κεντρική Μακεδονία;2025-08-13;Gold
206388;Άννα;Δημητρίου;F;29;Αθήνα;Αττική;2024-02-02;Silver
206389;Γεωργία;Οικονόμου;F;37;Αθήνα;Αττική;2024-01-31;Gold
206390;Ελένη;Σπυρόπουλος;F;20;Ηράκλειο;Κρήτη;2025-02-18;Silver
206391;Δημήτρης;Καραγιάννης;M;64;Ηράκλειο;Κρήτη;2024-08-10;Bronze
206392;Κατερίνα;Αναστασίου;F;22;Λάρισα;Θεσσαλία;2025-10-03;Bronze
206393;Χριστίνα;Σταματίου;F;72;Θεσσαλονίκη;Κεντρική Μακεδονία;2025-05-06;Gold
206394;Γεωργία;Αναστασίου;F;64;Πάτρα;Δυτική Ελλάδα;2025-10-19;Silver
206395;Γιώργος;Γεωργίου;M;49;Πάτρα;Δυτική Ελλάδα;2025-05-22;Gold
206396;Νίκος;Παπανικολάου;M;23;Καβάλα;Ανατολική Μακεδονία & Θράκη;2024-12-11;Platinum
206397;Γεωργία;Καρράς;F;33;Θεσσαλονίκη;Κεντρική Μακεδονία;2024-08-18;Bronze
206398;Παναγιώτης;Χατζής;M;42;Θεσσαλονίκη;Κεντρική Μακεδονία;2025-09-29;Gold
206399;Ελένη;Πετρόπουλος;F;43;Ιωάννινα;Ήπειρος;2024-06-24;Silver
206400;Δήμητρα;Καραγιάννης;F;21;Ιωάννινα;Ήπειρος;2024-11-20;Gold
206401;Αγγελική;Καρράς;F;28;Ηράκλειο;Κρήτη;2025-03-28;Silver
206402;Ιωάννα;Γεωργίου;F;61;Καβάλα;Ανατολική Μακεδονία & Θράκη;2024-05-05;Bronze
206403;Θανάσης;Δημητρίου;M;49;Ιωάννινα;Ήπειρος;2025-05-04;Bronze
206404;Μαρία;Παπαδόπουλος;F;26;Πάτρα;Δυτική Ελλάδα;2025-10-24;Bronze
206405;Κατερίνα;Κωνσταντίνου;F;37;Βόλος;Θεσσαλία;2024-07-06;Bronze
206406;Άννα;Παπαδόπουλος;F;62;Αθήνα;Αττική;2024-08-12;Silver
206407;Αγγελική;Οικονόμου;F;44;Λάρισα;Θεσσαλία;2025-03-09;Gold
206408;Γεωργία;Αναστασίου;F;65;Ρόδος;Νότιο Αιγαίο;2024-03-30;Silver
206409;Αγγελική;Αναστασίου;F;56;Σέρρες;Κεντρική Μακεδονία;2025-06-07;Silver
206410;Γεωργία;Αλεξίου;F;62;Πάτρα;Δυτική Ελλάδα;2024-01-08;Bronze
206411;Κώστας;Μιχαηλίδης;M;53;Ιωάννινα;Ήπειρος;2025-05-28;Silver
206412;Μιχάλης;Ιωαννίδης;M;41;Τρίκαλα;Θεσσαλία;2025-05-17;Silver
206413;Δήμητρα;Καραγιάννης;F;63;Τρίκαλα;Θεσσαλία;2025-01-30;Gold
206414;Γιώργος;Χατζής;M;27;Λάρισα;Θεσσαλία;2025-03-04;Bronze
206415;Βασίλης;Γεωργίου;M;32;Πάτρα;Δυτική Ελλάδα;2024-06-02;Bronze
206416;Δήμητρα;Παπαδόπουλος;F;34;Θεσσαλονίκη;Κεντρική Μακεδονία;2024-05-21;Bronze
206417;Σοφία;Βλάχος;F;62;Βόλος;Θεσσαλία;2024-01-04;Silver
206418;Δήμητρα;Σπυρόπουλος;F;32;Θεσσαλονίκη;Κεντρική Μακεδονία;2024-10-20;Gold
206419;Χρήστος;Καρράς;M;29;Πάτρα;Δυτική Ελλάδα;2025-11-04;Bronze
206420;Χριστίνα;Παπαδόπουλος;F;30;Χανιά;Κρήτη;2024-06-04;Gold
206421;Μιχάλης;Δημητρίου;M;21;Αθήνα;Αττική;2024-05-27;Bronze
206422;Σοφία;Γεωργίου;F;58;Καβάλα;Ανατολική Μακεδονία & Θράκη;2025-11-01;Silver
206423;Γεωργία;Καραγιάννης;F;56;Ηράκλειο;Κρήτη;2025-11-04;Gold
206424;Θανάσης;Αλεξίου;M;33;Χανιά;Κρήτη;2024-07-19;Silver
206425;Χριστίνα;Λαμπρόπουλος;F;50;Ηράκλειο;Κρήτη;2025-07-18;Silver
206426;Αγγελική;Χατζής;F;68;Χανιά;Κρήτη;2024-06-02;Bronze
206427;Μιχάλης;Αλεξίου;M;53;Τρίκαλα;Θεσσαλία;2025-03-20;Platinum
206428;Χρήστος;Ιωαννίδης;M;29;Τρίκαλα;Θεσσαλία;2024-05-25;Bronze
206429;Μιχάλης;Πετρόπουλος;M;71;Τρίκαλα;Θεσσαλία;2025-10-08;Silver
206430;Αγγελική;Καραγιάννης;F;32;Τρίκαλα;Θεσσαλία;2025-10-08;Bronze
206431;Θανάσης;Πετρόπουλος;M;51;Αθήνα;Αττική;2025-01-20;Platinum
206432;Γεωργία;Μιχαηλίδης;F;19;Σέρρες;Κεντρική Μακεδονία;2024-07-20;Gold
206433;Κατερίνα;Πετρόπουλος;F;71;Ρόδος;Νότιο Αιγαίο;2024-12-25;Bronze
206434;Ιωάννα;Νικολάου;F;64;Πάτρα;Δυτική Ελλάδα;2025-02-22;Silver
206435;Κατερίνα;Λαμπρόπουλος;F;23;Αθήνα;Αττική;2025-04-05;Bronze
206436;Ιωάννα;Λαμπρόπουλος;F;72;Ιωάννινα;Ήπειρος;2025-03-29;Silver
206437;Θανάσης;Καραγιάννης;M;22;Χανιά;Κρήτη;2024-03-10;Platinum
206438;Ανδρέας;Χατζής;M;46;Λάρισα;Θεσσαλία;2025-03-16;Silver
206439;Δημήτρης;Οικονόμου;M;41;Ηράκλειο;Κρήτη;2025-12-09;Silver
206440;Χρήστος;Σταματίου;M;34;Πάτρα;Δυτική Ελλάδα;2025-02-01;Bronze
206441;Δημήτρης;Νικολάου;M;35;Χανιά;Κρήτη;2025-12-10;Silver
206442;Χρήστος;Ιωαννίδης;M;24;Χανιά;Κρήτη;2025-07-03;Bronze
206443;Θανάσης;Λαμπρόπουλος;M;70;Ιωάννινα;Ήπειρος;2025-02-06;Bronze
206444;Θανάσης;Αναστασίου;M;19;Ιωάννινα;Ήπειρος;2024-08-31;Platinum
206445;Κατερίνα;Κωνσταντίνου;F;47;Ιωάννινα;Ήπειρος;2024-07-27;Silver
206446;Ιωάννα;Νικολάου;F;69;Ιωάννινα;Ήπειρος;2025-11-07;Silver
206447;Μαρία;Παπαδόπουλος;F;47;Πάτρα;Δυτική Ελλάδα;2025-07-20;Gold
206448;Άννα;Ζαχαρίου;F;59;Τρίκαλα;Θεσσαλία;2025-12-12;Bronze
206449;Γιώργος;Χατζής;M;57;Ρόδος;Νότιο Αιγαίο;2025-06-07;Bronze
206450;Παναγιώτης;Παπανικολάου;M;62;Αθήνα;Αττική;2024-11-30;Bronze
206451;Γεωργία;Παπαδόπουλος;F;37;Χανιά;Κρήτη;2025-04-23;Silver
206452;Γεωργία;Καραγιάννης;F;41;Λάρισα;Θεσσαλία;2024-08-19;Gold
206453;Άννα;Μιχαηλίδης;F;71;Λάρισα;Θεσσαλία;2025-09-25;Silver
206454;Γιώργος;Καραγιάννης;M;49;Τρίκαλα;Θεσσαλία;2025-08-10;Silver
206455;Ιωάννα;Νικολάου;F;27;Πάτρα;Δυτική Ελλάδα;2024-05-24;Silver
206456;Χριστίνα;Δημητρίου;F;66;Βόλος;Θεσσαλία;2024-09-04;Bronze
206457;Γιώργος;Νικολάου;M;49;Αθήνα;Αττική;2024-05-19;Silver
206458;Μαρία;Καραγιάννης;F;71;Ιωάννινα;Ήπειρος;2025-09-18;Silver
206459;Γεωργία;Βλάχος;F;72;Χανιά;Κρήτη;2025-12-09;Bronze
206460;Ελένη;Κωνσταντίνου;F;40;Ηράκλειο;Κρήτη;2025-07-21;Bronze
206461;Νίκος;Καρράς;M;51;Θεσσαλονίκη;Κεντρική Μακεδονία;2024-06-07;Gold
206462;Μιχάλης;Παπανικολάου;M;18;Αθήνα;Αττική;2024-01-26;Bronze
206463;Ανδρέας;Ιωαννίδης;M;51;Βόλος;Θεσσαλία;2025-08-05;Bronze
206464;Κώστας;Κωνσταντίνου;M;34;Βόλος;Θεσσαλία;2024-12-30;Platinum
206465;Κατερίνα;Αλεξίου;F;29;Πάτρα;Δυτική Ελλάδα;2024-04-08;Bronze
206466;Σοφία;Δημητρίου;F;30;Ρόδος;Νότιο Αιγαίο;2025-08-08;Silver
206467;Μιχάλης;Μιχαηλίδης;M;54;Ρόδος;Νότιο Αιγαίο;2024-07-22;Bronze
206468;Δημήτρης;Λαμπρόπουλος;M;23;Βόλος;Θεσσαλία;2025-03-20;Silver
206469;Μιχάλης;Παπαδόπουλος;M;40;Τρίκαλα;Θεσσαλία;2025-11-06;Silver
206470;Γεωργία;Ιωαννίδης;F;63;Θεσσαλονίκη;Κεντρική Μακεδονία;2024-01-14;Gold
206471;Χρήστος;Γεωργίου;M;59;Θεσσαλονίκη;Κεντρική Μακεδονία;2024-05-23;Silver
206472;Σοφία;Οικονόμου;F;63;Χανιά;Κρήτη;2025-10-25;Bronze
206473;Άννα;Παπαδόπουλος;F;61;Ιωάννινα;Ήπειρος;2025-08-14;Gold
206474;Βασίλης;Νικολάου;M;22;Λάρισα;Θεσσαλία;2024-11-17;Bronze
206475;Αγγελική;Χατζής;F;56;Ρόδος;Νότιο Αιγαίο;2025-08-01;Bronze
206476;Γιώργος;Σταματίου;M;53;Λάρισα;Θεσσαλία;2024-02-27;Bronze
206477;Βασίλης;Ιωαννίδης;M;21;Βόλος;Θεσσαλία;2025-01-27;Gold
206478;Νίκος;Χατζής;M;24;Πάτρα;Δυτική Ελλάδα;2025-10-30;Bronze
206479;Αγγελική;Ιωαννίδης;F;65;Χανιά;Κρήτη;2025-08-03;Bronze
206480;Γεωργία;Λαμπρόπουλος;F;22;Χανιά;Κρήτη;2024-10-05;Bronze
206481;Θανάσης;Βλάχος;M;52;Ιωάννινα;Ήπειρος;2024-12-27;Platinum
206482;Ελένη;Πετρόπουλος;F;67;Πάτρα;Δυτική Ελλάδα;2025-05-26;Silver
206483;Ανδρέας;Κωνσταντίνου;M;50;Καβάλα;Ανατολική Μακεδονία & Θράκη;2024-11-09;Silver
206484;Ανδρέας;Μιχαηλίδης;M;42;Πάτρα;Δυτική Ελλάδα;2024-08-18;Bronze
206485;Ανδρέας;Μιχαηλίδης;M;18;Ρόδος;Νότιο Αιγαίο;2025-10-26;Platinum
206486;Χριστίνα;Γεωργίου;F;41;Αθήνα;Αττική;2024-04-09;Bronze
206487;Ανδρέας;Οικονόμου;M;44;Ιωάννινα;Ήπειρος;2025-10-05;Bronze
206488;Χριστίνα;Οικονόμου;F;72;Βόλος;Θεσσαλία;2024-01-30;Platinum
206489;Βασίλης;Ιωαννίδης;M;59;Βόλος;Θεσσαλία;2025-12-13;Silver
206490;Ιωάννα;Λαμπρόπουλος;F;54;Ηράκλειο;Κρήτη;2025-05-02;Silver
206491;Θανάσης;Γεωργίου;M;56;Λάρισα;Θεσσαλία;2025-05-14;Bronze
206492;Κατερίνα;Χατζής;F;71;Ρόδος;Νότιο Αιγαίο;2024-02-12;Silver
206493;Κατερίνα;Δημητρίου;F;62;Ρόδος;Νότιο Αιγαίο;2025-01-31;Gold
206494;Θανάσης;Γεωργίου;M;19;Πάτρα;Δυτική Ελλάδα;2025-04-11;Bronze
206495;Ιωάννα;Δημητρίου;F;66;Λάρισα;Θεσσαλία;2024-07-10;Bronze
206496;Κώστας;Δημητρίου;M;24;Θεσσαλονίκη;Κεντρική Μακεδονία;2025-10-09;Silver
206497;Χρήστος;Καρράς;M;66;Σέρρες;Κεντρική Μακεδονία;2024-05-16;Bronze
206498;Άννα;Λαμπρόπουλος;F;24;Ηράκλειο;Κρήτη;2024-09-12;Bronze
206499;Νίκος;Κωνσταντίνου;M;41;Πάτρα;Δυτική Ελλάδα;2024-09-12;Silver
206500;Δημήτρης;Αναστασίου;M;42;Ηράκλειο;Κρήτη;2024-07-19;Silver
206501;Βασίλης;Σπυρόπουλος;M;34;Σέρρες;Κεντρική Μακεδονία;2024-06-06;Gold
206502;Δήμητρα;Μιχαηλίδης;F;53;Ιωάννινα;Ήπειρος;2025-02-27;Gold
206503;Ανδρέας;Λαμπρόπουλος;M;20;Αθήνα;Αττική;2024-02-20;Silver
206504;Άννα;Λαμπρόπουλος;F;25;Βόλος;Θεσσαλία;2025-04-25;Gold
206505;Νίκος;Παπανικολάου;M;35;Ηράκλειο;Κρήτη;2025-12-02;Silver
206506;Ιωάννα;Λαμπρόπουλος;F;24;Χανιά;Κρήτη;2025-10-12;Bronze
206507;Ιωάννα;Πετρόπουλος;F;63;Λάρισα;Θεσσαλία;2025-09-26;Gold
206508;Παναγιώτης;Ζαχαρίου;M;51;Θεσσαλονίκη;Κεντρική Μακεδονία;2024-12-21;Silver
206509;Παναγιώτης;Κωνσταντίνου;M;45;Ιωάννινα;Ήπειρος;2024-04-04;Gold
206510;Σοφία;Γεωργίου;F;47;Θεσσαλονίκη;Κεντρική Μακεδονία;2024-02-06;Bronze
206511;Δήμητρα;Καρράς;F;71;Πάτρα;Δυτική Ελλάδα;2025-02-09;Bronze
206512;Σοφία;Παπανικολάου;F;60;Βόλος;Θεσσαλία;2024-08-28;Gold
206513;Άννα;Καραγιάννης;F;69;Καβάλα;Ανατολική Μακεδονία & Θράκη;2025-03-11;Bronze
206514;Γεωργία;Πετρόπουλος;F;20;Πάτρα;Δυτική Ελλάδα;2025-11-09;Bronze
206515;Κατερίνα;Βλάχος;F;69;Χανιά;Κρήτη;2024-04-14;Gold
206516;Κώστας;Μιχαηλίδης;M;45;Λάρισα;Θεσσαλία;2025-06-06;Gold
206517;Βασίλης;Μιχαηλίδης;M;24;Λάρισα;Θεσσαλία;2025-01-29;Gold
206518;Χρήστος;Αλεξίου;M;63;Βόλος;Θεσσαλία;2025-07-04;Platinum
206519;Άννα;Αλεξίου;F;23;Σέρρες;Κεντρική Μακεδονία;2025-01-04;Bronze
206520;Νίκος;Αλεξίου;M;40;Ιωάννινα;Ήπειρος;2024-04-26;Gold
206521;Μαρία;Σταματίου;F;49;Χανιά;Κρήτη;2024-10-23;Silver
206522;Σοφία;Σπυρόπουλος;F;71;Ρόδος;Νότιο Αιγαίο;2024-07-15;Bronze
206523;Δημήτρης;Πετρόπουλος;M;69;Τρίκαλα;Θεσσαλία;2024-04-22;Silver
206524;Ελένη;Πετρόπουλος;F;62;Ιωάννινα;Ήπειρος;2025-07-24;Bronze
206525;Ανδρέας;Ζαχαρίου;M;52;Βόλος;Θεσσαλία;2025-11-13;Platinum
206526;Άννα;Γεωργίου;F;31;Σέρρες;Κεντρική Μακεδονία;2025-12-23;Gold
206527;Σοφία;Παπαδόπουλος;F;51;Καβάλα;Ανατολική Μακεδονία & Θράκη;2024-11-10;Bronze
206528;Μιχάλης;Αλεξίου;M;57;Καβάλα;Ανατολική Μακεδονία & Θράκη;2024-06-04;Silver
206529;Ελένη;Καραγιάννης;F;40;Ιωάννινα;Ήπειρος;2024-12-15;Bronze
206530;Χρήστος;Γεωργίου;M;50;Ηράκλειο;Κρήτη;2024-10-23;Bronze
206531;Ελένη;Δημητρίου;F;50;Αθήνα;Αττική;2025-09-03;Bronze
206532;Δήμητρα;Δημητρίου;F;55;Σέρρες;Κεντρική Μακεδονία;2024-05-09;Bronze
206533;Κατερίνα;Ζαχαρίου;F;45;Ηράκλειο;Κρήτη;2024-11-14;Silver
206534;Νίκος;Καρράς;M;72;Θεσσαλονίκη;Κεντρική Μακεδονία;2025-11-17;Silver
206535;Σοφία;Πετρόπουλος;F;25;Λάρισα;Θεσσαλία;2024-11-09;Bronze
206536;Μιχάλης;Ιωαννίδης;M;71;Πάτρα;Δυτική Ελλάδα;2024-01-21;Bronze
206537;Χριστίνα;Πετρόπουλος;F;24;Λάρισα;Θεσσαλία;2025-03-21;Platinum
206538;Χρήστος;Αναστασίου;M;22;Βόλος;Θεσσαλία;2025-04-30;Bronze
206539;Χριστίνα;Ζαχαρίου;F;35;Αθήνα;Αττική;2025-09-25;Bronze
206540;Ελένη;Καραγιάννης;F;50;Θεσσαλονίκη;Κεντρική Μακεδονία;2024-01-16;Silver
206541;Ελένη;Χατζής;F;41;Καβάλα;Ανατολική Μακεδονία & Θράκη;2025-10-19;Bronze
206542;Δήμητρα;Γεωργίου;F;37;Ρόδος;Νότιο Αιγαίο;2025-01-02;Bronze
206543;Δήμητρα;Λαμπρόπουλος;F;67;Ηράκλειο;Κρήτη;2025-07-09;Silver
206544;Χρήστος;Λαμπρόπουλος;M;20;Καβάλα;Ανατολική Μακεδονία & Θράκη;2024-06-28;Silver
206545;Ελένη;Ζαχαρίου;F;21;Χανιά;Κρήτη;2024-09-20;Bronze
206546;Χρήστος;Λαμπρόπουλος;M;37;Χανιά;Κρήτη;2024-05-23;Gold
206547;Δημήτρης;Παπαδόπουλος;M;70;Ρόδος;Νότιο Αιγαίο;2025-09-10;Bronze
206548;Παναγιώτης;Μιχαηλίδης;M;35;Λάρισα;Θεσσαλία;2024-12-14;Bronze
206549;Γιώργος;Μιχαηλίδης;M;60;Αθήνα;Αττική;2024-09-24;Bronze
206550;Θανάσης;Πετρόπουλος;M;21;Χανιά;Κρήτη;2024-03-26;Gold
206551;Άννα;Αλεξίου;F;21;Αθήνα;Αττική;2024-06-30;Silver
206552;Άννα;Νικολάου;F;69;Καβάλα;Ανατολική Μακεδονία & Θράκη;2024-07-06;Bronze
206553;Άννα;Καρράς;F;57;Βόλος;Θεσσαλία;2024-03-01;Bronze
206554;Κώστας;Μιχαηλίδης;M;20;Βόλος;Θεσσαλία;2025-08-22;Bronze
206555;Άννα;Ιωαννίδης;F;31;Βόλος;Θεσσαλία;2024-05-24;Bronze
206556;Σοφία;Χατζής;F;31;Αθήνα;Αττική;2024-12-18;Gold
206557;Άννα;Αναστασίου;F;71;Βόλος;Θεσσαλία;2024-04-08;Bronze
206558;Γεωργία;Χατζής;F;45;Λάρισα;Θεσσαλία;2024-05-28;Bronze
206559;Μαρία;Παπαδόπουλος;F;57;Χανιά;Κρήτη;2025-09-29;Silver
206560;Μιχάλης;Κωνσταντίνου;M;18;Τρίκαλα;Θεσσαλία;2024-11-17;Bronze
206561;Νίκος;Μιχαηλίδης;M;36;Θεσσαλονίκη;Κεντρική Μακεδονία;2024-03-11;Silver
206562;Δημήτρης;Καρράς;M;41;Ιωάννινα;Ήπειρος;2024-11-13;Silver
206563;Ανδρέας;Αναστασίου;M;70;Πάτρα;Δυτική Ελλάδα;2025-03-14;Bronze
206564;Κατερίνα;Λαμπρόπουλος;F;66;Σέρρες;Κεντρική Μακεδονία;2025-08-11;Silver
206565;Δημήτρης;Ζαχαρίου;M;34;Ηράκλειο;Κρήτη;2025-01-03;Gold
206566;Βασίλης;Πετρόπουλος;M;38;Ρόδος;Νότιο Αιγαίο;2024-11-03;Bronze
206567;Κώστας;Παπανικολάου;M;22;Σέρρες;Κεντρική Μακεδονία;2025-05-09;Bronze
206568;Δήμητρα;Σταματίου;F;56;Λάρισα;Θεσσαλία;2025-09-29;Bronze
206569;Χριστίνα;Ιωαννίδης;F;38;Θεσσαλονίκη;Κεντρική Μακεδονία;2024-06-15;Silver
206570;Χριστίνα;Αλεξίου;F;52;Ηράκλειο;Κρήτη;2025-03-14;Silver
206571;Δήμητρα;Σπυρόπουλος;F;21;Ηράκλειο;Κρήτη;2024-03-23;Silver
206572;Κώστας;Νικολάου;M;58;Θεσσαλονίκη;Κεντρική Μακεδονία;2024-09-08;Bronze
206573;Δήμητρα;Αλεξίου;F;59;Σέρρες;Κεντρική Μακεδονία;2024-09-25;Bronze
206574;Σοφία;Ζαχαρίου;F;31;Βόλος;Θεσσαλία;2024-10-22;Silver
206575;Ιωάννα;Αναστασίου;F;54;Χανιά;Κρήτη;2025-06-23;Silver
206576;Θανάσης;Καρράς;M;51;Ηράκλειο;Κρήτη;2025-07-29;Silver
206577;Κατερίνα;Ιωαννίδης;F;36;Ηράκλειο;Κρήτη;2024-02-06;Silver
206578;Ανδρέας;Βλάχος;M;66;Βόλος;Θεσσαλία;2024-06-26;Platinum
206579;Ελένη;Καραγιάννης;F;30;Σέρρες;Κεντρική Μακεδονία;2024-10-20;Gold
206580;Μαρία;Καρράς;F;52;Τρίκαλα;Θεσσαλία;2025-08-10;Silver
206581;Παναγιώτης;Καραγιάννης;M;24;Βόλος;Θεσσαλία;2025-05-02;Gold
206582;Ελένη;Παπαδόπουλος;F;52;Αθήνα;Αττική;2025-11-11;Gold
206583;Δημήτρης;Παπαδόπουλος;M;28;Πάτρα;Δυτική Ελλάδα;2024-04-15;Silver
206584;Θανάσης;Παπανικολάου;M;41;Θεσσαλονίκη;Κεντρική Μακεδονία;2024-07-02;Bronze
206585;Γεωργία;Ζαχαρίου;F;32;Πάτρα;Δυτική Ελλάδα;2024-07-14;Bronze
206586;Σοφία;Γεωργίου;F;34;Πάτρα;Δυτική Ελλάδα;2024-06-17;Bronze
206587;Κώστας;Καρράς;M;65;Τρίκαλα;Θεσσαλία;2024-05-10;Bronze
206588;Δήμητρα;Αλεξίου;F;48;Θεσσαλονίκη;Κεντρική Μακεδονία;2024-12-10;Silver
206589;Δήμητρα;Γεωργίου;F;71;Ρόδος;Νότιο Αιγαίο;2025-02-06;Silver
206590;Ιωάννα;Λαμπρόπουλος;F;50;Αθήνα;Αττική;2024-03-21;Silver
206591;Γεωργία;Γεωργίου;F;31;Πάτρα;Δυτική Ελλάδα;2025-03-08;Silver
206592;Δημήτρης;Σταματίου;M;63;Σέρρες;Κεντρική Μακεδονία;2025-02-06;Bronze
206593;Σοφία;Καρράς;F;57;Σέρρες;Κεντρική Μακεδονία;2024-02-11;Bronze
206594;Γεωργία;Αλεξίου;F;23;Αθήνα;Αττική;2024-12-15;Bronze
206595;Άννα;Σταματίου;F;30;Τρίκαλα;Θεσσαλία;2025-07-15;Bronze
206596;Δήμητρα;Παπανικολάου;F;26;Καβάλα;Ανατολική Μακεδονία & Θράκη;2025-07-26;Silver
206597;Κατερίνα;Μιχαηλίδης;F;18;Πάτρα;Δυτική Ελλάδα;2024-08-08;Bronze
206598;Μαρία;Χατζής;F;32;Αθήνα;Αττική;2025-09-29;Silver
206599;Αγγελική;Πετρόπουλος;F;23;Ρόδος;Νότιο Αιγαίο;2025-01-17;Bronze
206600;Ιωάννα;Χατζής;F;43;Ρόδος;Νότιο Αιγαίο;2025-08-08;Silver
206601;Βασίλης;Γεωργίου;M;54;Σέρρες;Κεντρική Μακεδονία;2024-05-06;Gold
206602;Αγγελική;Σπυρόπουλος;F;35;Ιωάννινα;Ήπειρος;2024-04-30;Bronze
206603;Θανάσης;Παπαδόπουλος;M;20;Πάτρα;Δυτική Ελλάδα;2024-10-23;Bronze
206604;Ελένη;Καραγιάννης;F;72;Βόλος;Θεσσαλία;2025-06-16;Gold
206605;Μιχάλης;Αλεξίου;M;39;Ηράκλειο;Κρήτη;2024-07-26;Bronze
206606;Μαρία;Νικολάου;F;50;Ρόδος;Νότιο Αιγαίο;2025-09-11;Bronze
206607;Αγγελική;Καρράς;F;69;Χανιά;Κρήτη;2025-01-12;Gold
206608;Άννα;Δημητρίου;F;23;Ιωάννινα;Ήπειρος;2024-06-14;Gold
206609;Χρήστος;Ιωαννίδης;M;72;Θεσσαλονίκη;Κεντρική Μακεδονία;2024-11-08;Silver
206610;Ιωάννα;Αλεξίου;F;68;Ρόδος;Νότιο Αιγαίο;2025-02-16;Silver
206611;Άννα;Δημητρίου;F;19;Βόλος;Θεσσαλία;2024-12-28;Bronze
206612;Γιώργος;Αλεξίου;M;61;Αθήνα;Αττική;2025-11-08;Gold
206613;Δήμητρα;Χατζής;F;44;Αθήνα;Αττική;2025-07-24;Gold
206614;Αγγελική;Μιχαηλίδης;F;57;Καβάλα;Ανατολική Μακεδονία & Θράκη;2025-09-14;Bronze
206615;Αγγελική;Αναστασίου;F;31;Λάρισα;Θεσσαλία;2024-06-13;Bronze
206616;Γεωργία;Κωνσταντίνου;F;67;Βόλος;Θεσσαλία;2024-06-20;Silver
206617;Ανδρέας;Λαμπρόπουλος;M;45;Αθήνα;Αττική;2025-03-10;Bronze
206618;Θανάσης;Ζαχαρίου;M;24;Χανιά;Κρήτη;2024-02-15;Silver
206619;Θανάσης;Πετρόπουλος;M;55;Θεσσαλονίκη;Κεντρική Μακεδονία;2024-11-20;Bronze
206620;Ελένη;Αναστασίου;F;18;Βόλος;Θεσσαλία;2024-03-02;Silver
206621;Νίκος;Βλάχος;M;61;Λάρισα;Θεσσαλία;2025-05-05;Silver
206622;Θανάσης;Μιχαηλίδης;M;32;Ιωάννινα;Ήπειρος;2024-09-17;Bronze
206623;Κώστας;Καρράς;M;37;Καβάλα;Ανατολική Μακεδονία & Θράκη;2024-05-18;Bronze
206624;Άννα;Χατζής;F;65;Πάτρα;Δυτική Ελλάδα;2024-10-19;Bronze
206625;Μαρία;Αναστασίου;F;26;Λάρισα;Θεσσαλία;2024-01-27;Silver
206626;Μιχάλης;Αναστασίου;M;63;Σέρρες;Κεντρική Μακεδονία;2024-10-10;Bronze
206627;Θανάσης;Μιχαηλίδης;M;51;Σέρρες;Κεντρική Μακεδονία;2024-12-11;Gold
206628;Μιχάλης;Καρράς;M;50;Πάτρα;Δυτική Ελλάδα;2024-01-20;Silver
206629;Κώστας;Νικολάου;M;37;Ιωάννινα;Ήπειρος;2025-02-03;Bronze
206630;Κατερίνα;Λαμπρόπουλος;F;20;Ρόδος;Νότιο Αιγαίο;2025-05-14;Bronze
206631;Θανάσης;Σπυρόπουλος;M;55;Τρίκαλα;Θεσσαλία;2024-01-16;Silver
206632;Ανδρέας;Γεωργίου;M;71;Σέρρες;Κεντρική Μακεδονία;2024-11-21;Silver
206633;Μιχάλης;Παπανικολάου;M;59;Ηράκλειο;Κρήτη;2024-08-29;Bronze
206634;Κώστας;Ιωαννίδης;M;31;Ηράκλειο;Κρήτη;2025-05-25;Silver
206635;Βασίλης;Μιχαηλίδης;M;21;Λάρισα;Θεσσαλία;2025-10-24;Bronze
206636;Δήμητρα;Λαμπρόπουλος;F;47;Πάτρα;Δυτική Ελλάδα;2025-01-11;Bronze
206637;Μιχάλης;Νικολάου;M;20;Σέρρες;Κεντρική Μακεδονία;2024-04-27;Bronze
206638;Δημήτρης;Παπαδόπουλος;M;18;Ηράκλειο;Κρήτη;2024-07-09;Bronze
206639;Γεωργία;Καρράς;F;35;Καβάλα;Ανατολική Μακεδονία & Θράκη;2024-09-14;Gold
206640;Δημήτρης;Βλάχος;M;22;Θεσσαλονίκη;Κεντρική Μακεδονία;2024-12-31;Bronze
206641;Αγγελική;Βλάχος;F;57;Λάρισα;Θεσσαλία;2025-07-06;Gold
206642;Κατερίνα;Νικολάου;F;44;Σέρρες;Κεντρική Μακεδονία;2025-03-18;Bronze
206643;Σοφία;Αλεξίου;F;19;Ρόδος;Νότιο Αιγαίο;2025-09-21;Bronze
206644;Παναγιώτης;Χατζής;M;25;Ηράκλειο;Κρήτη;2024-03-18;Bronze
206645;Δήμητρα;Αλεξίου;F;72;Τρίκαλα;Θεσσαλία;2025-01-23;Bronze
206646;Δημήτρης;Μιχαηλίδης;M;37;Ιωάννινα;Ήπειρος;2025-12-23;Bronze
206647;Παναγιώτης;Παπανικολάου;M;28;Πάτρα;Δυτική Ελλάδα;2025-06-11;Gold
206648;Δημήτρης;Νικολάου;M;38;Σέρρες;Κεντρική Μακεδονία;2024-08-09;Gold
206649;Κατερίνα;Πετρόπουλος;F;46;Ρόδος;Νότιο Αιγαίο;2025-08-04;Bronze
206650;Γεωργία;Καρράς;F;40;Καβάλα;Ανατολική Μακεδονία & Θράκη;2025-04-12;Bronze
206651;Δημήτρης;Ιωαννίδης;M;29;Θεσσαλονίκη;Κεντρική Μακεδονία;2025-11-16;Silver
206652;Χρήστος;Αναστασίου;M;18;Ιωάννινα;Ήπειρος;2024-10-22;Bronze
206653;Νίκος;Παπανικολάου;M;35;Αθήνα;Αττική;2024-06-08;Bronze
206654;Αγγελική;Αλεξίου;F;18;Καβάλα;Ανατολική Μακεδονία & Θράκη;2024-12-08;Bronze
206655;Άννα;Νικολάου;F;49;Σέρρες;Κεντρική Μακεδονία;2024-01-22;Platinum
206656;Γεωργία;Γεωργίου;F;34;Θεσσαλονίκη;Κεντρική Μακεδονία;2024-01-17;Silver
206657;Χρήστος;Πετρόπουλος;M;58;Ιωάννινα;Ήπειρος;2024-07-24;Gold
206658;Σοφία;Σταματίου;F;47;Πάτρα;Δυτική Ελλάδα;2024-03-16;Bronze
206659;Σοφία;Παπανικολάου;F;36;Ηράκλειο;Κρήτη;2025-01-31;Silver
206660;Γεωργία;Καρράς;F;48;Σέρρες;Κεντρική Μακεδονία;2024-11-09;Bronze
206661;Χρήστος;Πετρόπουλος;M;50;Ιωάννινα;Ήπειρος;2025-12-27;Bronze
206662;Δημήτρης;Αλεξίου;M;32;Πάτρα;Δυτική Ελλάδα;2025-05-14;Silver
206663;Νίκος;Σπυρόπουλος;M;18;Πάτρα;Δυτική Ελλάδα;2025-10-18;Platinum
206664;Ελένη;Πετρόπουλος;F;54;Ιωάννινα;Ήπειρος;2024-03-13;Bronze
206665;Γεωργία;Γεωργίου;F;72;Χανιά;Κρήτη;2024-12-26;Bronze
206666;Δήμητρα;Καρράς;F;25;Ιωάννινα;Ήπειρος;2024-02-12;Gold
206667;Γεωργία;Παπανικολάου;F;62;Πάτρα;Δυτική Ελλάδα;2025-02-11;Bronze
206668;Αγγελική;Σταματίου;F;71;Πάτρα;Δυτική Ελλάδα;2025-05-28;Silver
206669;Χριστίνα;Δημητρίου;F;37;Θεσσαλονίκη;Κεντρική Μακεδονία;2024-01-12;Silver
206670;Χριστίνα;Δημητρίου;F;61;Βόλος;Θεσσαλία;2025-09-21;Bronze
206671;Κώστας;Παπανικολάου;M;46;Χανιά;Κρήτη;2025-09-05;Bronze
206672;Μαρία;Καρράς;F;54;Αθήνα;Αττική;2024-07-14;Bronze
206673;Παναγιώτης;Καραγιάννης;M;65;Τρίκαλα;Θεσσαλία;2024-03-13;Bronze
206674;Κώστας;Καραγιάννης;M;31;Αθήνα;Αττική;2025-10-27;Bronze
206675;Βασίλης;Ιωαννίδης;M;58;Ρόδος;Νότιο Αιγαίο;2024-12-04;Silver
206676;Κώστας;Χατζής;M;58;Πάτρα;Δυτική Ελλάδα;2024-02-06;Silver
206677;Δημήτρης;Οικονόμου;M;68;Ηράκλειο;Κρήτη;2024-09-05;Bronze
206678;Δημήτρης;Βλάχος;M;54;Χανιά;Κρήτη;2025-09-24;Silver
206679;Νίκος;Γεωργίου;M;33;Σέρρες;Κεντρική Μακεδονία;2025-09-26;Silver
206680;Άννα;Λαμπρόπουλος;F;70;Σέρρες;Κεντρική Μακεδονία;2025-04-13;Silver
206681;Αγγελική;Σπυρόπουλος;F;42;Καβάλα;Ανατολική Μακεδονία & Θράκη;2025-06-30;Gold
206682;Χρήστος;Παπαδόπουλος;M;58;Χανιά;Κρήτη;2024-10-27;Bronze
206683;Χριστίνα;Παπανικολάου;F;24;Λάρισα;Θεσσαλία;2024-09-18;Silver
206684;Δήμητρα;Σπυρόπουλος;F;35;Ηράκλειο;Κρήτη;2024-01-25;Gold
206685;Γιώργος;Μιχαηλίδης;M;51;Θεσσαλονίκη;Κεντρική Μακεδονία;2024-11-12;Silver
206686;Γεωργία;Πετρόπουλος;F;58;Θεσσαλονίκη;Κεντρική Μακεδονία;2025-08-24;Silver
206687;Κατερίνα;Οικονόμου;F;29;Ρόδος;Νότιο Αιγαίο;2025-06-10;Bronze
206688;Γιώργος;Παπαδόπουλος;M;51;Λάρισα;Θεσσαλία;2024-08-31;Gold
206689;Θανάσης;Γεωργίου;M;36;Θεσσαλονίκη;Κεντρική Μακεδονία;2025-08-16;Silver
206690;Νίκος;Σπυρόπουλος;M;55;Ιωάννινα;Ήπειρος;2024-09-12;Gold
206691;Ανδρέας;Παπαδόπουλος;M;47;Λάρισα;Θεσσαλία;2025-08-08;Platinum
206692;Παναγιώτης;Αναστασίου;M;33;Πάτρα;Δυτική Ελλάδα;2025-03-27;Bronze
206693;Θανάσης;Λαμπρόπουλος;M;59;Αθήνα;Αττική;2024-05-25;Silver
206694;Σοφία;Γεωργίου;F;68;Ιωάννινα;Ήπειρος;2024-03-29;Silver
206695;Χρήστος;Σταματίου;M;35;Αθήνα;Αττική;2025-06-16;Silver
206696;Ελένη;Καρράς;F;32;Πάτρα;Δυτική Ελλάδα;2024-09-03;Silver
206697;Μιχάλης;Παπαδόπουλος;M;65;Βόλος;Θεσσαλία;2025-05-09;Silver
206698;Ελένη;Οικονόμου;F;33;Καβάλα;Ανατολική Μακεδονία & Θράκη;2025-02-24;Gold
206699;Χρήστος;Παπανικολάου;M;56;Λάρισα;Θεσσαλία;2024-05-05;Silver
206700;Ανδρέας;Λαμπρόπουλος;M;31;Χανιά;Κρήτη;2024-12-24;Bronze
206701;Άννα;Παπανικολάου;F;49;Χανιά;Κρήτη;2024-03-16;Platinum
206702;Χρήστος;Αναστασίου;M;68;Λάρισα;Θεσσαλία;2025-03-20;Bronze
206703;Ιωάννα;Γεωργίου;F;70;Ηράκλειο;Κρήτη;2024-06-23;Silver
206704;Νίκος;Οικονόμου;M;29;Ρόδος;Νότιο Αιγαίο;2025-10-26;Bronze
206705;Αγγελική;Παπανικολάου;F;61;Θεσσαλονίκη;Κεντρική Μακεδονία;2024-04-10;Silver
206706;Νίκος;Οικονόμου;M;24;Λάρισα;Θεσσαλία;2025-01-28;Bronze
206707;Ανδρέας;Βλάχος;M;39;Σέρρες;Κεντρική Μακεδονία;2025-08-29;Platinum
206708;Βασίλης;Χατζής;M;18;Θεσσαλονίκη;Κεντρική Μακεδονία;2024-10-04;Platinum
206709;Κώστας;Βλάχος;M;39;Ιωάννινα;Ήπειρος;2024-08-21;Gold
206710;Ιωάννα;Μιχαηλίδης;F;43;Αθήνα;Αττική;2024-05-26;Silver
206711;Αγγελική;Χατζής;F;29;Καβάλα;Ανατολική Μακεδονία & Θράκη;2025-06-25;Gold
206712;Ιωάννα;Ζαχαρίου;F;67;Σέρρες;Κεντρική Μακεδονία;2025-04-15;Platinum
206713;Θανάσης;Αλεξίου;M;72;Χανιά;Κρήτη;2024-08-23;Bronze
206714;Μαρία;Ιωαννίδης;F;23;Αθήνα;Αττική;2025-10-25;Gold
206715;Ιωάννα;Βλάχος;F;18;Σέρρες;Κεντρική Μακεδονία;2025-07-22;Bronze
206716;Νίκος;Αλεξίου;M;25;Τρίκαλα;Θεσσαλία;2024-03-21;Silver
206717;Παναγιώτης;Δημητρίου;M;71;Τρίκαλα;Θεσσαλία;2024-11-04;Silver
206718;Παναγιώτης;Αναστασίου;M;37;Ιωάννινα;Ήπειρος;2025-08-03;Silver
206719;Κατερίνα;Παπανικολάου;F;54;Ιωάννινα;Ήπειρος;2024-08-14;Bronze
206720;Γιώργος;Δημητρίου;M;55;Καβάλα;Ανατολική Μακεδονία & Θράκη;2025-03-05;Silver
206721;Δημήτρης;Κωνσταντίνου;M;41;Αθήνα;Αττική;2024-03-03;Bronze
206722;Ελένη;Δημητρίου;F;30;Σέρρες;Κεντρική Μακεδονία;2024-02-14;Bronze
206723;Χριστίνα;Μιχαηλίδης;F;22;Καβάλα;Ανατολική Μακεδονία & Θράκη;2024-01-05;Bronze
206724;Χρήστος;Μιχαηλίδης;M;53;Τρίκαλα;Θεσσαλία;2024-10-01;Gold
206725;Αγγελική;Νικολάου;F;68;Σέρρες;Κεντρική Μακεδονία;2024-02-01;Platinum
206726;Κατερίνα;Ζαχαρίου;F;37;Χανιά;Κρήτη;2024-03-13;Silver
206727;Γεωργία;Μιχαηλίδης;F;56;Πάτρα;Δυτική Ελλάδα;2024-08-19;Gold
206728;Σοφία;Οικονόμου;F;38;Βόλος;Θεσσαλία;2025-03-26;Bronze
206729;Ιωάννα;Σπυρόπουλος;F;28;Θεσσαλονίκη;Κεντρική Μακεδονία;2024-08-15;Gold
206730;Άννα;Μιχαηλίδης;F;27;Αθήνα;Αττική;2025-12-25;Platinum
206731;Χρήστος;Παπαδόπουλος;M;60;Λάρισα;Θεσσαλία;2025-08-21;Silver
206732;Ελένη;Καραγιάννης;F;65;Τρίκαλα;Θεσσαλία;2024-06-10;Gold
206733;Θανάσης;Παπαδόπουλος;M;22;Καβάλα;Ανατολική Μακεδονία & Θράκη;2024-02-27;Silver
206734;Χριστίνα;Ζαχαρίου;F;42;Ηράκλειο;Κρήτη;2025-03-24;Bronze
206735;Αγγελική;Χατζής;F;31;Βόλος;Θεσσαλία;2025-06-09;Platinum
206736;Παναγιώτης;Καραγιάννης;M;20;Βόλος;Θεσσαλία;2025-12-11;Silver
206737;Χρήστος;Παπανικολάου;M;42;Βόλος;Θεσσαλία;2025-01-28;Gold
206738;Ελένη;Καρράς;F;38;Ιωάννινα;Ήπειρος;2025-02-03;Bronze
206739;Ανδρέας;Σπυρόπουλος;M;67;Θεσσαλονίκη;Κεντρική Μακεδονία;2024-03-26;Gold
206740;Γιώργος;Καραγιάννης;M;19;Θεσσαλονίκη;Κεντρική Μακεδονία;2025-06-18;Silver
206741;Ανδρέας;Ζαχαρίου;M;67;Ρόδος;Νότιο Αιγαίο;2024-07-15;Gold
206742;Ιωάννα;Χατζής;F;69;Πάτρα;Δυτική Ελλάδα;2025-02-23;Bronze
206743;Κατερίνα;Ιωαννίδης;F;47;Ιωάννινα;Ήπειρος;2024-03-21;Bronze
206744;Δημήτρης;Ιωαννίδης;M;70;Ρόδος;Νότιο Αιγαίο;2025-10-05;Silver
206745;Αγγελική;Οικονόμου;F;71;Χανιά;Κρήτη;2025-03-03;Bronze
206746;Αγγελική;Αλεξίου;F;66;Αθήνα;Αττική;2024-09-15;Bronze
206747;Κώστας;Χατζής;M;56;Σέρρες;Κεντρική Μακεδονία;2025-05-22;Silver
206748;Κώστας;Γεωργίου;M;62;Τρίκαλα;Θεσσαλία;2024-01-04;Bronze
206749;Δημήτρης;Χατζής;M;52;Ρόδος;Νότιο Αιγαίο;2024-08-10;Bronze
206750;Παναγιώτης;Παπαδόπουλος;M;21;Ηράκλειο;Κρήτη;2025-05-16;Platinum
206751;Δήμητρα;Λαμπρόπουλος;F;37;Τρίκαλα;Θεσσαλία;2025-11-03;Silver
206752;Νίκος;Αναστασίου;M;20;Βόλος;Θεσσαλία;2025-03-19;Bronze
206753;Κώστας;Ιωαννίδης;M;46;Χανιά;Κρήτη;2025-05-15;Bronze
206754;Θανάσης;Παπανικολάου;M;57;Αθήνα;Αττική;2024-05-26;Silver
206755;Γεωργία;Χατζής;F;18;Λάρισα;Θεσσαλία;2025-02-04;Bronze
206756;Θανάσης;Χατζής;M;25;Χανιά;Κρήτη;2024-07-16;Gold
206757;Σοφία;Ζαχαρίου;F;66;Χανιά;Κρήτη;2024-07-11;Bronze
206758;Γεωργία;Καρράς;F;23;Ιωάννινα;Ήπειρος;2025-12-18;Bronze
206759;Ιωάννα;Δημητρίου;F;47;Τρίκαλα;Θεσσαλία;2025-04-13;Bronze
206760;Γεωργία;Αναστασίου;F;61;Πάτρα;Δυτική Ελλάδα;2025-12-06;Bronze
206761;Ανδρέας;Κωνσταντίνου;M;63;Χανιά;Κρήτη;2025-10-09;Silver
206762;Παναγιώτης;Γεωργίου;M;62;Πάτρα;Δυτική Ελλάδα;2024-09-21;Bronze
206763;Μιχάλης;Καραγιάννης;M;20;Βόλος;Θεσσαλία;2024-02-09;Gold
206764;Δήμητρα;Παπανικολάου;F;20;Βόλος;Θεσσαλία;2025-03-16;Bronze
206765;Αγγελική;Δημητρίου;F;52;Τρίκαλα;Θεσσαλία;2025-07-03;Silver
206766;Ιωάννα;Ζαχαρίου;F;55;Τρίκαλα;Θεσσαλία;2025-01-11;Gold
206767;Δημήτρης;Χατζής;M;25;Ρόδος;Νότιο Αιγαίο;2024-07-24;Silver
206768;Μιχάλης;Κωνσταντίνου;M;71;Τρίκαλα;Θεσσαλία;2024-03-23;Bronze
206769;Γιώργος;Γεωργίου;M;33;Λάρισα;Θεσσαλία;2025-09-30;Gold
206770;Άννα;Λαμπρόπουλος;F;65;Πάτρα;Δυτική Ελλάδα;2025-07-12;Silver
206771;Παναγιώτης;Παπαδόπουλος;M;36;Ιωάννινα;Ήπειρος;2024-06-30;Bronze
206772;Άννα;Ιωαννίδης;F;71;Καβάλα;Ανατολική Μακεδονία & Θράκη;2024-07-08;Bronze
206773;Μιχάλης;Βλάχος;M;32;Αθήνα;Αττική;2025-05-28;Silver
206774;Δημήτρης;Αναστασίου;M;38;Λάρισα;Θεσσαλία;2024-11-13;Bronze
206775;Άννα;Σταματίου;F;71;Θεσσαλονίκη;Κεντρική Μακεδονία;2024-02-13;Gold
206776;Σοφία;Πετρόπουλος;F;42;Χανιά;Κρήτη;2025-03-04;Bronze
206777;Άννα;Οικονόμου;F;68;Καβάλα;Ανατολική Μακεδονία & Θράκη;2025-08-02;Platinum
206778;Θανάσης;Πετρόπουλος;M;59;Σέρρες;Κεντρική Μακεδονία;2025-10-29;Gold
206779;Χριστίνα;Σπυρόπουλος;F;44;Θεσσαλονίκη;Κεντρική Μακεδονία;2025-04-21;Bronze
206780;Ελένη;Δημητρίου;F;66;Αθήνα;Αττική;2024-08-08;Silver
206781;Χριστίνα;Σταματίου;F;38;Καβάλα;Ανατολική Μακεδονία & Θράκη;2025-12-10;Bronze
206782;Γιώργος;Πετρόπουλος;M;20;Πάτρα;Δυτική Ελλάδα;2025-06-23;Bronze
206783;Γεωργία;Παπανικολάου;F;41;Αθήνα;Αττική;2024-01-25;Gold
206784;Σοφία;Κωνσταντίνου;F;22;Βόλος;Θεσσαλία;2025-03-12;Gold
206785;Άννα;Οικονόμου;F;41;Τρίκαλα;Θεσσαλία;2025-04-04;Gold
206786;Δήμητρα;Καρράς;F;27;Πάτρα;Δυτική Ελλάδα;2024-01-23;Bronze
206787;Δήμητρα;Λαμπρόπουλος;F;54;Πάτρα;Δυτική Ελλάδα;2025-07-28;Bronze
206788;Ανδρέας;Αλεξίου;M;47;Αθήνα;Αττική;2024-04-30;Silver
206789;Χριστίνα;Παπαδόπουλος;F;60;Καβάλα;Ανατολική Μακεδονία & Θράκη;2024-07-08;Bronze
206790;Κώστας;Κωνσταντίνου;M;51;Ρόδος;Νότιο Αιγαίο;2024-07-16;Gold
206791;Δημήτρης;Σπυρόπουλος;M;48;Βόλος;Θεσσαλία;2025-03-06;Silver
206792;Χριστίνα;Μιχαηλίδης;F;52;Βόλος;Θεσσαλία;2024-07-28;Gold
206793;Ελένη;Αναστασίου;F;50;Λάρισα;Θεσσαλία;2024-06-08;Bronze
206794;Μιχάλης;Σπυρόπουλος;M;40;Καβάλα;Ανατολική Μακεδονία & Θράκη;2025-10-10;Platinum
206795;Δήμητρα;Ζαχαρίου;F;39;Σέρρες;Κεντρική Μακεδονία;2025-03-25;Silver
206796;Σοφία;Ιωαννίδης;F;23;Τρίκαλα;Θεσσαλία;2025-08-18;Bronze
206797;Μιχάλης;Χατζής;M;33;Λάρισα;Θεσσαλία;2025-01-30;Silver
206798;Θανάσης;Λαμπρόπουλος;M;41;Θεσσαλονίκη;Κεντρική Μακεδονία;2025-02-12;Bronze
206799;Βασίλης;Καραγιάννης;M;31;Βόλος;Θεσσαλία;2024-04-20;Bronze
206800;Ιωάννα;Ζαχαρίου;F;43;Ηράκλειο;Κρήτη;2024-09-22;Platinum
206801;Παναγιώτης;Αναστασίου;M;53;Καβάλα;Ανατολική Μακεδονία & Θράκη;2025-11-12;Silver
206802;Ιωάννα;Καρράς;F;67;Ηράκλειο;Κρήτη;2025-08-21;Bronze
206803;Γιώργος;Αλεξίου;M;22;Χανιά;Κρήτη;2025-07-03;Bronze
206804;Μιχάλης;Καραγιάννης;M;54;Ιωάννινα;Ήπειρος;2024-02-26;Gold
206805;Ιωάννα;Αναστασίου;F;64;Πάτρα;Δυτική Ελλάδα;2024-01-10;Bronze
206806;Ανδρέας;Καραγιάννης;M;52;Λάρισα;Θεσσαλία;2025-02-17;Bronze
206807;Χρήστος;Αλεξίου;M;34;Ιωάννινα;Ήπειρος;2024-12-04;Bronze
206808;Δήμητρα;Γεωργίου;F;40;Ηράκλειο;Κρήτη;2024-03-28;Bronze
206809;Ελένη;Βλάχος;F;63;Χανιά;Κρήτη;2024-05-08;Silver
206810;Γεωργία;Οικονόμου;F;52;Τρίκαλα;Θεσσαλία;2025-03-16;Silver
206811;Δήμητρα;Γεωργίου;F;58;Λάρισα;Θεσσαλία;2025-03-23;Gold
206812;Νίκος;Καραγιάννης;M;18;Τρίκαλα;Θεσσαλία;2024-12-24;Silver
206813;Ιωάννα;Οικονόμου;F;24;Τρίκαλα;Θεσσαλία;2024-12-08;Bronze
206814;Κώστας;Μιχαηλίδης;M;37;Θεσσαλονίκη;Κεντρική Μακεδονία;2024-05-16;Bronze
206815;Δήμητρα;Παπανικολάου;F;27;Τρίκαλα;Θεσσαλία;2025-11-04;Platinum
206816;Ιωάννα;Λαμπρόπουλος;F;46;Ηράκλειο;Κρήτη;2024-11-20;Bronze
206817;Κώστας;Παπαδόπουλος;M;70;Πάτρα;Δυτική Ελλάδα;2024-06-11;Gold
206818;Ελένη;Δημητρίου;F;31;Σέρρες;Κεντρική Μακεδονία;2024-03-23;Silver
206819;Κώστας;Δημητρίου;M;65;Λάρισα;Θεσσαλία;2025-09-07;Silver
206820;Βασίλης;Κωνσταντίνου;M;46;Σέρρες;Κεντρική Μακεδονία;2024-11-18;Gold
206821;Δήμητρα;Σπυρόπουλος;F;61;Καβάλα;Ανατολική Μακεδονία & Θράκη;2024-09-09;Bronze
206822;Κώστας;Λαμπρόπουλος;M;29;Ηράκλειο;Κρήτη;2025-09-12;Bronze
206823;Νίκος;Λαμπρόπουλος;M;68;Σέρρες;Κεντρική Μακεδονία;2024-09-03;Bronze
206824;Γεωργία;Ζαχαρίου;F;33;Βόλος;Θεσσαλία;2025-08-24;Silver
206825;Βασίλης;Κωνσταντίνου;M;42;Ρόδος;Νότιο Αιγαίο;2025-06-12;Gold
206826;Άννα;Νικολάου;F;54;Καβάλα;Ανατολική Μακεδονία & Θράκη;2024-11-19;Silver
206827;Χριστίνα;Νικολάου;F;48;Θεσσαλονίκη;Κεντρική Μακεδονία;2025-10-25;Bronze
206828;Κώστας;Κωνσταντίνου;M;37;Ιωάννινα;Ήπειρος;2025-09-16;Silver
206829;Γεωργία;Λαμπρόπουλος;F;57;Τρίκαλα;Θεσσαλία;2024-01-30;Silver
206830;Χριστίνα;Παπαδόπουλος;F;54;Λάρισα;Θεσσαλία;2025-04-23;Silver
206831;Χρήστος;Νικολάου;M;72;Ιωάννινα;Ήπειρος;2024-10-24;Bronze
206832;Αγγελική;Λαμπρόπουλος;F;54;Ρόδος;Νότιο Αιγαίο;2025-07-20;Silver
206833;Σοφία;Αναστασίου;F;42;Ηράκλειο;Κρήτη;2024-03-25;Bronze
206834;Κατερίνα;Οικονόμου;F;55;Πάτρα;Δυτική Ελλάδα;2025-04-14;Bronze
206835;Θανάσης;Οικονόμου;M;55;Χανιά;Κρήτη;2024-04-04;Silver
206836;Κώστας;Οικονόμου;M;29;Θεσσαλονίκη;Κεντρική Μακεδονία;2024-12-15;Silver
206837;Βασίλης;Ιωαννίδης;M;23;Ηράκλειο;Κρήτη;2025-01-27;Silver
206838;Ανδρέας;Αναστασίου;M;71;Θεσσαλονίκη;Κεντρική Μακεδονία;2025-02-01;Silver
206839;Δημήτρης;Καραγιάννης;M;18;Αθήνα;Αττική;2025-07-04;Gold
206840;Ιωάννα;Καραγιάννης;F;41;Θεσσαλονίκη;Κεντρική Μακεδονία;2025-09-21;Bronze
206841;Δημήτρης;Σταματίου;M;28;Τρίκαλα;Θεσσαλία;2025-03-17;Bronze
206842;Παναγιώτης;Σπυρόπουλος;M;50;Τρίκαλα;Θεσσαλία;2024-10-20;Bronze
206843;Ιωάννα;Κωνσταντίνου;F;52;Λάρισα;Θεσσαλία;2025-03-08;Bronze
206844;Νίκος;Οικονόμου;M;70;Ηράκλειο;Κρήτη;2024-05-23;Bronze
206845;Βασίλης;Ιωαννίδης;M;69;Λάρισα;Θεσσαλία;2024-09-05;Bronze
206846;Ιωάννα;Βλάχος;F;21;Τρίκαλα;Θεσσαλία;2024-12-30;Silver
206847;Νίκος;Πετρόπουλος;M;45;Τρίκαλα;Θεσσαλία;2024-10-11;Gold
206848;Αγγελική;Νικολάου;F;26;Λάρισα;Θεσσαλία;2024-07-29;Bronze
206849;Νίκος;Νικολάου;M;40;Βόλος;Θεσσαλία;2025-05-28;Silver
206850;Θανάσης;Σταματίου;M;62;Ηράκλειο;Κρήτη;2024-01-22;Silver
206851;Παναγιώτης;Γεωργίου;M;26;Βόλος;Θεσσαλία;2025-04-23;Bronze
206852;Ιωάννα;Οικονόμου;F;47;Καβάλα;Ανατολική Μακεδονία & Θράκη;2025-09-26;Silver
206853;Παναγιώτης;Κωνσταντίνου;M;63;Βόλος;Θεσσαλία;2024-11-03;Silver
206854;Δήμητρα;Πετρόπουλος;F;46;Θεσσαλονίκη;Κεντρική Μακεδονία;2024-04-15;Bronze
206855;Ανδρέας;Καρράς;M;69;Χανιά;Κρήτη;2025-05-13;Bronze
206856;Κώστας;Αναστασίου;M;28;Ιωάννινα;Ήπειρος;2024-10-29;Bronze
206857;Άννα;Χατζής;F;35;Ιωάννινα;Ήπειρος;2025-06-25;Bronze
206858;Νίκος;Παπαδόπουλος;M;69;Ρόδος;Νότιο Αιγαίο;2024-01-15;Bronze
206859;Αγγελική;Ιωαννίδης;F;50;Τρίκαλα;Θεσσαλία;2025-05-02;Bronze
206860;Κώστας;Καραγιάννης;M;40;Αθήνα;Αττική;2024-07-10;Silver
206861;Θανάσης;Νικολάου;M;42;Λάρισα;Θεσσαλία;2024-07-07;Bronze
206862;Κώστας;Βλάχος;M;53;Καβάλα;Ανατολική Μακεδονία & Θράκη;2024-06-15;Gold
206863;Μιχάλης;Βλάχος;M;45;Ιωάννινα;Ήπειρος;2025-10-14;Bronze
206864;Μαρία;Μιχαηλίδης;F;59;Ρόδος;Νότιο Αιγαίο;2024-11-16;Silver
206865;Νίκος;Χατζής;M;70;Ιωάννινα;Ήπειρος;2025-11-09;Silver
206866;Άννα;Βλάχος;F;40;Ιωάννινα;Ήπειρος;2024-05-26;Bronze
206867;Μαρία;Σταματίου;F;22;Θεσσαλονίκη;Κεντρική Μακεδονία;2024-05-03;Gold
206868;Μαρία;Οικονόμου;F;18;Αθήνα;Αττική;2025-07-04;Gold
206869;Κώστας;Οικονόμου;M;40;Ηράκλειο;Κρήτη;2024-05-14;Silver
206870;Βασίλης;Χατζής;M;33;Ρόδος;Νότιο Αιγαίο;2025-01-02;Bronze
206871;Βασίλης;Χατζής;M;51;Αθήνα;Αττική;2024-10-25;Bronze
206872;Μιχάλης;Γεωργίου;M;71;Αθήνα;Αττική;2024-04-04;Bronze
206873;Παναγιώτης;Σπυρόπουλος;M;70;Βόλος;Θεσσαλία;2025-08-01;Silver
206874;Νίκος;Καραγιάννης;M;30;Ρόδος;Νότιο Αιγαίο;2024-02-15;Gold
206875;Δήμητρα;Οικονόμου;F;65;Ιωάννινα;Ήπειρος;2025-06-11;Silver
206876;Ιωάννα;Καρράς;F;67;Αθήνα;Αττική;2024-07-06;Silver
206877;Νίκος;Καρράς;M;19;Ηράκλειο;Κρήτη;2024-12-22;Bronze
206878;Δήμητρα;Παπαδόπουλος;F;43;Ηράκλειο;Κρήτη;2024-05-09;Silver
206879;Ανδρέας;Νικολάου;M;72;Λάρισα;Θεσσαλία;2024-03-31;Silver
206880;Γεωργία;Κωνσταντίνου;F;67;Σέρρες;Κεντρική Μακεδονία;2024-11-17;Bronze
206881;Χριστίνα;Λαμπρόπουλος;F;44;Ιωάννινα;Ήπειρος;2025-04-23;Bronze
206882;Χριστίνα;Πετρόπουλος;F;72;Θεσσαλονίκη;Κεντρική Μακεδονία;2024-10-11;Bronze
206883;Μαρία;Παπαδόπουλος;F;18;Αθήνα;Αττική;2025-12-15;Bronze
206884;Σοφία;Αλεξίου;F;46;Χανιά;Κρήτη;2024-10-04;Silver
206885;Γιώργος;Καραγιάννης;M;33;Χανιά;Κρήτη;2024-07-01;Bronze
206886;Κώστας;Παπανικολάου;M;72;Τρίκαλα;Θεσσαλία;2025-11-09;Silver
206887;Δημήτρης;Καραγιάννης;M;45;Πάτρα;Δυτική Ελλάδα;2025-10-19;Silver
206888;Δημήτρης;Κωνσταντίνου;M;39;Αθήνα;Αττική;2024-04-28;Bronze
206889;Μιχάλης;Καραγιάννης;M;43;Βόλος;Θεσσαλία;2025-04-17;Silver
206890;Χριστίνα;Δημητρίου;F;20;Τρίκαλα;Θεσσαλία;2025-10-29;Bronze
206891;Ανδρέας;Πετρόπουλος;M;23;Θεσσαλονίκη;Κεντρική Μακεδονία;2025-06-26;Gold
206892;Παναγιώτης;Καραγιάννης;M;56;Ηράκλειο;Κρήτη;2025-09-30;Bronze
206893;Παναγιώτης;Ζαχαρίου;M;60;Ρόδος;Νότιο Αιγαίο;2024-03-28;Bronze
206894;Χρήστος;Χατζής;M;59;Σέρρες;Κεντρική Μακεδονία;2025-02-02;Platinum
206895;Νίκος;Παπανικολάου;M;62;Βόλος;Θεσσαλία;2025-10-10;Bronze
206896;Γιώργος;Ζαχαρίου;M;48;Βόλος;Θεσσαλία;2025-05-25;Gold
206897;Δήμητρα;Γεωργίου;F;62;Ηράκλειο;Κρήτη;2024-04-22;Silver
206898;Βασίλης;Νικολάου;M;30;Καβάλα;Ανατολική Μακεδονία & Θράκη;2024-02-25;Silver
206899;Σοφία;Κωνσταντίνου;F;42;Χανιά;Κρήτη;2025-10-15;Bronze
206900;Δημήτρης;Λαμπρόπουλος;M;23;Ηράκλειο;Κρήτη;2025-06-02;Bronze
206901;Ελένη;Λαμπρόπουλος;F;37;Πάτρα;Δυτική Ελλάδα;2025-09-22;Bronze
206902;Σοφία;Παπανικολάου;F;47;Αθήνα;Αττική;2024-03-08;Silver
206903;Άννα;Βλάχος;F;71;Καβάλα;Ανατολική Μακεδονία & Θράκη;2025-11-07;Bronze
206904;Χρήστος;Ιωαννίδης;M;30;Ιωάννινα;Ήπειρος;2024-02-15;Bronze
206905;Ελένη;Σταματίου;F;48;Ρόδος;Νότιο Αιγαίο;2024-08-26;Bronze
206906;Βασίλης;Νικολάου;M;42;Πάτρα;Δυτική Ελλάδα;2025-10-24;Silver
206907;Δήμητρα;Καρράς;F;72;Τρίκαλα;Θεσσαλία;2025-09-04;Silver
206908;Χρήστος;Παπαδόπουλος;M;37;Θεσσαλονίκη;Κεντρική Μακεδονία;2025-06-01;Bronze
206909;Μαρία;Πετρόπουλος;F;41;Ιωάννινα;Ήπειρος;2025-02-16;Gold
206910;Νίκος;Λαμπρόπουλος;M;29;Χανιά;Κρήτη;2025-08-14;Bronze
206911;Γιώργος;Καραγιάννης;M;38;Χανιά;Κρήτη;2025-03-17;Bronze
206912;Αγγελική;Βλάχος;F;19;Ρόδος;Νότιο Αιγαίο;2025-05-19;Bronze
206913;Χρήστος;Αλεξίου;M;25;Λάρισα;Θεσσαλία;2025-08-15;Gold
206914;Βασίλης;Χατζής;M;44;Ρόδος;Νότιο Αιγαίο;2024-04-06;Silver
206915;Ελένη;Καραγιάννης;F;38;Σέρρες;Κεντρική Μακεδονία;2025-02-08;Silver
206916;Παναγιώτης;Παπανικολάου;M;60;Λάρισα;Θεσσαλία;2025-08-28;Platinum
206917;Κατερίνα;Σταματίου;F;19;Ιωάννινα;Ήπειρος;2025-08-04;Gold
206918;Ανδρέας;Παπανικολάου;M;51;Ηράκλειο;Κρήτη;2024-02-25;Bronze
206919;Αγγελική;Οικονόμου;F;60;Τρίκαλα;Θεσσαλία;2025-12-25;Silver
206920;Δήμητρα;Μιχαηλίδης;F;58;Ηράκλειο;Κρήτη;2024-09-17;Silver
206921;Γιώργος;Ζαχαρίου;M;51;Βόλος;Θεσσαλία;2024-08-26;Bronze
206922;Νίκος;Πετρόπουλος;M;71;Πάτρα;Δυτική Ελλάδα;2025-03-27;Silver
206923;Μιχάλης;Σπυρόπουλος;M;50;Ηράκλειο;Κρήτη;2024-10-22;Bronze
206924;Κώστας;Ζαχαρίου;M;23;Χανιά;Κρήτη;2024-04-01;Bronze
206925;Ελένη;Καραγιάννης;F;46;Σέρρες;Κεντρική Μακεδονία;2024-04-06;Bronze
206926;Παναγιώτης;Οικονόμου;M;29;Αθήνα;Αττική;2025-05-18;Gold
206927;Ελένη;Καραγιάννης;F;37;Βόλος;Θεσσαλία;2025-04-10;Gold
206928;Ελένη;Καραγιάννης;F;58;Ρόδος;Νότιο Αιγαίο;2024-03-08;Silver
206929;Γιώργος;Οικονόμου;M;19;Αθήνα;Αττική;2024-04-02;Bronze
206930;Κώστας;Γεωργίου;M;35;Χανιά;Κρήτη;2025-08-25;Bronze
206931;Νίκος;Δημητρίου;M;64;Ηράκλειο;Κρήτη;2025-10-19;Silver
206932;Ανδρέας;Λαμπρόπουλος;M;64;Θεσσαλονίκη;Κεντρική Μακεδονία;2025-08-17;Bronze
206933;Κατερίνα;Κωνσταντίνου;F;36;Ηράκλειο;Κρήτη;2025-10-22;Bronze
206934;Σοφία;Παπανικολάου;F;42;Θεσσαλονίκη;Κεντρική Μακεδονία;2025-06-14;Silver
206935;Χριστίνα;Λαμπρόπουλος;F;54;Θεσσαλονίκη;Κεντρική Μακεδονία;2025-01-17;Gold
206936;Δημήτρης;Μιχαηλίδης;M;39;Ρόδος;Νότιο Αιγαίο;2025-03-29;Bronze
206937;Θανάσης;Γεωργίου;M;36;Χανιά;Κρήτη;2025-04-17;Silver
206938;Θανάσης;Σταματίου;M;62;Σέρρες;Κεντρική Μακεδονία;2025-09-15;Gold
206939;Δημήτρης;Ζαχαρίου;M;26;Τρίκαλα;Θεσσαλία;2025-01-19;Bronze
206940;Θανάσης;Καραγιάννης;M;52;Σέρρες;Κεντρική Μακεδονία;2025-08-17;Bronze
206941;Κώστας;Μιχαηλίδης;M;43;Ιωάννινα;Ήπειρος;2025-11-30;Silver
206942;Χρήστος;Χατζής;M;72;Ρόδος;Νότιο Αιγαίο;2024-06-10;Silver
206943;Ιωάννα;Παπαδόπουλος;F;61;Χανιά;Κρήτη;2025-10-11;Bronze
206944;Δήμητρα;Σπυρόπουλος;F;68;Λάρισα;Θεσσαλία;2025-07-05;Silver
206945;Γεωργία;Σπυρόπουλος;F;46;Σέρρες;Κεντρική Μακεδονία;2024-11-23;Silver
206946;Ιωάννα;Καρράς;F;48;Ηράκλειο;Κρήτη;2025-12-09;Silver
206947;Γιώργος;Σπυρόπουλος;M;38;Αθήνα;Αττική;2025-02-25;Silver
206948;Δημήτρης;Καραγιάννης;M;33;Ηράκλειο;Κρήτη;2025-08-02;Bronze
206949;Σοφία;Δημητρίου;F;60;Τρίκαλα;Θεσσαλία;2024-06-28;Bronze
206950;Δήμητρα;Σπυρόπουλος;F;21;Καβάλα;Ανατολική Μακεδονία & Θράκη;2024-09-08;Silver
206951;Σοφία;Μιχαηλίδης;F;18;Τρίκαλα;Θεσσαλία;2025-01-03;Bronze
206952;Άννα;Νικολάου;F;22;Ηράκλειο;Κρήτη;2024-08-11;Bronze
206953;Αγγελική;Σπυρόπουλος;F;61;Χανιά;Κρήτη;2025-08-20;Bronze
206954;Κώστας;Σταματίου;M;55;Σέρρες;Κεντρική Μακεδονία;2024-12-20;Bronze
206955;Χριστίνα;Πετρόπουλος;F;66;Ηράκλειο;Κρήτη;2024-02-26;Silver
206956;Μιχάλης;Οικονόμου;M;46;Ρόδος;Νότιο Αιγαίο;2025-08-19;Silver
206957;Χρήστος;Νικολάου;M;30;Σέρρες;Κεντρική Μακεδονία;2025-11-09;Silver
206958;Σοφία;Βλάχος;F;67;Λάρισα;Θεσσαλία;2024-10-27;Silver
206959;Σοφία;Σπυρόπουλος;F;18;Σέρρες;Κεντρική Μακεδονία;2025-07-13;Platinum
206960;Αγγελική;Μιχαηλίδης;F;49;Θεσσαλονίκη;Κεντρική Μακεδονία;2024-04-24;Silver
206961;Παναγιώτης;Πετρόπουλος;M;51;Σέρρες;Κεντρική Μακεδονία;2024-11-19;Gold
206962;Άννα;Κωνσταντίνου;F;30;Ιωάννινα;Ήπειρος;2025-01-17;Gold
206963;Θανάσης;Κωνσταντίνου;M;24;Ιωάννινα;Ήπειρος;2024-05-24;Silver
206964;Ιωάννα;Σταματίου;F;35;Αθήνα;Αττική;2025-06-01;Silver
206965;Βασίλης;Καραγιάννης;M;21;Θεσσαλονίκη;Κεντρική Μακεδονία;2025-12-31;Bronze
206966;Ανδρέας;Μιχαηλίδης;M;45;Καβάλα;Ανατολική Μακεδονία & Θράκη;2024-03-04;Bronze
206967;Βασίλης;Σπυρόπουλος;M;25;Καβάλα;Ανατολική Μακεδονία & Θράκη;2024-04-23;Bronze
206968;Γεωργία;Χατζής;F;69;Ρόδος;Νότιο Αιγαίο;2024-06-11;Silver
206969;Μιχάλης;Δημητρίου;M;51;Ρόδος;Νότιο Αιγαίο;2025-07-17;Platinum
206970;Κώστας;Σταματίου;M;23;Ηράκλειο;Κρήτη;2024-04-17;Platinum
206971;Μαρία;Παπανικολάου;F;20;Ηράκλειο;Κρήτη;2024-11-15;Bronze
206972;Μιχάλης;Βλάχος;M;36;Θεσσαλονίκη;Κεντρική Μακεδονία;2025-05-09;Gold
206973;Ελένη;Κωνσταντίνου;F;44;Βόλος;Θεσσαλία;2025-01-07;Bronze
206974;Κώστας;Βλάχος;M;31;Βόλος;Θεσσαλία;2025-01-07;Silver
206975;Σοφία;Πετρόπουλος;F;23;Βόλος;Θεσσαλία;2025-11-02;Bronze
206976;Γιώργος;Αλεξίου;M;42;Ηράκλειο;Κρήτη;2024-08-26;Silver
206977;Αγγελική;Μιχαηλίδης;F;39;Αθήνα;Αττική;2024-02-25;Bronze
206978;Σοφία;Αλεξίου;F;38;Πάτρα;Δυτική Ελλάδα;2024-11-20;Gold
206979;Νίκος;Χατζής;M;23;Ιωάννινα;Ήπειρος;2025-01-09;Bronze
206980;Ιωάννα;Παπαδόπουλος;F;69;Ιωάννινα;Ήπειρος;2025-10-28;Bronze
206981;Ιωάννα;Καραγιάννης;F;50;Σέρρες;Κεντρική Μακεδονία;2024-04-11;Gold
206982;Παναγιώτης;Δημητρίου;M;37;Βόλος;Θεσσαλία;2024-06-02;Bronze
206983;Αγγελική;Καρράς;F;35;Ρόδος;Νότιο Αιγαίο;2024-03-07;Silver
206984;Άννα;Ιωαννίδης;F;19;Ρόδος;Νότιο Αιγαίο;2024-01-18;Silver
206985;Ανδρέας;Δημητρίου;M;71;Χανιά;Κρήτη;2024-10-10;Bronze
206986;Άννα;Πετρόπουλος;F;27;Ρόδος;Νότιο Αιγαίο;2025-12-29;Bronze
206987;Δήμητρα;Γεωργίου;F;67;Ηράκλειο;Κρήτη;2024-05-28;Gold
206988;Γιώργος;Οικονόμου;M;37;Ρόδος;Νότιο Αιγαίο;2025-11-02;Silver
206989;Χρήστος;Κωνσταντίνου;M;66;Ηράκλειο;Κρήτη;2025-06-12;Bronze
206990;Μαρία;Πετρόπουλος;F;53;Θεσσαλονίκη;Κεντρική Μακεδονία;2025-08-12;Gold
206991;Ανδρέας;Οικονόμου;M;56;Θεσσαλονίκη;Κεντρική Μακεδονία;2025-01-27;Gold
206992;Θανάσης;Νικολάου;M;60;Ηράκλειο;Κρήτη;2025-02-04;Bronze
206993;Κώστας;Λαμπρόπουλος;M;45;Βόλος;Θεσσαλία;2025-05-16;Silver
206994;Νίκος;Πετρόπουλος;M;28;Τρίκαλα;Θεσσαλία;2024-10-27;Platinum
206995;Κώστας;Ζαχαρίου;M;67;Τρίκαλα;Θεσσαλία;2024-08-04;Bronze
206996;Χρήστος;Σταματίου;M;33;Χανιά;Κρήτη;2024-04-25;Silver
206997;Παναγιώτης;Ιωαννίδης;M;25;Ιωάννινα;Ήπειρος;2025-05-20;Silver
206998;Ιωάννα;Μιχαηλίδης;F;25;Σέρρες;Κεντρική Μακεδονία;2025-08-09;Bronze
206999;Γεωργία;Δημητρίου;F;24;Καβάλα;Ανατολική Μακεδονία & Θράκη;2024-05-24;Silver
207000;Δημήτρης;Βλάχος;M;63;Βόλος;Θεσσαλία;2025-08-01;Bronze
207001;Ανδρέας;Αλεξίου;M;23;Βόλος;Θεσσαλία;2024-09-10;Bronze
207002;Βασίλης;Σπυρόπουλος;M;64;Πάτρα;Δυτική Ελλάδα;2024-11-14;Platinum
207003;Παναγιώτης;Παπαδόπουλος;M;54;Λάρισα;Θεσσαλία;2024-04-16;Bronze
207004;Ιωάννα;Δημητρίου;F;66;Ιωάννινα;Ήπειρος;2025-07-17;Bronze
207005;Νίκος;Λαμπρόπουλος;M;59;Πάτρα;Δυτική Ελλάδα;2024-10-24;Bronze
207006;Νίκος;Μιχαηλίδης;M;30;Ιωάννινα;Ήπειρος;2024-05-13;Silver
207007;Δημήτρης;Ζαχαρίου;M;45;Σέρρες;Κεντρική Μακεδονία;2024-10-18;Silver
207008;Άννα;Νικολάου;F;63;Πάτρα;Δυτική Ελλάδα;2024-08-10;Gold
207009;Παναγιώτης;Σταματίου;M;72;Ιωάννινα;Ήπειρος;2024-07-23;Silver
207010;Χρήστος;Ζαχαρίου;M;65;Θεσσαλονίκη;Κεντρική Μακεδονία;2024-06-11;Bronze
207011;Παναγιώτης;Παπανικολάου;M;26;Χανιά;Κρήτη;2025-05-11;Platinum
207012;Ιωάννα;Ιωαννίδης;F;57;Αθήνα;Αττική;2024-10-11;Bronze
207013;Ελένη;Σπυρόπουλος;F;45;Λάρισα;Θεσσαλία;2024-08-07;Bronze
207014;Γιώργος;Ιωαννίδης;M;47;Ρόδος;Νότιο Αιγαίο;2024-11-02;Silver
207015;Χρήστος;Παπανικολάου;M;29;Βόλος;Θεσσαλία;2024-08-10;Bronze
207016;Κώστας;Κωνσταντίνου;M;37;Λάρισα;Θεσσαλία;2025-11-09;Silver
207017;Παναγιώτης;Ιωαννίδης;M;25;Ρόδος;Νότιο Αιγαίο;2025-08-24;Bronze
207018;Βασίλης;Πετρόπουλος;M;46;Καβάλα;Ανατολική Μακεδονία & Θράκη;2024-11-21;Gold
207019;Ιωάννα;Νικολάου;F;63;Χανιά;Κρήτη;2024-05-03;Silver
207020;Μαρία;Καρράς;F;45;Πάτρα;Δυτική Ελλάδα;2024-12-20;Gold
207021;Νίκος;Καρράς;M;29;Πάτρα;Δυτική Ελλάδα;2024-01-27;Bronze
207022;Ιωάννα;Γεωργίου;F;34;Ρόδος;Νότιο Αιγαίο;2024-10-19;Silver
207023;Κατερίνα;Αναστασίου;F;51;Λάρισα;Θεσσαλία;2025-08-21;Platinum
207024;Ελένη;Ιωαννίδης;F;29;Χανιά;Κρήτη;2025-12-02;Platinum
207025;Γιώργος;Παπανικολάου;M;66;Ιωάννινα;Ήπειρος;2025-07-16;Bronze
207026;Βασίλης;Οικονόμου;M;50;Πάτρα;Δυτική Ελλάδα;2024-01-22;Silver
207027;Θανάσης;Ζαχαρίου;M;50;Πάτρα;Δυτική Ελλάδα;2024-06-24;Platinum
207028;Ανδρέας;Σταματίου;M;58;Θεσσαλονίκη;Κεντρική Μακεδονία;2024-01-05;Silver
207029;Κατερίνα;Αλεξίου;F;58;Βόλος;Θεσσαλία;2025-11-26;Bronze
207030;Δημήτρης;Οικονόμου;M;64;Πάτρα;Δυτική Ελλάδα;2025-05-16;Gold
207031;Θανάσης;Χατζής;M;18;Πάτρα;Δυτική Ελλάδα;2024-11-18;Bronze
207032;Κώστας;Σταματίου;M;48;Ρόδος;Νότιο Αιγαίο;2025-07-28;Gold
207033;Ανδρέας;Σπυρόπουλος;M;54;Ρόδος;Νότιο Αιγαίο;2025-06-08;Gold
207034;Ανδρέας;Πετρόπουλος;M;62;Τρίκαλα;Θεσσαλία;2025-11-14;Bronze
207035;Κώστας;Καρράς;M;68;Αθήνα;Αττική;2024-08-25;Bronze
207036;Παναγιώτης;Οικονόμου;M;53;Αθήνα;Αττική;2025-10-26;Silver
207037;Γιώργος;Βλάχος;M;48;Χανιά;Κρήτη;2024-04-16;Silver
207038;Μαρία;Μιχαηλίδης;F;52;Βόλος;Θεσσαλία;2024-05-31;Bronze
207039;Βασίλης;Ζαχαρίου;M;53;Ρόδος;Νότιο Αιγαίο;2025-01-13;Gold
207040;Γιώργος;Λαμπρόπουλος;M;38;Θεσσαλονίκη;Κεντρική Μακεδονία;2025-01-01;Bronze
207041;Κώστας;Ζαχαρίου;M;44;Ιωάννινα;Ήπειρος;2024-02-16;Bronze
207042;Σοφία;Χατζής;F;35;Θεσσαλονίκη;Κεντρική Μακεδονία;2024-04-15;Gold
207043;Ανδρέας;Χατζής;M;21;Ηράκλειο;Κρήτη;2025-02-19;Bronze
207044;Άννα;Καραγιάννης;F;26;Τρίκαλα;Θεσσαλία;2024-12-18;Silver
207045;Νίκος;Νικολάου;M;38;Ρόδος;Νότιο Αιγαίο;2025-08-12;Bronze
207046;Αγγελική;Αλεξίου;F;35;Ηράκλειο;Κρήτη;2025-12-16;Bronze
207047;Αγγελική;Καρράς;F;58;Καβάλα;Ανατολική Μακεδονία & Θράκη;2024-03-17;Bronze
207048;Θανάσης;Παπανικολάου;M;61;Ρόδος;Νότιο Αιγαίο;2025-09-01;Gold
207049;Ιωάννα;Δημητρίου;F;68;Ρόδος;Νότιο Αιγαίο;2024-11-05;Bronze
207050;Μαρία;Οικονόμου;F;47;Θεσσαλονίκη;Κεντρική Μακεδονία;2025-09-06;Gold
207051;Δημήτρης;Ιωαννίδης;M;30;Ηράκλειο;Κρήτη;2025-02-15;Gold
207052;Γεωργία;Νικολάου;F;25;Σέρρες;Κεντρική Μακεδονία;2025-04-26;Bronze
207053;Μαρία;Παπανικολάου;F;66;Σέρρες;Κεντρική Μακεδονία;2024-03-29;Bronze
207054;Χριστίνα;Βλάχος;F;70;Θεσσαλονίκη;Κεντρική Μακεδονία;2025-11-05;Silver
207055;Βασίλης;Σπυρόπουλος;M;21;Ιωάννινα;Ήπειρος;2024-04-22;Bronze
207056;Κατερίνα;Γεωργίου;F;25;Τρίκαλα;Θεσσαλία;2025-06-18;Gold
207057;Γεωργία;Κωνσταντίνου;F;56;Τρίκαλα;Θεσσαλία;2024-04-27;Silver
207058;Δήμητρα;Χατζής;F;39;Θεσσαλονίκη;Κεντρική Μακεδονία;2025-05-02;Bronze
207059;Χριστίνα;Καρράς;F;37;Χανιά;Κρήτη;2024-05-02;Bronze
207060;Δημήτρης;Σπυρόπουλος;M;34;Αθήνα;Αττική;2024-01-01;Silver
207061;Νίκος;Γεωργίου;M;18;Ιωάννινα;Ήπειρος;2024-09-10;Silver
207062;Παναγιώτης;Κωνσταντίνου;M;33;Πάτρα;Δυτική Ελλάδα;2025-01-28;Bronze
207063;Γεωργία;Παπανικολάου;F;23;Σέρρες;Κεντρική Μακεδονία;2025-06-10;Silver
207064;Θανάσης;Καραγιάννης;M;50;Σέρρες;Κεντρική Μακεδονία;2025-11-10;Bronze
207065;Ελένη;Σπυρόπουλος;F;56;Θεσσαλονίκη;Κεντρική Μακεδονία;2024-12-20;Bronze
207066;Χρήστος;Χατζής;M;53;Αθήνα;Αττική;2025-10-18;Gold
207067;Δήμητρα;Πετρόπουλος;F;63;Λάρισα;Θεσσαλία;2025-06-30;Platinum
207068;Γιώργος;Αναστασίου;M;57;Λάρισα;Θεσσαλία;2024-02-20;Silver
207069;Γιώργος;Παπαδόπουλος;M;44;Ρόδος;Νότιο Αιγαίο;2024-11-29;Bronze
207070;Θανάσης;Λαμπρόπουλος;M;62;Ηράκλειο;Κρήτη;2024-07-11;Platinum
207071;Νίκος;Μιχαηλίδης;M;48;Ρόδος;Νότιο Αιγαίο;2024-06-21;Bronze
207072;Σοφία;Παπαδόπουλος;F;66;Τρίκαλα;Θεσσαλία;2024-08-31;Silver
207073;Δήμητρα;Παπαδόπουλος;F;39;Ρόδος;Νότιο Αιγαίο;2025-08-11;Silver
207074;Σοφία;Παπαδόπουλος;F;51;Θεσσαλονίκη;Κεντρική Μακεδονία;2024-03-02;Bronze
207075;Γιώργος;Χατζής;M;24;Καβάλα;Ανατολική Μακεδονία & Θράκη;2025-09-30;Bronze
207076;Γιώργος;Παπανικολάου;M;56;Πάτρα;Δυτική Ελλάδα;2024-01-27;Silver
207077;Άννα;Καραγιάννης;F;36;Ρόδος;Νότιο Αιγαίο;2024-10-05;Bronze
207078;Αγγελική;Αλεξίου;F;56;Ηράκλειο;Κρήτη;2024-03-28;Silver
207079;Χριστίνα;Παπανικολάου;F;34;Ρόδος;Νότιο Αιγαίο;2024-09-08;Bronze
207080;Αγγελική;Γεωργίου;F;68;Πάτρα;Δυτική Ελλάδα;2025-02-24;Silver
207081;Γιώργος;Καραγιάννης;M;58;Σέρρες;Κεντρική Μακεδονία;2025-07-25;Gold
207082;Κώστας;Οικονόμου;M;23;Ρόδος;Νότιο Αιγαίο;2025-04-20;Bronze
207083;Γιώργος;Καραγιάννης;M;58;Χανιά;Κρήτη;2024-05-03;Silver
207084;Κατερίνα;Βλάχος;F;63;Πάτρα;Δυτική Ελλάδα;2024-11-30;Bronze
207085;Νίκος;Πετρόπουλος;M;59;Θεσσαλονίκη;Κεντρική Μακεδονία;2024-06-18;Silver
207086;Χριστίνα;Γεωργίου;F;41;Θεσσαλονίκη;Κεντρική Μακεδονία;2025-07-12;Bronze
207087;Σοφία;Νικολάου;F;34;Ιωάννινα;Ήπειρος;2025-04-24;Bronze
207088;Γιώργος;Κωνσταντίνου;M;60;Πάτρα;Δυτική Ελλάδα;2024-12-19;Silver
207089;Δήμητρα;Καραγιάννης;F;23;Πάτρα;Δυτική Ελλάδα;2024-12-12;Bronze
207090;Αγγελική;Αναστασίου;F;69;Καβάλα;Ανατολική Μακεδονία & Θράκη;2025-08-04;Silver
207091;Ελένη;Πετρόπουλος;F;43;Θεσσαλονίκη;Κεντρική Μακεδονία;2024-09-17;Silver
207092;Νίκος;Κωνσταντίνου;M;19;Τρίκαλα;Θεσσαλία;2025-08-24;Platinum
207093;Σοφία;Αναστασίου;F;37;Ρόδος;Νότιο Αιγαίο;2025-03-08;Bronze
207094;Κατερίνα;Γεωργίου;F;44;Βόλος;Θεσσαλία;2024-09-09;Silver
207095;Άννα;Χατζής;F;68;Σέρρες;Κεντρική Μακεδονία;2024-02-19;Silver
207096;Χριστίνα;Μιχαηλίδης;F;49;Βόλος;Θεσσαλία;2025-12-19;Bronze
207097;Σοφία;Σταματίου;F;18;Ηράκλειο;Κρήτη;2024-04-16;Gold
207098;Ιωάννα;Χατζής;F;55;Καβάλα;Ανατολική Μακεδονία & Θράκη;2024-01-10;Bronze
207099;Αγγελική;Δημητρίου;F;24;Πάτρα;Δυτική Ελλάδα;2024-10-11;Bronze
207100;Μιχάλης;Σπυρόπουλος;M;53;Ηράκλειο;Κρήτη;2025-03-22;Bronze
207101;Θανάσης;Καρράς;M;65;Χανιά;Κρήτη;2024-02-19;Gold
207102;Κώστας;Σπυρόπουλος;M;25;Ιωάννινα;Ήπειρος;2025-03-01;Bronze
207103;Ανδρέας;Σταματίου;M;44;Αθήνα;Αττική;2024-03-27;Silver
207104;Κατερίνα;Καρράς;F;39;Βόλος;Θεσσαλία;2025-06-01;Bronze
207105;Κώστας;Καρράς;M;24;Ηράκλειο;Κρήτη;2024-12-09;Silver
207106;Κατερίνα;Σπυρόπουλος;F;72;Αθήνα;Αττική;2024-03-25;Silver
207107;Δημήτρης;Αλεξίου;M;59;Πάτρα;Δυτική Ελλάδα;2025-10-21;Silver
207108;Γιώργος;Σταματίου;M;38;Σέρρες;Κεντρική Μακεδονία;2024-08-16;Bronze
207109;Ιωάννα;Αναστασίου;F;19;Καβάλα;Ανατολική Μακεδονία & Θράκη;2024-04-06;Silver
207110;Άννα;Βλάχος;F;25;Θεσσαλονίκη;Κεντρική Μακεδονία;2024-12-14;Bronze
207111;Ανδρέας;Καρράς;M;29;Τρίκαλα;Θεσσαλία;2025-07-22;Gold
207112;Άννα;Γεωργίου;F;67;Χανιά;Κρήτη;2024-09-21;Silver
207113;Δημήτρης;Μιχαηλίδης;M;36;Ρόδος;Νότιο Αιγαίο;2024-06-03;Bronze
207114;Θανάσης;Καρράς;M;34;Βόλος;Θεσσαλία;2025-06-17;Silver
207115;Χρήστος;Μιχαηλίδης;M;30;Σέρρες;Κεντρική Μακεδονία;2025-09-18;Bronze
207116;Δημήτρης;Νικολάου;M;28;Θεσσαλονίκη;Κεντρική Μακεδονία;2025-03-20;Gold
207117;Μιχάλης;Παπαδόπουλος;M;24;Χανιά;Κρήτη;2024-06-08;Gold
207118;Ανδρέας;Παπανικολάου;M;49;Λάρισα;Θεσσαλία;2025-11-20;Bronze
207119;Ανδρέας;Γεωργίου;M;29;Θεσσαλονίκη;Κεντρική Μακεδονία;2025-07-11;Silver
207120;Παναγιώτης;Παπαδόπουλος;M;72;Σέρρες;Κεντρική Μακεδονία;2024-03-20;Silver
207121;Θανάσης;Αναστασίου;M;35;Τρίκαλα;Θεσσαλία;2025-12-27;Bronze
207122;Ιωάννα;Καρράς;F;65;Ιωάννινα;Ήπειρος;2025-08-18;Gold
207123;Κατερίνα;Ιωαννίδης;F;30;Ιωάννινα;Ήπειρος;2025-04-07;Gold
207124;Μιχάλης;Γεωργίου;M;65;Πάτρα;Δυτική Ελλάδα;2024-02-14;Bronze
207125;Ιωάννα;Κωνσταντίνου;F;25;Σέρρες;Κεντρική Μακεδονία;2025-03-31;Bronze
207126;Γεωργία;Σταματίου;F;31;Αθήνα;Αττική;2024-02-18;Platinum
207127;Παναγιώτης;Σταματίου;M;26;Ηράκλειο;Κρήτη;2025-04-05;Bronze
207128;Σοφία;Βλάχος;F;31;Σέρρες;Κεντρική Μακεδονία;2024-07-16;Silver
207129;Ελένη;Πετρόπουλος;F;57;Ρόδος;Νότιο Αιγαίο;2025-04-07;Silver
207130;Νίκος;Δημητρίου;M;22;Βόλος;Θεσσαλία;2024-05-16;Platinum
207131;Μιχάλης;Παπαδόπουλος;M;71;Ρόδος;Νότιο Αιγαίο;2025-11-28;Silver
207132;Χρήστος;Καραγιάννης;M;45;Σέρρες;Κεντρική Μακεδονία;2024-09-19;Bronze
207133;Νίκος;Καραγιάννης;M;66;Τρίκαλα;Θεσσαλία;2024-09-08;Bronze
207134;Γιώργος;Πετρόπουλος;M;25;Αθήνα;Αττική;2025-11-28;Gold
207135;Μαρία;Οικονόμου;F;70;Βόλος;Θεσσαλία;2024-07-09;Silver
207136;Παναγιώτης;Χατζής;M;39;Ιωάννινα;Ήπειρος;2025-03-03;Silver
207137;Δήμητρα;Δημητρίου;F;19;Ηράκλειο;Κρήτη;2025-07-15;Gold
207138;Άννα;Καραγιάννης;F;61;Σέρρες;Κεντρική Μακεδονία;2024-07-04;Bronze
207139;Θανάσης;Σταματίου;M;65;Ρόδος;Νότιο Αιγαίο;2024-01-09;Bronze
207140;Κώστας;Αναστασίου;M;35;Χανιά;Κρήτη;2025-07-10;Silver
207141;Μιχάλης;Καρράς;M;56;Τρίκαλα;Θεσσαλία;2025-12-28;Bronze
207142;Ιωάννα;Μιχαηλίδης;F;38;Λάρισα;Θεσσαλία;2024-08-06;Silver
207143;Βασίλης;Χατζής;M;24;Λάρισα;Θεσσαλία;2025-03-09;Bronze
207144;Κώστας;Αναστασίου;M;39;Σέρρες;Κεντρική Μακεδονία;2024-08-30;Bronze
207145;Γεωργία;Δημητρίου;F;22;Ιωάννινα;Ήπειρος;2024-02-04;Silver
207146;Ιωάννα;Λαμπρόπουλος;F;61;Θεσσαλονίκη;Κεντρική Μακεδονία;2025-07-25;Bronze
207147;Δημήτρης;Κωνσταντίνου;M;61;Λάρισα;Θεσσαλία;2025-10-11;Silver
207148;Σοφία;Σπυρόπουλος;F;68;Σέρρες;Κεντρική Μακεδονία;2024-11-05;Silver
207149;Χριστίνα;Πετρόπουλος;F;68;Τρίκαλα;Θεσσαλία;2024-11-13;Bronze
207150;Ελένη;Κωνσταντίνου;F;29;Θεσσαλονίκη;Κεντρική Μακεδονία;2025-10-06;Bronze
207151;Θανάσης;Χατζής;M;23;Λάρισα;Θεσσαλία;2024-05-15;Bronze
207152;Μιχάλης;Δημητρίου;M;32;Ηράκλειο;Κρήτη;2025-08-16;Bronze
207153;Βασίλης;Νικολάου;M;46;Ιωάννινα;Ήπειρος;2024-10-15;Silver
207154;Κώστας;Αλεξίου;M;64;Ρόδος;Νότιο Αιγαίο;2024-12-26;Bronze
207155;Κατερίνα;Παπανικολάου;F;64;Ρόδος;Νότιο Αιγαίο;2024-04-24;Gold
207156;Κατερίνα;Παπαδόπουλος;F;70;Ιωάννινα;Ήπειρος;2025-04-24;Bronze
207157;Γιώργος;Πετρόπουλος;M;61;Καβάλα;Ανατολική Μακεδονία & Θράκη;2025-07-29;Bronze
207158;Παναγιώτης;Μιχαηλίδης;M;53;Ιωάννινα;Ήπειρος;2024-06-13;Bronze
207159;Δήμητρα;Αλεξίου;F;54;Θεσσαλονίκη;Κεντρική Μακεδονία;2025-09-05;Bronze
207160;Βασίλης;Σταματίου;M;51;Σέρρες;Κεντρική Μακεδονία;2025-07-31;Gold
207161;Ανδρέας;Παπαδόπουλος;M;46;Ηράκλειο;Κρήτη;2025-09-29;Silver
207162;Δήμητρα;Παπαδόπουλος;F;41;Αθήνα;Αττική;2025-02-04;Silver
207163;Ελένη;Δημητρίου;F;34;Ιωάννινα;Ήπειρος;2024-05-16;Silver
207164;Χριστίνα;Καρράς;F;28;Θεσσαλονίκη;Κεντρική Μακεδονία;2025-04-25;Platinum
207165;Κατερίνα;Σπυρόπουλος;F;63;Πάτρα;Δυτική Ελλάδα;2024-11-13;Bronze
207166;Παναγιώτης;Κωνσταντίνου;M;41;Ιωάννινα;Ήπειρος;2024-12-25;Bronze
207167;Γεωργία;Πετρόπουλος;F;46;Βόλος;Θεσσαλία;2024-07-27;Silver
207168;Παναγιώτης;Κωνσταντίνου;M;42;Τρίκαλα;Θεσσαλία;2024-08-05;Bronze
207169;Δήμητρα;Παπανικολάου;F;36;Βόλος;Θεσσαλία;2024-01-04;Bronze
207170;Κώστας;Δημητρίου;M;57;Σέρρες;Κεντρική Μακεδονία;2025-06-17;Silver
207171;Αγγελική;Γεωργίου;F;31;Θεσσαλονίκη;Κεντρική Μακεδονία;2024-05-11;Platinum
207172;Γεωργία;Βλάχος;F;21;Χανιά;Κρήτη;2025-08-10;Silver
207173;Γιώργος;Χατζής;M;62;Πάτρα;Δυτική Ελλάδα;2025-10-31;Gold
207174;Γιώργος;Σταματίου;M;63;Λάρισα;Θεσσαλία;2024-03-11;Gold
207175;Χριστίνα;Χατζής;F;46;Αθήνα;Αττική;2025-11-27;Bronze
207176;Βασίλης;Σταματίου;M;53;Πάτρα;Δυτική Ελλάδα;2025-01-22;Silver
207177;Σοφία;Οικονόμου;F;61;Αθήνα;Αττική;2025-11-13;Bronze
207178;Ιωάννα;Βλάχος;F;38;Τρίκαλα;Θεσσαλία;2024-10-27;Silver
207179;Κατερίνα;Ιωαννίδης;F;60;Ρόδος;Νότιο Αιγαίο;2024-12-24;Silver
207180;Κώστας;Δημητρίου;M;31;Βόλος;Θεσσαλία;2024-12-06;Gold
207181;Νίκος;Σταματίου;M;39;Ηράκλειο;Κρήτη;2024-09-15;Silver
207182;Χρήστος;Κωνσταντίνου;M;42;Ιωάννινα;Ήπειρος;2025-08-18;Bronze
207183;Χρήστος;Καραγιάννης;M;58;Βόλος;Θεσσαλία;2025-03-21;Bronze
207184;Δημήτρης;Δημητρίου;M;35;Χανιά;Κρήτη;2024-06-28;Bronze
207185;Θανάσης;Κωνσταντίνου;M;69;Βόλος;Θεσσαλία;2025-12-15;Silver
207186;Ανδρέας;Ιωαννίδης;M;38;Ηράκλειο;Κρήτη;2024-06-15;Bronze
207187;Δήμητρα;Παπανικολάου;F;18;Πάτρα;Δυτική Ελλάδα;2025-01-31;Gold
207188;Δήμητρα;Παπαδόπουλος;F;40;Χανιά;Κρήτη;2024-08-01;Silver
207189;Μιχάλης;Σταματίου;M;27;Χανιά;Κρήτη;2025-05-29;Bronze
207190;Θανάσης;Νικολάου;M;68;Τρίκαλα;Θεσσαλία;2025-06-28;Silver
207191;Χριστίνα;Ζαχαρίου;F;55;Χανιά;Κρήτη;2024-01-15;Bronze
207192;Δήμητρα;Σταματίου;F;51;Βόλος;Θεσσαλία;2024-10-18;Platinum
207193;Γιώργος;Παπανικολάου;M;29;Σέρρες;Κεντρική Μακεδονία;2024-08-04;Silver
207194;Ελένη;Κωνσταντίνου;F;66;Θεσσαλονίκη;Κεντρική Μακεδονία;2025-03-18;Gold
207195;Μιχάλης;Παπαδόπουλος;M;47;Σέρρες;Κεντρική Μακεδονία;2024-06-14;Silver
207196;Κατερίνα;Παπαδόπουλος;F;20;Σέρρες;Κεντρική Μακεδονία;2025-10-14;Gold
207197;Κώστας;Πετρόπουλος;M;36;Αθήνα;Αττική;2025-03-29;Silver
207198;Θανάσης;Σπυρόπουλος;M;48;Τρίκαλα;Θεσσαλία;2025-07-28;Silver
207199;Γιώργος;Κωνσταντίνου;M;50;Βόλος;Θεσσαλία;2025-08-22;Bronze
207200;Γεωργία;Παπαδόπουλος;F;65;Βόλος;Θεσσαλία;2024-09-28;Bronze
207201;Αγγελική;Σπυρόπουλος;F;51;Λάρισα;Θεσσαλία;2025-10-10;Bronze
207202;Παναγιώτης;Καραγιάννης;M;24;Λάρισα;Θεσσαλία;2024-01-07;Silver
207203;Ιωάννα;Χατζής;F;66;Βόλος;Θεσσαλία;2024-03-20;Bronze
207204;Γεωργία;Χατζής;F;71;Πάτρα;Δυτική Ελλάδα;2024-05-17;Silver
207205;Μιχάλης;Χατζής;M;20;Σέρρες;Κεντρική Μακεδονία;2024-03-05;Bronze
207206;Μαρία;Αναστασίου;F;62;Καβάλα;Ανατολική Μακεδονία & Θράκη;2025-02-17;Silver
207207;Γιώργος;Πετρόπουλος;M;62;Ρόδος;Νότιο Αιγαίο;2024-11-13;Silver
207208;Παναγιώτης;Γεωργίου;M;38;Σέρρες;Κεντρική Μακεδονία;2025-08-13;Bronze
207209;Κατερίνα;Σπυρόπουλος;F;42;Καβάλα;Ανατολική Μακεδονία & Θράκη;2025-04-12;Bronze
207210;Δήμητρα;Βλάχος;F;67;Καβάλα;Ανατολική Μακεδονία & Θράκη;2024-10-13;Gold
207211;Ιωάννα;Λαμπρόπουλος;F;39;Ιωάννινα;Ήπειρος;2024-07-29;Silver
207212;Χρήστος;Αναστασίου;M;33;Ιωάννινα;Ήπειρος;2024-03-10;Silver
207213;Νίκος;Μιχαηλίδης;M;69;Χανιά;Κρήτη;2025-01-12;Silver
207214;Κατερίνα;Αναστασίου;F;22;Καβάλα;Ανατολική Μακεδονία & Θράκη;2024-04-30;Bronze
207215;Σοφία;Καραγιάννης;F;53;Πάτρα;Δυτική Ελλάδα;2024-11-18;Bronze
207216;Παναγιώτης;Αλεξίου;M;29;Βόλος;Θεσσαλία;2024-03-30;Bronze
207217;Γιώργος;Σταματίου;M;60;Χανιά;Κρήτη;2025-06-19;Bronze
207218;Παναγιώτης;Χατζής;M;60;Θεσσαλονίκη;Κεντρική Μακεδονία;2024-10-03;Bronze
207219;Νίκος;Νικολάου;M;20;Θεσσαλονίκη;Κεντρική Μακεδονία;2025-10-24;Silver
207220;Ιωάννα;Κωνσταντίνου;F;62;Χανιά;Κρήτη;2024-04-05;Platinum
207221;Γεωργία;Καρράς;F;24;Ρόδος;Νότιο Αιγαίο;2024-10-07;Gold
207222;Βασίλης;Οικονόμου;M;29;Τρίκαλα;Θεσσαλία;2024-03-10;Bronze
207223;Αγγελική;Νικολάου;F;34;Καβάλα;Ανατολική Μακεδονία & Θράκη;2024-01-09;Silver
207224;Μιχάλης;Οικονόμου;M;55;Πάτρα;Δυτική Ελλάδα;2025-04-17;Silver
207225;Ιωάννα;Κωνσταντίνου;F;64;Ηράκλειο;Κρήτη;2025-02-23;Silver
207226;Ανδρέας;Κωνσταντίνου;M;29;Σέρρες;Κεντρική Μακεδονία;2024-11-13;Silver
207227;Κώστας;Μιχαηλίδης;M;57;Θεσσαλονίκη;Κεντρική Μακεδονία;2025-10-06;Bronze
207228;Χριστίνα;Μιχαηλίδης;F;45;Ρόδος;Νότιο Αιγαίο;2025-10-02;Bronze
207229;Μιχάλης;Σταματίου;M;54;Καβάλα;Ανατολική Μακεδονία & Θράκη;2024-06-01;Bronze
207230;Νίκος;Ζαχαρίου;M;59;Καβάλα;Ανατολική Μακεδονία & Θράκη;2024-01-27;Silver
207231;Άννα;Αλεξίου;F;70;Λάρισα;Θεσσαλία;2024-10-10;Bronze
207232;Δήμητρα;Οικονόμου;F;53;Πάτρα;Δυτική Ελλάδα;2025-08-06;Gold
207233;Δημήτρης;Ζαχαρίου;M;64;Βόλος;Θεσσαλία;2025-02-02;Silver
207234;Κώστας;Λαμπρόπουλος;M;37;Λάρισα;Θεσσαλία;2024-01-02;Platinum
207235;Μιχάλης;Ζαχαρίου;M;30;Ιωάννινα;Ήπειρος;2025-12-09;Bronze
207236;Αγγελική;Κωνσταντίνου;F;57;Λάρισα;Θεσσαλία;2024-04-21;Silver
207237;Ιωάννα;Πετρόπουλος;F;21;Λάρισα;Θεσσαλία;2024-10-20;Silver
207238;Ανδρέας;Βλάχος;M;49;Σέρρες;Κεντρική Μακεδονία;2025-09-12;Bronze
207239;Χρήστος;Παπαδόπουλος;M;52;Πάτρα;Δυτική Ελλάδα;2024-09-12;Silver
207240;Γιώργος;Παπαδόπουλος;M;18;Σέρρες;Κεντρική Μακεδονία;2025-10-13;Bronze
207241;Αγγελική;Παπαδόπουλος;F;44;Σέρρες;Κεντρική Μακεδονία;2025-05-08;Silver
207242;Παναγιώτης;Καρράς;M;38;Σέρρες;Κεντρική Μακεδονία;2024-11-17;Bronze
207243;Κώστας;Σταματίου;M;28;Θεσσαλονίκη;Κεντρική Μακεδονία;2024-05-10;Silver
207244;Χρήστος;Πετρόπουλος;M;19;Ηράκλειο;Κρήτη;2024-11-23;Gold
207245;Κώστας;Νικολάου;M;32;Πάτρα;Δυτική Ελλάδα;2025-05-21;Bronze
207246;Σοφία;Νικολάου;F;35;Θεσσαλονίκη;Κεντρική Μακεδονία;2025-02-05;Gold
207247;Βασίλης;Ζαχαρίου;M;59;Σέρρες;Κεντρική Μακεδονία;2024-03-24;Bronze
207248;Αγγελική;Σταματίου;F;60;Πάτρα;Δυτική Ελλάδα;2024-08-07;Silver
207249;Κώστας;Σταματίου;M;50;Τρίκαλα;Θεσσαλία;2024-11-04;Bronze
207250;Ελένη;Πετρόπουλος;F;55;Ρόδος;Νότιο Αιγαίο;2025-03-31;Bronze
207251;Βασίλης;Μιχαηλίδης;M;30;Πάτρα;Δυτική Ελλάδα;2024-04-23;Bronze
207252;Μιχάλης;Παπανικολάου;M;63;Σέρρες;Κεντρική Μακεδονία;2024-07-01;Bronze
207253;Δήμητρα;Ιωαννίδης;F;70;Λάρισα;Θεσσαλία;2024-09-20;Bronze
207254;Μιχάλης;Παπαδόπουλος;M;63;Αθήνα;Αττική;2024-09-27;Platinum
207255;Σοφία;Κωνσταντίνου;F;28;Πάτρα;Δυτική Ελλάδα;2025-11-04;Bronze
207256;Άννα;Οικονόμου;F;31;Καβάλα;Ανατολική Μακεδονία & Θράκη;2024-09-16;Silver
207257;Μαρία;Ζαχαρίου;F;31;Καβάλα;Ανατολική Μακεδονία & Θράκη;2024-10-02;Gold
207258;Γιώργος;Οικονόμου;M;43;Σέρρες;Κεντρική Μακεδονία;2024-01-05;Gold
207259;Γιώργος;Σπυρόπουλος;M;49;Ηράκλειο;Κρήτη;2025-03-21;Silver
207260;Ιωάννα;Ιωαννίδης;F;50;Βόλος;Θεσσαλία;2025-08-18;Silver
207261;Ελένη;Παπανικολάου;F;47;Ηράκλειο;Κρήτη;2024-08-19;Bronze
207262;Βασίλης;Αλεξίου;M;49;Ρόδος;Νότιο Αιγαίο;2024-02-08;Bronze
207263;Μαρία;Παπανικολάου;F;45;Ρόδος;Νότιο Αιγαίο;2024-10-23;Silver
207264;Χριστίνα;Γεωργίου;F;57;Πάτρα;Δυτική Ελλάδα;2025-04-19;Platinum
207265;Κώστας;Οικονόμου;M;47;Ρόδος;Νότιο Αιγαίο;2025-10-09;Bronze
207266;Αγγελική;Οικονόμου;F;54;Ρόδος;Νότιο Αιγαίο;2024-12-27;Bronze
207267;Κατερίνα;Σπυρόπουλος;F;38;Ιωάννινα;Ήπειρος;2024-04-28;Gold
207268;Μιχάλης;Νικολάου;M;21;Θεσσαλονίκη;Κεντρική Μακεδονία;2025-05-02;Gold
207269;Νίκος;Γεωργίου;M;46;Βόλος;Θεσσαλία;2025-10-15;Bronze
207270;Ιωάννα;Σπυρόπουλος;F;36;Καβάλα;Ανατολική Μακεδονία & Θράκη;2024-09-10;Bronze
207271;Χρήστος;Σπυρόπουλος;M;63;Λάρισα;Θεσσαλία;2024-10-31;Bronze
207272;Μιχάλης;Γεωργίου;M;62;Ιωάννινα;Ήπειρος;2025-05-14;Silver
207273;Δημήτρης;Παπαδόπουλος;M;69;Πάτρα;Δυτική Ελλάδα;2024-10-20;Platinum
207274;Δημήτρης;Παπαδόπουλος;M;18;Χανιά;Κρήτη;2024-08-07;Bronze
207275;Βασίλης;Καραγιάννης;M;69;Θεσσαλονίκη;Κεντρική Μακεδονία;2024-11-23;Silver
207276;Δημήτρης;Πετρόπουλος;M;58;Ηράκλειο;Κρήτη;2024-02-26;Gold
207277;Βασίλης;Παπαδόπουλος;M;30;Βόλος;Θεσσαλία;2024-10-02;Bronze
207278;Μιχάλης;Βλάχος;M;24;Πάτρα;Δυτική Ελλάδα;2025-12-29;Silver
207279;Παναγιώτης;Λαμπρόπουλος;M;50;Σέρρες;Κεντρική Μακεδονία;2025-07-12;Bronze
207280;Δήμητρα;Χατζής;F;72;Ρόδος;Νότιο Αιγαίο;2025-04-18;Bronze
207281;Θανάσης;Νικολάου;M;71;Καβάλα;Ανατολική Μακεδονία & Θράκη;2025-06-21;Bronze
207282;Βασίλης;Βλάχος;M;69;Τρίκαλα;Θεσσαλία;2025-11-09;Silver
207283;Άννα;Χατζής;F;24;Σέρρες;Κεντρική Μακεδονία;2024-02-09;Bronze
207284;Παναγιώτης;Καρράς;M;71;Καβάλα;Ανατολική Μακεδονία & Θράκη;2025-07-29;Bronze
207285;Γιώργος;Βλάχος;M;52;Θεσσαλονίκη;Κεντρική Μακεδονία;2025-01-31;Silver
207286;Αγγελική;Μιχαηλίδης;F;48;Αθήνα;Αττική;2025-04-23;Silver
207287;Σοφία;Κωνσταντίνου;F;70;Λάρισα;Θεσσαλία;2025-08-23;Bronze
207288;Ελένη;Οικονόμου;F;24;Βόλος;Θεσσαλία;2024-09-26;Silver
207289;Κατερίνα;Παπανικολάου;F;39;Καβάλα;Ανατολική Μακεδονία & Θράκη;2024-08-22;Bronze
207290;Βασίλης;Οικονόμου;M;51;Καβάλα;Ανατολική Μακεδονία & Θράκη;2024-05-18;Bronze
207291;Κατερίνα;Βλάχος;F;19;Πάτρα;Δυτική Ελλάδα;2024-06-14;Silver
207292;Κατερίνα;Καραγιάννης;F;62;Βόλος;Θεσσαλία;2024-06-11;Bronze
207293;Κατερίνα;Καραγιάννης;F;67;Τρίκαλα;Θεσσαλία;2025-11-13;Bronze
207294;Νίκος;Κωνσταντίνου;M;32;Λάρισα;Θεσσαλία;2024-03-10;Silver
207295;Άννα;Λαμπρόπουλος;F;28;Ιωάννινα;Ήπειρος;2025-04-18;Bronze
207296;Γεωργία;Σπυρόπουλος;F;26;Καβάλα;Ανατολική Μακεδονία & Θράκη;2025-03-27;Silver
207297;Χριστίνα;Παπαδόπουλος;F;40;Ηράκλειο;Κρήτη;2025-12-20;Gold
207298;Δήμητρα;Σπυρόπουλος;F;36;Αθήνα;Αττική;2025-09-20;Bronze
207299;Παναγιώτης;Λαμπρόπουλος;M;45;Σέρρες;Κεντρική Μακεδονία;2025-09-01;Silver
207300;Χρήστος;Αναστασίου;M;66;Ιωάννινα;Ήπειρος;2024-06-11;Silver
207301;Μιχάλης;Καραγιάννης;M;66;Ηράκλειο;Κρήτη;2025-02-02;Gold
207302;Άννα;Πετρόπουλος;F;18;Χανιά;Κρήτη;2024-03-06;Bronze
207303;Γιώργος;Οικονόμου;M;48;Τρίκαλα;Θεσσαλία;2025-04-27;Silver
207304;Βασίλης;Σταματίου;M;64;Ιωάννινα;Ήπειρος;2024-07-27;Silver
207305;Ελένη;Χατζής;F;52;Καβάλα;Ανατολική Μακεδονία & Θράκη;2025-11-26;Silver
207306;Κώστας;Σταματίου;M;38;Αθήνα;Αττική;2025-06-11;Bronze
207307;Δημήτρης;Πετρόπουλος;M;61;Πάτρα;Δυτική Ελλάδα;2024-06-13;Silver
207308;Σοφία;Ιωαννίδης;F;34;Σέρρες;Κεντρική Μακεδονία;2025-12-11;Bronze
207309;Σοφία;Καραγιάννης;F;28;Καβάλα;Ανατολική Μακεδονία & Θράκη;2025-06-15;Gold
207310;Παναγιώτης;Αναστασίου;M;69;Καβάλα;Ανατολική Μακεδονία & Θράκη;2025-11-24;Silver
207311;Ελένη;Σπυρόπουλος;F;37;Αθήνα;Αττική;2025-02-21;Gold
207312;Ιωάννα;Χατζής;F;67;Ρόδος;Νότιο Αιγαίο;2024-09-24;Bronze
207313;Χρήστος;Γεωργίου;M;31;Καβάλα;Ανατολική Μακεδονία & Θράκη;2025-03-15;Silver
207314;Δημήτρης;Σπυρόπουλος;M;42;Θεσσαλονίκη;Κεντρική Μακεδονία;2025-07-28;Bronze
207315;Γιώργος;Λαμπρόπουλος;M;49;Χανιά;Κρήτη;2025-05-20;Silver
207316;Κώστας;Ζαχαρίου;M;22;Πάτρα;Δυτική Ελλάδα;2024-03-25;Platinum
207317;Άννα;Παπανικολάου;F;69;Τρίκαλα;Θεσσαλία;2025-07-22;Bronze
207318;Ιωάννα;Δημητρίου;F;20;Πάτρα;Δυτική Ελλάδα;2025-02-02;Bronze
207319;Ελένη;Πετρόπουλος;F;30;Ηράκλειο;Κρήτη;2024-11-20;Bronze
207320;Σοφία;Βλάχος;F;49;Σέρρες;Κεντρική Μακεδονία;2024-07-06;Gold
207321;Βασίλης;Κωνσταντίνου;M;19;Τρίκαλα;Θεσσαλία;2024-04-11;Gold
207322;Κατερίνα;Οικονόμου;F;20;Λάρισα;Θεσσαλία;2024-09-08;Bronze
207323;Βασίλης;Σταματίου;M;50;Σέρρες;Κεντρική Μακεδονία;2024-04-30;Bronze
207324;Γεωργία;Μιχαηλίδης;F;60;Ιωάννινα;Ήπειρος;2025-03-17;Gold
207325;Αγγελική;Αλεξίου;F;19;Ηράκλειο;Κρήτη;2024-04-09;Silver
207326;Μαρία;Πετρόπουλος;F;57;Ηράκλειο;Κρήτη;2025-05-01;Bronze
207327;Μιχάλης;Καρράς;M;61;Χανιά;Κρήτη;2024-09-21;Silver
207328;Ελένη;Πετρόπουλος;F;65;Ιωάννινα;Ήπειρος;2025-05-21;Silver
207329;Βασίλης;Αναστασίου;M;70;Βόλος;Θεσσαλία;2024-03-10;Silver
207330;Βασίλης;Κωνσταντίνου;M;57;Τρίκαλα;Θεσσαλία;2025-03-12;Bronze
207331;Ελένη;Χατζής;F;34;Αθήνα;Αττική;2025-01-17;Platinum
207332;Δήμητρα;Χατζής;F;72;Ηράκλειο;Κρήτη;2025-12-11;Bronze
207333;Γιώργος;Σπυρόπουλος;M;41;Πάτρα;Δυτική Ελλάδα;2025-07-15;Silver
207334;Κατερίνα;Νικολάου;F;39;Καβάλα;Ανατολική Μακεδονία & Θράκη;2025-11-05;Silver
207335;Κώστας;Σταματίου;M;39;Ρόδος;Νότιο Αιγαίο;2024-09-11;Gold
207336;Κώστας;Σταματίου;M;48;Πάτρα;Δυτική Ελλάδα;2025-01-16;Bronze
207337;Γεωργία;Ιωαννίδης;F;38;Σέρρες;Κεντρική Μακεδονία;2024-01-13;Bronze
207338;Μιχάλης;Χατζής;M;38;Χανιά;Κρήτη;2024-05-15;Bronze
207339;Ιωάννα;Σπυρόπουλος;F;27;Ηράκλειο;Κρήτη;2025-09-25;Bronze
207340;Αγγελική;Αλεξίου;F;54;Αθήνα;Αττική;2025-03-30;Bronze
207341;Χρήστος;Αλεξίου;M;52;Αθήνα;Αττική;2025-02-14;Bronze
207342;Ιωάννα;Πετρόπουλος;F;37;Αθήνα;Αττική;2025-09-15;Silver
207343;Μιχάλης;Αλεξίου;M;47;Τρίκαλα;Θεσσαλία;2024-05-19;Bronze
207344;Μιχάλης;Μιχαηλίδης;M;35;Χανιά;Κρήτη;2024-01-16;Bronze
207345;Παναγιώτης;Ιωαννίδης;M;37;Λάρισα;Θεσσαλία;2024-01-26;Silver
207346;Θανάσης;Δημητρίου;M;57;Βόλος;Θεσσαλία;2025-01-26;Bronze
207347;Αγγελική;Κωνσταντίνου;F;53;Λάρισα;Θεσσαλία;2024-03-13;Platinum
207348;Γεωργία;Σταματίου;F;69;Πάτρα;Δυτική Ελλάδα;2025-07-04;Bronze
207349;Χριστίνα;Οικονόμου;F;63;Πάτρα;Δυτική Ελλάδα;2024-05-18;Gold
207350;Ανδρέας;Δημητρίου;M;23;Σέρρες;Κεντρική Μακεδονία;2025-05-14;Gold
207351;Άννα;Καρράς;F;57;Ηράκλειο;Κρήτη;2025-07-07;Silver
207352;Αγγελική;Κωνσταντίνου;F;43;Αθήνα;Αττική;2025-04-30;Bronze
207353;Άννα;Παπανικολάου;F;60;Τρίκαλα;Θεσσαλία;2024-04-17;Silver
207354;Νίκος;Σπυρόπουλος;M;28;Ιωάννινα;Ήπειρος;2024-03-08;Gold
207355;Βασίλης;Κωνσταντίνου;M;38;Ιωάννινα;Ήπειρος;2024-07-24;Gold
207356;Παναγιώτης;Σπυρόπουλος;M;61;Ρόδος;Νότιο Αιγαίο;2025-02-10;Bronze
207357;Χρήστος;Παπανικολάου;M;21;Χανιά;Κρήτη;2025-07-02;Silver
207358;Δήμητρα;Παπανικολάου;F;50;Βόλος;Θεσσαλία;2024-07-18;Gold
207359;Αγγελική;Ζαχαρίου;F;71;Θεσσαλονίκη;Κεντρική Μακεδονία;2025-03-12;Silver
207360;Θανάσης;Μιχαηλίδης;M;39;Θεσσαλονίκη;Κεντρική Μακεδονία;2024-04-17;Silver
207361;Σοφία;Αναστασίου;F;63;Καβάλα;Ανατολική Μακεδονία & Θράκη;2024-07-17;Gold
207362;Μιχάλης;Σπυρόπουλος;M;50;Βόλος;Θεσσαλία;2024-10-27;Bronze
207363;Ιωάννα;Σπυρόπουλος;F;19;Ιωάννινα;Ήπειρος;2024-02-10;Silver
207364;Δήμητρα;Λαμπρόπουλος;F;64;Χανιά;Κρήτη;2025-11-16;Bronze
207365;Χριστίνα;Αναστασίου;F;66;Τρίκαλα;Θεσσαλία;2024-08-25;Gold
207366;Δήμητρα;Αναστασίου;F;23;Θεσσαλονίκη;Κεντρική Μακεδονία;2024-11-25;Bronze
207367;Μιχάλης;Σπυρόπουλος;M;21;Θεσσαλονίκη;Κεντρική Μακεδονία;2025-10-19;Bronze
207368;Κατερίνα;Μιχαηλίδης;F;43;Ρόδος;Νότιο Αιγαίο;2025-08-01;Silver
207369;Ανδρέας;Νικολάου;M;46;Ρόδος;Νότιο Αιγαίο;2024-06-02;Bronze
207370;Σοφία;Μιχαηλίδης;F;33;Θεσσαλονίκη;Κεντρική Μακεδονία;2025-03-08;Silver
207371;Χριστίνα;Οικονόμου;F;43;Σέρρες;Κεντρική Μακεδονία;2025-02-15;Silver
207372;Κώστας;Βλάχος;M;49;Βόλος;Θεσσαλία;2024-12-02;Silver
207373;Βασίλης;Ζαχαρίου;M;30;Τρίκαλα;Θεσσαλία;2024-08-18;Bronze
207374;Παναγιώτης;Χατζής;M;33;Σέρρες;Κεντρική Μακεδονία;2024-06-07;Bronze
207375;Αγγελική;Παπανικολάου;F;54;Σέρρες;Κεντρική Μακεδονία;2024-06-17;Silver
207376;Γιώργος;Μιχαηλίδης;M;45;Ιωάννινα;Ήπειρος;2024-11-25;Bronze
207377;Γεωργία;Σπυρόπουλος;F;62;Θεσσαλονίκη;Κεντρική Μακεδονία;2024-02-05;Silver
207378;Κώστας;Λαμπρόπουλος;M;23;Αθήνα;Αττική;2024-02-10;Bronze
207379;Χρήστος;Μιχαηλίδης;M;44;Θεσσαλονίκη;Κεντρική Μακεδονία;2025-04-22;Silver
207380;Σοφία;Αναστασίου;F;62;Ρόδος;Νότιο Αιγαίο;2025-12-22;Silver
207381;Χρήστος;Νικολάου;M;49;Τρίκαλα;Θεσσαλία;2025-05-12;Gold
207382;Μαρία;Νικολάου;F;64;Ρόδος;Νότιο Αιγαίο;2024-10-29;Platinum
207383;Ανδρέας;Οικονόμου;M;66;Θεσσαλονίκη;Κεντρική Μακεδονία;2024-06-06;Bronze
207384;Ανδρέας;Αλεξίου;M;41;Ηράκλειο;Κρήτη;2025-04-12;Bronze
207385;Μιχάλης;Δημητρίου;M;55;Καβάλα;Ανατολική Μακεδονία & Θράκη;2025-02-08;Silver
207386;Χρήστος;Σταματίου;M;36;Πάτρα;Δυτική Ελλάδα;2025-09-12;Gold
207387;Δημήτρης;Ζαχαρίου;M;19;Θεσσαλονίκη;Κεντρική Μακεδονία;2025-11-16;Bronze
207388;Μαρία;Γεωργίου;F;46;Καβάλα;Ανατολική Μακεδονία & Θράκη;2024-10-27;Bronze
207389;Βασίλης;Βλάχος;M;36;Χανιά;Κρήτη;2025-01-19;Bronze
207390;Μιχάλης;Παπανικολάου;M;18;Καβάλα;Ανατολική Μακεδονία & Θράκη;2025-07-14;Gold
207391;Νίκος;Νικολάου;M;31;Ηράκλειο;Κρήτη;2024-04-28;Gold
207392;Παναγιώτης;Πετρόπουλος;M;49;Ιωάννινα;Ήπειρος;2024-06-26;Bronze
207393;Σοφία;Δημητρίου;F;58;Αθήνα;Αττική;2025-10-14;Bronze
207394;Ελένη;Αναστασίου;F;24;Ιωάννινα;Ήπειρος;2024-10-13;Silver
207395;Χριστίνα;Ζαχαρίου;F;61;Ρόδος;Νότιο Αιγαίο;2025-07-27;Bronze
207396;Θανάσης;Σπυρόπουλος;M;61;Ηράκλειο;Κρήτη;2025-10-25;Bronze
207397;Μαρία;Σταματίου;F;69;Χανιά;Κρήτη;2024-10-23;Silver
207398;Άννα;Ιωαννίδης;F;41;Βόλος;Θεσσαλία;2025-11-02;Silver
207399;Νίκος;Νικολάου;M;22;Σέρρες;Κεντρική Μακεδονία;2025-09-06;Silver
207400;Παναγιώτης;Χατζής;M;63;Ρόδος;Νότιο Αιγαίο;2024-12-22;Bronze
207401;Ανδρέας;Χατζής;M;41;Ηράκλειο;Κρήτη;2024-01-08;Bronze
207402;Δήμητρα;Κωνσταντίνου;F;54;Τρίκαλα;Θεσσαλία;2025-05-14;Bronze
207403;Σοφία;Ιωαννίδης;F;61;Σέρρες;Κεντρική Μακεδονία;2025-08-24;Silver
207404;Δήμητρα;Νικολάου;F;67;Θεσσαλονίκη;Κεντρική Μακεδονία;2024-01-05;Bronze
207405;Βασίλης;Λαμπρόπουλος;M;60;Καβάλα;Ανατολική Μακεδονία & Θράκη;2024-01-02;Silver
207406;Δημήτρης;Καρράς;M;19;Λάρισα;Θεσσαλία;2024-05-14;Bronze
207407;Γιώργος;Οικονόμου;M;36;Ιωάννινα;Ήπειρος;2025-07-08;Silver
207408;Δήμητρα;Νικολάου;F;23;Αθήνα;Αττική;2024-03-02;Silver
207409;Δήμητρα;Αναστασίου;F;29;Βόλος;Θεσσαλία;2025-11-24;Platinum
207410;Αγγελική;Μιχαηλίδης;F;70;Πάτρα;Δυτική Ελλάδα;2024-07-06;Bronze
207411;Ανδρέας;Κωνσταντίνου;M;36;Θεσσαλονίκη;Κεντρική Μακεδονία;2025-04-16;Bronze
207412;Χριστίνα;Καραγιάννης;F;31;Ρόδος;Νότιο Αιγαίο;2024-05-27;Silver
207413;Γεωργία;Οικονόμου;F;47;Αθήνα;Αττική;2025-01-24;Bronze
207414;Κατερίνα;Βλάχος;F;39;Χανιά;Κρήτη;2024-07-11;Platinum
207415;Ελένη;Σπυρόπουλος;F;41;Σέρρες;Κεντρική Μακεδονία;2024-05-22;Bronze
207416;Ιωάννα;Παπαδόπουλος;F;20;Λάρισα;Θεσσαλία;2025-06-17;Bronze
207417;Μιχάλης;Μιχαηλίδης;M;26;Καβάλα;Ανατολική Μακεδονία & Θράκη;2024-09-11;Gold
207418;Δήμητρα;Αλεξίου;F;52;Πάτρα;Δυτική Ελλάδα;2025-04-16;Gold
207419;Άννα;Λαμπρόπουλος;F;32;Πάτρα;Δυτική Ελλάδα;2025-12-14;Gold
207420;Κώστας;Παπανικολάου;M;21;Ιωάννινα;Ήπειρος;2024-08-01;Bronze
207421;Μιχάλης;Βλάχος;M;65;Σέρρες;Κεντρική Μακεδονία;2024-05-20;Gold
207422;Γιώργος;Δημητρίου;M;34;Ιωάννινα;Ήπειρος;2024-09-19;Bronze
207423;Μαρία;Βλάχος;F;51;Αθήνα;Αττική;2025-09-08;Platinum
207424;Ελένη;Λαμπρόπουλος;F;38;Τρίκαλα;Θεσσαλία;2024-06-18;Bronze
207425;Ελένη;Οικονόμου;F;70;Θεσσαλονίκη;Κεντρική Μακεδονία;2025-12-09;Platinum
207426;Σοφία;Αλεξίου;F;31;Αθήνα;Αττική;2025-01-07;Gold
207427;Θανάσης;Χατζής;M;69;Ηράκλειο;Κρήτη;2024-09-17;Bronze
207428;Μαρία;Οικονόμου;F;64;Χανιά;Κρήτη;2025-05-07;Gold
207429;Αγγελική;Αναστασίου;F;60;Χανιά;Κρήτη;2025-02-05;Bronze
207430;Κατερίνα;Σταματίου;F;40;Πάτρα;Δυτική Ελλάδα;2025-04-20;Bronze
207431;Ιωάννα;Παπανικολάου;F;41;Τρίκαλα;Θεσσαλία;2025-03-21;Gold
207432;Σοφία;Νικολάου;F;55;Πάτρα;Δυτική Ελλάδα;2025-05-21;Silver
207433;Νίκος;Πετρόπουλος;M;31;Πάτρα;Δυτική Ελλάδα;2025-01-03;Bronze
207434;Ιωάννα;Αναστασίου;F;57;Λάρισα;Θεσσαλία;2024-05-20;Gold
207435;Νίκος;Καρράς;M;42;Αθήνα;Αττική;2025-09-19;Platinum
207436;Κατερίνα;Αλεξίου;F;50;Θεσσαλονίκη;Κεντρική Μακεδονία;2024-10-08;Silver
207437;Ελένη;Αναστασίου;F;29;Τρίκαλα;Θεσσαλία;2024-01-23;Silver
207438;Ανδρέας;Σπυρόπουλος;M;49;Καβάλα;Ανατολική Μακεδονία & Θράκη;2025-09-29;Bronze
207439;Παναγιώτης;Οικονόμου;M;36;Ρόδος;Νότιο Αιγαίο;2024-09-08;Silver
207440;Χρήστος;Νικολάου;M;66;Ηράκλειο;Κρήτη;2024-03-10;Gold
207441;Δήμητρα;Αλεξίου;F;31;Τρίκαλα;Θεσσαλία;2025-04-23;Bronze
207442;Ιωάννα;Σπυρόπουλος;F;59;Ιωάννινα;Ήπειρος;2024-08-10;Bronze
207443;Δήμητρα;Λαμπρόπουλος;F;40;Χανιά;Κρήτη;2024-05-26;Silver
207444;Δήμητρα;Αναστασίου;F;69;Σέρρες;Κεντρική Μακεδονία;2025-02-01;Gold
207445;Ανδρέας;Λαμπρόπουλος;M;54;Καβάλα;Ανατολική Μακεδονία & Θράκη;2024-08-12;Silver
207446;Μιχάλης;Ζαχαρίου;M;38;Χανιά;Κρήτη;2024-04-15;Gold
207447;Κατερίνα;Χατζής;F;51;Τρίκαλα;Θεσσαλία;2024-07-23;Bronze
207448;Χριστίνα;Γεωργίου;F;57;Αθήνα;Αττική;2025-04-16;Bronze
207449;Χριστίνα;Δημητρίου;F;24;Τρίκαλα;Θεσσαλία;2024-12-21;Platinum
207450;Δήμητρα;Γεωργίου;F;20;Καβάλα;Ανατολική Μακεδονία & Θράκη;2024-11-02;Gold
207451;Βασίλης;Ζαχαρίου;M;43;Ρόδος;Νότιο Αιγαίο;2025-01-25;Gold
207452;Ανδρέας;Λαμπρόπουλος;M;51;Ρόδος;Νότιο Αιγαίο;2024-01-29;Bronze
207453;Βασίλης;Σπυρόπουλος;M;71;Πάτρα;Δυτική Ελλάδα;2025-08-29;Silver
207454;Νίκος;Σταματίου;M;44;Χανιά;Κρήτη;2024-08-06;Silver
207455;Χριστίνα;Σταματίου;F;59;Λάρισα;Θεσσαλία;2024-07-09;Bronze
207456;Ανδρέας;Δημητρίου;M;67;Θεσσαλονίκη;Κεντρική Μακεδονία;2025-02-17;Silver
207457;Χριστίνα;Πετρόπουλος;F;18;Βόλος;Θεσσαλία;2024-09-29;Bronze
207458;Χρήστος;Λαμπρόπουλος;M;68;Πάτρα;Δυτική Ελλάδα;2024-03-09;Silver
207459;Ιωάννα;Δημητρίου;F;55;Τρίκαλα;Θεσσαλία;2024-01-02;Silver
207460;Κώστας;Καραγιάννης;M;63;Θεσσαλονίκη;Κεντρική Μακεδονία;2024-02-02;Platinum
207461;Άννα;Νικολάου;F;39;Καβάλα;Ανατολική Μακεδονία & Θράκη;2025-01-09;Silver
207462;Νίκος;Σταματίου;M;33;Αθήνα;Αττική;2024-07-26;Gold
207463;Ανδρέας;Καρράς;M;63;Λάρισα;Θεσσαλία;2024-07-28;Platinum
207464;Μιχάλης;Νικολάου;M;67;Θεσσαλονίκη;Κεντρική Μακεδονία;2024-02-28;Silver
207465;Χριστίνα;Αλεξίου;F;67;Θεσσαλονίκη;Κεντρική Μακεδονία;2024-03-13;Silver
207466;Ιωάννα;Παπαδόπουλος;F;59;Θεσσαλονίκη;Κεντρική Μακεδονία;2025-08-02;Silver
207467;Ανδρέας;Παπαδόπουλος;M;61;Βόλος;Θεσσαλία;2024-11-04;Gold
207468;Γεωργία;Αλεξίου;F;24;Χανιά;Κρήτη;2024-04-19;Bronze
207469;Κώστας;Ιωαννίδης;M;36;Καβάλα;Ανατολική Μακεδονία & Θράκη;2024-01-04;Platinum
207470;Άννα;Κωνσταντίνου;F;70;Θεσσαλονίκη;Κεντρική Μακεδονία;2024-08-29;Bronze
207471;Ανδρέας;Κωνσταντίνου;M;62;Αθήνα;Αττική;2025-04-05;Gold
207472;Σοφία;Καραγιάννης;F;25;Σέρρες;Κεντρική Μακεδονία;2025-07-23;Gold
207473;Κατερίνα;Χατζής;F;35;Ηράκλειο;Κρήτη;2025-02-22;Silver
207474;Δημήτρης;Δημητρίου;M;36;Βόλος;Θεσσαλία;2024-08-27;Gold
207475;Αγγελική;Παπαδόπουλος;F;67;Καβάλα;Ανατολική Μακεδονία & Θράκη;2024-05-16;Gold
207476;Αγγελική;Κωνσταντίνου;F;64;Βόλος;Θεσσαλία;2025-11-13;Platinum
207477;Δήμητρα;Λαμπρόπουλος;F;37;Αθήνα;Αττική;2024-06-30;Bronze
207478;Ιωάννα;Μιχαηλίδης;F;61;Αθήνα;Αττική;2024-05-12;Bronze
207479;Χρήστος;Καρράς;M;49;Πάτρα;Δυτική Ελλάδα;2024-12-09;Bronze
207480;Παναγιώτης;Κωνσταντίνου;M;35;Βόλος;Θεσσαλία;2024-05-05;Silver
207481;Χρήστος;Σπυρόπουλος;M;49;Λάρισα;Θεσσαλία;2025-10-18;Bronze
207482;Βασίλης;Αλεξίου;M;18;Ιωάννινα;Ήπειρος;2024-08-01;Silver
207483;Άννα;Καραγιάννης;F;24;Αθήνα;Αττική;2025-11-30;Silver
207484;Κατερίνα;Παπανικολάου;F;46;Τρίκαλα;Θεσσαλία;2024-12-20;Platinum
207485;Δημήτρης;Σπυρόπουλος;M;33;Βόλος;Θεσσαλία;2024-08-03;Silver
207486;Κατερίνα;Αναστασίου;F;51;Ιωάννινα;Ήπειρος;2025-06-16;Silver
207487;Κώστας;Σταματίου;M;39;Ηράκλειο;Κρήτη;2024-12-10;Bronze
207488;Μιχάλης;Σπυρόπουλος;M;34;Σέρρες;Κεντρική Μακεδονία;2025-02-09;Silver
207489;Δημήτρης;Βλάχος;M;51;Λάρισα;Θεσσαλία;2025-05-18;Gold
207490;Μιχάλης;Παπαδόπουλος;M;39;Χανιά;Κρήτη;2025-05-20;Gold
207491;Δήμητρα;Νικολάου;F;28;Πάτρα;Δυτική Ελλάδα;2024-03-25;Gold
207492;Γιώργος;Οικονόμου;M;64;Λάρισα;Θεσσαλία;2024-01-13;Silver
207493;Παναγιώτης;Νικολάου;M;21;Ηράκλειο;Κρήτη;2024-08-19;Silver
207494;Άννα;Λαμπρόπουλος;F;37;Βόλος;Θεσσαλία;2024-08-03;Bronze
207495;Γιώργος;Νικολάου;M;24;Βόλος;Θεσσαλία;2025-11-10;Silver
207496;Βασίλης;Αλεξίου;M;43;Ιωάννινα;Ήπειρος;2025-03-01;Silver
207497;Χρήστος;Παπανικολάου;M;50;Ιωάννινα;Ήπειρος;2025-09-29;Gold
207498;Θανάσης;Χατζής;M;48;Χανιά;Κρήτη;2025-12-12;Gold
207499;Δημήτρης;Αναστασίου;M;36;Βόλος;Θεσσαλία;2024-11-24;Bronze
207500;Θανάσης;Μιχαηλίδης;M;49;Καβάλα;Ανατολική Μακεδονία & Θράκη;2024-07-13;Silver
207501;Γεωργία;Αναστασίου;F;27;Χανιά;Κρήτη;2024-08-02;Bronze
207502;Ελένη;Μιχαηλίδης;F;44;Ιωάννινα;Ήπειρος;2024-08-23;Bronze
207503;Κατερίνα;Ζαχαρίου;F;69;Αθήνα;Αττική;2025-09-09;Bronze
207504;Σοφία;Γεωργίου;F;42;Χανιά;Κρήτη;2024-06-25;Bronze
207505;Ιωάννα;Παπαδόπουλος;F;66;Βόλος;Θεσσαλία;2025-11-24;Platinum
207506;Νίκος;Κωνσταντίνου;M;20;Ιωάννινα;Ήπειρος;2025-01-15;Silver
207507;Χριστίνα;Ιωαννίδης;F;24;Πάτρα;Δυτική Ελλάδα;2025-03-10;Silver
207508;Γεωργία;Παπαδόπουλος;F;47;Βόλος;Θεσσαλία;2024-08-19;Bronze
207509;Βασίλης;Βλάχος;M;34;Βόλος;Θεσσαλία;2025-02-27;Bronze
207510;Δημήτρης;Αναστασίου;M;60;Ρόδος;Νότιο Αιγαίο;2024-11-29;Bronze
207511;Ελένη;Παπανικολάου;F;62;Χανιά;Κρήτη;2024-06-06;Bronze
207512;Γιώργος;Πετρόπουλος;M;70;Λάρισα;Θεσσαλία;2025-05-13;Bronze
207513;Γεωργία;Καρράς;F;46;Ιωάννινα;Ήπειρος;2025-01-07;Silver
207514;Ελένη;Σταματίου;F;35;Ρόδος;Νότιο Αιγαίο;2025-07-15;Silver
207515;Παναγιώτης;Κωνσταντίνου;M;24;Λάρισα;Θεσσαλία;2025-01-26;Silver
207516;Γεωργία;Αλεξίου;F;50;Ρόδος;Νότιο Αιγαίο;2024-06-02;Bronze
207517;Θανάσης;Γεωργίου;M;69;Λάρισα;Θεσσαλία;2025-10-20;Silver
207518;Άννα;Παπανικολάου;F;58;Σέρρες;Κεντρική Μακεδονία;2025-11-04;Bronze
207519;Βασίλης;Βλάχος;M;23;Τρίκαλα;Θεσσαλία;2024-03-23;Silver
207520;Ιωάννα;Κωνσταντίνου;F;70;Λάρισα;Θεσσαλία;2025-04-03;Silver
207521;Αγγελική;Σπυρόπουλος;F;30;Πάτρα;Δυτική Ελλάδα;2024-01-04;Silver
207522;Νίκος;Μιχαηλίδης;M;57;Λάρισα;Θεσσαλία;2024-09-14;Gold
207523;Χρήστος;Πετρόπουλος;M;49;Σέρρες;Κεντρική Μακεδονία;2024-03-25;Silver
207524;Μαρία;Γεωργίου;F;39;Ηράκλειο;Κρήτη;2025-08-08;Silver
207525;Σοφία;Παπαδόπουλος;F;40;Λάρισα;Θεσσαλία;2024-03-20;Silver
207526;Γεωργία;Λαμπρόπουλος;F;58;Βόλος;Θεσσαλία;2025-11-03;Gold
207527;Μιχάλης;Αναστασίου;M;28;Ιωάννινα;Ήπειρος;2024-03-22;Bronze
207528;Μιχάλης;Αναστασίου;M;19;Λάρισα;Θεσσαλία;2025-01-01;Bronze
207529;Κώστας;Ζαχαρίου;M;61;Βόλος;Θεσσαλία;2025-05-28;Silver
207530;Μιχάλης;Παπαδόπουλος;M;53;Θεσσαλονίκη;Κεντρική Μακεδονία;2024-02-20;Silver
207531;Ιωάννα;Κωνσταντίνου;F;32;Θεσσαλονίκη;Κεντρική Μακεδονία;2025-07-23;Silver
207532;Γιώργος;Παπαδόπουλος;M;37;Σέρρες;Κεντρική Μακεδονία;2025-08-19;Gold
207533;Χριστίνα;Οικονόμου;F;71;Θεσσαλονίκη;Κεντρική Μακεδονία;2024-06-03;Silver
207534;Σοφία;Χατζής;F;54;Τρίκαλα;Θεσσαλία;2025-10-17;Silver
207535;Χρήστος;Βλάχος;M;24;Σέρρες;Κεντρική Μακεδονία;2024-12-08;Bronze
207536;Γιώργος;Λαμπρόπουλος;M;45;Ιωάννινα;Ήπειρος;2025-03-28;Gold
207537;Κατερίνα;Χατζής;F;40;Σέρρες;Κεντρική Μακεδονία;2025-04-04;Silver
207538;Ανδρέας;Κωνσταντίνου;M;60;Αθήνα;Αττική;2025-01-31;Bronze
207539;Δημήτρης;Ιωαννίδης;M;54;Χανιά;Κρήτη;2024-10-13;Gold
207540;Χριστίνα;Πετρόπουλος;F;60;Θεσσαλονίκη;Κεντρική Μακεδονία;2025-07-04;Silver
207541;Σοφία;Ζαχαρίου;F;62;Λάρισα;Θεσσαλία;2024-03-18;Platinum
207542;Κώστας;Βλάχος;M;36;Ρόδος;Νότιο Αιγαίο;2025-01-23;Bronze
207543;Μιχάλης;Οικονόμου;M;63;Ιωάννινα;Ήπειρος;2024-05-29;Silver
207544;Ανδρέας;Νικολάου;M;43;Λάρισα;Θεσσαλία;2025-12-30;Platinum
207545;Χρήστος;Δημητρίου;M;25;Ηράκλειο;Κρήτη;2025-06-14;Gold
207546;Μαρία;Παπανικολάου;F;48;Θεσσαλονίκη;Κεντρική Μακεδονία;2025-03-18;Bronze
207547;Ιωάννα;Ιωαννίδης;F;37;Χανιά;Κρήτη;2025-05-19;Platinum
207548;Θανάσης;Καρράς;M;34;Ιωάννινα;Ήπειρος;2024-04-30;Bronze
207549;Αγγελική;Βλάχος;F;69;Χανιά;Κρήτη;2025-10-07;Bronze
207550;Νίκος;Καρράς;M;69;Ιωάννινα;Ήπειρος;2025-05-30;Bronze
207551;Ιωάννα;Σπυρόπουλος;F;51;Ρόδος;Νότιο Αιγαίο;2024-12-06;Bronze
207552;Παναγιώτης;Πετρόπουλος;M;46;Βόλος;Θεσσαλία;2024-08-08;Silver
207553;Δημήτρης;Μιχαηλίδης;M;22;Ρόδος;Νότιο Αιγαίο;2025-08-07;Silver
207554;Χρήστος;Παπαδόπουλος;M;33;Χανιά;Κρήτη;2025-12-05;Silver
207555;Ανδρέας;Σπυρόπουλος;M;59;Λάρισα;Θεσσαλία;2024-05-15;Gold
207556;Χρήστος;Λαμπρόπουλος;M;30;Καβάλα;Ανατολική Μακεδονία & Θράκη;2025-06-21;Bronze
207557;Μιχάλης;Δημητρίου;M;47;Θεσσαλονίκη;Κεντρική Μακεδονία;2025-07-17;Bronze
207558;Μιχάλης;Αναστασίου;M;43;Θεσσαλονίκη;Κεντρική Μακεδονία;2025-12-07;Bronze
207559;Χριστίνα;Παπανικολάου;F;37;Βόλος;Θεσσαλία;2025-01-21;Bronze
207560;Άννα;Μιχαηλίδης;F;65;Ηράκλειο;Κρήτη;2025-02-04;Bronze
207561;Δημήτρης;Πετρόπουλος;M;27;Σέρρες;Κεντρική Μακεδονία;2024-05-23;Gold
207562;Γιώργος;Αναστασίου;M;66;Πάτρα;Δυτική Ελλάδα;2024-04-09;Bronze
207563;Γεωργία;Χατζής;F;53;Πάτρα;Δυτική Ελλάδα;2024-02-01;Bronze
207564;Γεωργία;Αλεξίου;F;49;Τρίκαλα;Θεσσαλία;2024-02-17;Gold
207565;Κώστας;Βλάχος;M;30;Βόλος;Θεσσαλία;2025-04-03;Gold
207566;Μιχάλης;Καραγιάννης;M;63;Τρίκαλα;Θεσσαλία;2024-12-21;Silver
207567;Κώστας;Πετρόπουλος;M;26;Ρόδος;Νότιο Αιγαίο;2025-11-27;Silver
207568;Γιώργος;Δημητρίου;M;32;Ηράκλειο;Κρήτη;2025-03-30;Bronze
207569;Δήμητρα;Καραγιάννης;F;35;Τρίκαλα;Θεσσαλία;2024-01-08;Silver
207570;Μαρία;Καραγιάννης;F;63;Λάρισα;Θεσσαλία;2025-09-08;Silver
207571;Δημήτρης;Πετρόπουλος;M;27;Χανιά;Κρήτη;2024-05-17;Bronze
207572;Γεωργία;Καρράς;F;65;Λάρισα;Θεσσαλία;2025-09-30;Bronze
207573;Χρήστος;Λαμπρόπουλος;M;32;Θεσσαλονίκη;Κεντρική Μακεδονία;2024-09-01;Silver
207574;Δημήτρης;Βλάχος;M;53;Ηράκλειο;Κρήτη;2024-08-28;Gold
207575;Άννα;Μιχαηλίδης;F;22;Λάρισα;Θεσσαλία;2024-03-04;Bronze
207576;Ελένη;Πετρόπουλος;F;36;Βόλος;Θεσσαλία;2025-03-06;Bronze
207577;Αγγελική;Γεωργίου;F;50;Θεσσαλονίκη;Κεντρική Μακεδονία;2025-10-22;Bronze
207578;Γεωργία;Πετρόπουλος;F;36;Σέρρες;Κεντρική Μακεδονία;2024-06-03;Gold
207579;Κώστας;Βλάχος;M;22;Τρίκαλα;Θεσσαλία;2025-09-27;Silver
207580;Αγγελική;Χατζής;F;31;Σέρρες;Κεντρική Μακεδονία;2025-10-27;Bronze
207581;Γιώργος;Λαμπρόπουλος;M;56;Χανιά;Κρήτη;2025-12-05;Bronze
207582;Μιχάλης;Σταματίου;M;32;Πάτρα;Δυτική Ελλάδα;2024-05-25;Silver
207583;Σοφία;Σπυρόπουλος;F;51;Ηράκλειο;Κρήτη;2024-02-05;Bronze
207584;Σοφία;Γεωργίου;F;18;Χανιά;Κρήτη;2025-07-02;Bronze
207585;Σοφία;Νικολάου;F;39;Ηράκλειο;Κρήτη;2025-05-12;Bronze
207586;Γεωργία;Αναστασίου;F;23;Καβάλα;Ανατολική Μακεδονία & Θράκη;2025-05-28;Bronze
207587;Ιωάννα;Καραγιάννης;F;20;Πάτρα;Δυτική Ελλάδα;2024-08-08;Silver
207588;Νίκος;Οικονόμου;M;56;Θεσσαλονίκη;Κεντρική Μακεδονία;2025-01-18;Bronze
207589;Θανάσης;Δημητρίου;M;18;Λάρισα;Θεσσαλία;2025-10-18;Bronze
207590;Γεωργία;Σταματίου;F;33;Λάρισα;Θεσσαλία;2024-04-02;Bronze
207591;Παναγιώτης;Νικολάου;M;40;Αθήνα;Αττική;2024-11-25;Silver
207592;Άννα;Γεωργίου;F;21;Ιωάννινα;Ήπειρος;2024-06-10;Bronze
207593;Σοφία;Δημητρίου;F;53;Καβάλα;Ανατολική Μακεδονία & Θράκη;2025-04-24;Gold
207594;Ελένη;Καραγιάννης;F;45;Σέρρες;Κεντρική Μακεδονία;2025-06-30;Bronze
207595;Θανάσης;Καρράς;M;26;Τρίκαλα;Θεσσαλία;2024-01-21;Bronze
207596;Δήμητρα;Λαμπρόπουλος;F;58;Θεσσαλονίκη;Κεντρική Μακεδονία;2024-02-29;Platinum
207597;Ελένη;Οικονόμου;F;64;Αθήνα;Αττική;2025-06-23;Silver
207598;Ανδρέας;Χατζής;M;58;Πάτρα;Δυτική Ελλάδα;2024-08-04;Bronze
207599;Ελένη;Γεωργίου;F;48;Ιωάννινα;Ήπειρος;2025-07-24;Bronze
207600;Ελένη;Παπανικολάου;F;27;Χανιά;Κρήτη;2025-06-10;Bronze
207601;Παναγιώτης;Πετρόπουλος;M;44;Αθήνα;Αττική;2025-01-08;Bronze
207602;Ανδρέας;Οικονόμου;M;50;Λάρισα;Θεσσαλία;2025-10-20;Silver
207603;Ελένη;Καραγιάννης;F;65;Αθήνα;Αττική;2024-09-22;Bronze
207604;Παναγιώτης;Καραγιάννης;M;31;Αθήνα;Αττική;2025-06-20;Gold
207605;Δήμητρα;Νικολάου;F;42;Ηράκλειο;Κρήτη;2024-06-13;Bronze
207606;Σοφία;Γεωργίου;F;32;Ηράκλειο;Κρήτη;2025-11-26;Bronze
207607;Κώστας;Δημητρίου;M;21;Ηράκλειο;Κρήτη;2025-05-06;Silver
207608;Γιώργος;Νικολάου;M;33;Ηράκλειο;Κρήτη;2024-11-21;Silver
207609;Ανδρέας;Παπαδόπουλος;M;45;Πάτρα;Δυτική Ελλάδα;2025-04-24;Bronze
207610;Ανδρέας;Καραγιάννης;M;21;Χανιά;Κρήτη;2025-06-27;Bronze
207611;Μαρία;Κωνσταντίνου;F;24;Ιωάννινα;Ήπειρος;2024-04-12;Bronze
207612;Σοφία;Βλάχος;F;69;Τρίκαλα;Θεσσαλία;2024-11-07;Silver
207613;Βασίλης;Χατζής;M;27;Λάρισα;Θεσσαλία;2024-12-20;Silver
207614;Σοφία;Καρράς;F;58;Λάρισα;Θεσσαλία;2024-08-26;Bronze
207615;Γιώργος;Κωνσταντίνου;M;70;Αθήνα;Αττική;2024-08-10;Gold
207616;Ανδρέας;Λαμπρόπουλος;M;67;Θεσσαλονίκη;Κεντρική Μακεδονία;2025-05-27;Bronze
207617;Άννα;Παπανικολάου;F;18;Ιωάννινα;Ήπειρος;2024-05-08;Silver
207618;Αγγελική;Οικονόμου;F;64;Τρίκαλα;Θεσσαλία;2025-09-02;Gold
207619;Γεωργία;Δημητρίου;F;54;Σέρρες;Κεντρική Μακεδονία;2024-09-14;Gold
207620;Άννα;Βλάχος;F;31;Θεσσαλονίκη;Κεντρική Μακεδονία;2024-06-29;Gold
207621;Βασίλης;Μιχαηλίδης;M;65;Βόλος;Θεσσαλία;2024-12-10;Bronze
207622;Μαρία;Σταματίου;F;26;Αθήνα;Αττική;2025-10-15;Silver
207623;Άννα;Λαμπρόπουλος;F;63;Λάρισα;Θεσσαλία;2025-05-22;Platinum
207624;Μιχάλης;Πετρόπουλος;M;41;Θεσσαλονίκη;Κεντρική Μακεδονία;2024-08-05;Gold
207625;Χριστίνα;Παπανικολάου;F;22;Χανιά;Κρήτη;2024-07-12;Silver
207626;Παναγιώτης;Καρράς;M;25;Σέρρες;Κεντρική Μακεδονία;2024-06-20;Bronze
207627;Μαρία;Σπυρόπουλος;F;55;Χανιά;Κρήτη;2024-08-19;Bronze
207628;Μιχάλης;Σπυρόπουλος;M;68;Θεσσαλονίκη;Κεντρική Μακεδονία;2025-12-04;Silver
207629;Νίκος;Παπαδόπουλος;M;53;Τρίκαλα;Θεσσαλία;2024-08-13;Gold
207630;Άννα;Αναστασίου;F;71;Ρόδος;Νότιο Αιγαίο;2025-08-01;Bronze
207631;Νίκος;Ιωαννίδης;M;41;Ηράκλειο;Κρήτη;2025-10-28;Gold
207632;Δήμητρα;Αλεξίου;F;24;Καβάλα;Ανατολική Μακεδονία & Θράκη;2024-12-01;Bronze
207633;Ελένη;Σταματίου;F;60;Πάτρα;Δυτική Ελλάδα;2024-09-18;Platinum
207634;Γιώργος;Νικολάου;M;38;Ρόδος;Νότιο Αιγαίο;2024-07-21;Silver
207635;Αγγελική;Δημητρίου;F;52;Ηράκλειο;Κρήτη;2024-12-17;Bronze
207636;Κώστας;Νικολάου;M;53;Καβάλα;Ανατολική Μακεδονία & Θράκη;2024-09-30;Bronze
207637;Δήμητρα;Καραγιάννης;F;63;Χανιά;Κρήτη;2024-09-24;Gold
207638;Ανδρέας;Δημητρίου;M;58;Χανιά;Κρήτη;2025-11-20;Bronze
207639;Χρήστος;Αναστασίου;M;29;Θεσσαλονίκη;Κεντρική Μακεδονία;2025-10-13;Bronze
207640;Βασίλης;Ζαχαρίου;M;37;Θεσσαλονίκη;Κεντρική Μακεδονία;2025-01-31;Silver
207641;Σοφία;Καραγιάννης;F;47;Σέρρες;Κεντρική Μακεδονία;2025-08-28;Gold
207642;Γεωργία;Καρράς;F;57;Τρίκαλα;Θεσσαλία;2024-07-22;Silver
207643;Γιώργος;Ιωαννίδης;M;41;Θεσσαλονίκη;Κεντρική Μακεδονία;2025-01-10;Silver
207644;Μαρία;Κωνσταντίνου;F;70;Βόλος;Θεσσαλία;2024-07-12;Silver
207645;Γιώργος;Αναστασίου;M;32;Λάρισα;Θεσσαλία;2025-09-30;Bronze
207646;Ανδρέας;Χατζής;M;53;Χανιά;Κρήτη;2024-05-26;Silver
207647;Σοφία;Αναστασίου;F;32;Ηράκλειο;Κρήτη;2025-11-20;Silver
207648;Νίκος;Κωνσταντίνου;M;58;Αθήνα;Αττική;2024-05-26;Silver
207649;Γιώργος;Οικονόμου;M;52;Θεσσαλονίκη;Κεντρική Μακεδονία;2025-12-04;Gold
207650;Θανάσης;Δημητρίου;M;22;Θεσσαλονίκη;Κεντρική Μακεδονία;2025-10-20;Bronze
207651;Δήμητρα;Ιωαννίδης;F;54;Καβάλα;Ανατολική Μακεδονία & Θράκη;2025-07-04;Gold
207652;Νίκος;Καρράς;M;31;Λάρισα;Θεσσαλία;2025-06-02;Bronze
207653;Άννα;Οικονόμου;F;39;Ηράκλειο;Κρήτη;2024-11-04;Gold
207654;Δήμητρα;Ιωαννίδης;F;19;Χανιά;Κρήτη;2024-05-31;Gold
207655;Βασίλης;Λαμπρόπουλος;M;53;Θεσσαλονίκη;Κεντρική Μακεδονία;2025-02-07;Bronze
207656;Ελένη;Χατζής;F;38;Σέρρες;Κεντρική Μακεδονία;2025-06-11;Silver
207657;Μιχάλης;Βλάχος;M;68;Πάτρα;Δυτική Ελλάδα;2025-05-11;Bronze
207658;Άννα;Ιωαννίδης;F;39;Λάρισα;Θεσσαλία;2024-05-25;Silver
207659;Αγγελική;Καρράς;F;31;Σέρρες;Κεντρική Μακεδονία;2025-07-10;Bronze
207660;Δημήτρης;Σταματίου;M;30;Χανιά;Κρήτη;2024-08-16;Gold
207661;Μιχάλης;Οικονόμου;M;37;Ρόδος;Νότιο Αιγαίο;2024-09-24;Bronze
207662;Μιχάλης;Αναστασίου;M;19;Πάτρα;Δυτική Ελλάδα;2025-01-23;Bronze
207663;Γεωργία;Σταματίου;F;34;Βόλος;Θεσσαλία;2025-07-27;Gold
207664;Δημήτρης;Βλάχος;M;25;Αθήνα;Αττική;2025-06-03;Bronze
207665;Σοφία;Λαμπρόπουλος;F;64;Αθήνα;Αττική;2024-11-29;Silver
207666;Παναγιώτης;Βλάχος;M;60;Χανιά;Κρήτη;2025-06-18;Silver
207667;Άννα;Καραγιάννης;F;58;Λάρισα;Θεσσαλία;2025-08-15;Bronze
207668;Σοφία;Καραγιάννης;F;23;Χανιά;Κρήτη;2025-10-18;Gold
207669;Δημήτρης;Νικολάου;M;36;Αθήνα;Αττική;2025-02-20;Bronze
207670;Παναγιώτης;Καρράς;M;24;Ηράκλειο;Κρήτη;2024-08-09;Bronze
207671;Άννα;Βλάχος;F;48;Αθήνα;Αττική;2024-06-21;Gold
207672;Δήμητρα;Ιωαννίδης;F;66;Τρίκαλα;Θεσσαλία;2025-02-04;Bronze
207673;Παναγιώτης;Γεωργίου;M;72;Σέρρες;Κεντρική Μακεδονία;2024-12-27;Silver
207674;Ελένη;Λαμπρόπουλος;F;21;Τρίκαλα;Θεσσαλία;2025-04-05;Gold
207675;Κώστας;Αλεξίου;M;57;Ιωάννινα;Ήπειρος;2025-02-28;Bronze
207676;Ελένη;Κωνσταντίνου;F;24;Ρόδος;Νότιο Αιγαίο;2024-01-01;Silver
207677;Μιχάλης;Κωνσταντίνου;M;38;Σέρρες;Κεντρική Μακεδονία;2025-04-08;Bronze
207678;Δήμητρα;Χατζής;F;59;Ρόδος;Νότιο Αιγαίο;2024-06-02;Platinum
207679;Μιχάλης;Καρράς;M;30;Ηράκλειο;Κρήτη;2025-05-01;Gold
207680;Χρήστος;Αναστασίου;M;72;Ηράκλειο;Κρήτη;2025-01-17;Gold
207681;Μιχάλης;Γεωργίου;M;29;Θεσσαλονίκη;Κεντρική Μακεδονία;2024-10-26;Bronze
207682;Μιχάλης;Οικονόμου;M;59;Αθήνα;Αττική;2025-09-14;Platinum
207683;Γιώργος;Κωνσταντίνου;M;28;Χανιά;Κρήτη;2025-02-05;Bronze
207684;Νίκος;Οικονόμου;M;29;Ιωάννινα;Ήπειρος;2025-01-02;Silver
207685;Σοφία;Καραγιάννης;F;34;Σέρρες;Κεντρική Μακεδονία;2024-10-25;Silver
207686;Χριστίνα;Καραγιάννης;F;32;Βόλος;Θεσσαλία;2024-05-27;Bronze
207687;Βασίλης;Βλάχος;M;37;Αθήνα;Αττική;2024-06-19;Gold
207688;Σοφία;Παπαδόπουλος;F;57;Ηράκλειο;Κρήτη;2025-12-03;Silver
207689;Γεωργία;Μιχαηλίδης;F;35;Καβάλα;Ανατολική Μακεδονία & Θράκη;2025-09-05;Platinum
207690;Άννα;Πετρόπουλος;F;63;Βόλος;Θεσσαλία;2025-02-02;Bronze
207691;Ανδρέας;Αναστασίου;M;27;Τρίκαλα;Θεσσαλία;2025-03-02;Bronze
207692;Ιωάννα;Δημητρίου;F;51;Χανιά;Κρήτη;2025-09-09;Gold
207693;Χρήστος;Καραγιάννης;M;21;Θεσσαλονίκη;Κεντρική Μακεδονία;2024-08-01;Bronze
207694;Χρήστος;Μιχαηλίδης;M;46;Ηράκλειο;Κρήτη;2024-07-09;Gold
207695;Μιχάλης;Σπυρόπουλος;M;40;Ρόδος;Νότιο Αιγαίο;2024-10-10;Gold
207696;Σοφία;Καραγιάννης;F;48;Τρίκαλα;Θεσσαλία;2024-07-01;Bronze
207697;Δήμητρα;Βλάχος;F;32;Καβάλα;Ανατολική Μακεδονία & Θράκη;2025-01-31;Silver
207698;Γεωργία;Γεωργίου;F;62;Ιωάννινα;Ήπειρος;2024-05-20;Silver
207699;Παναγιώτης;Βλάχος;M;54;Ιωάννινα;Ήπειρος;2025-11-05;Gold
207700;Άννα;Οικονόμου;F;20;Καβάλα;Ανατολική Μακεδονία & Θράκη;2025-08-26;Silver
207701;Δημήτρης;Αλεξίου;M;58;Τρίκαλα;Θεσσαλία;2025-07-22;Silver
207702;Μιχάλης;Ζαχαρίου;M;49;Ηράκλειο;Κρήτη;2025-11-11;Silver
207703;Άννα;Πετρόπουλος;F;29;Θεσσαλονίκη;Κεντρική Μακεδονία;2024-04-21;Silver
207704;Αγγελική;Γεωργίου;F;65;Ιωάννινα;Ήπειρος;2024-05-25;Bronze
207705;Ιωάννα;Βλάχος;F;39;Τρίκαλα;Θεσσαλία;2025-11-19;Bronze
207706;Ανδρέας;Πετρόπουλος;M;47;Ηράκλειο;Κρήτη;2024-11-02;Bronze
207707;Αγγελική;Παπανικολάου;F;69;Αθήνα;Αττική;2024-02-07;Silver
207708;Γεωργία;Κωνσταντίνου;F;47;Σέρρες;Κεντρική Μακεδονία;2025-08-29;Bronze
207709;Χρήστος;Γεωργίου;M;42;Ιωάννινα;Ήπειρος;2024-06-06;Gold
207710;Βασίλης;Σπυρόπουλος;M;54;Πάτρα;Δυτική Ελλάδα;2025-08-06;Bronze
207711;Άννα;Καρράς;F;64;Τρίκαλα;Θεσσαλία;2025-05-16;Silver
207712;Άννα;Πετρόπουλος;F;42;Ιωάννινα;Ήπειρος;2024-08-23;Gold
207713;Μιχάλης;Βλάχος;M;43;Αθήνα;Αττική;2024-01-19;Gold
207714;Δήμητρα;Ιωαννίδης;F;18;Λάρισα;Θεσσαλία;2024-01-10;Silver
207715;Ελένη;Αλεξίου;F;50;Ηράκλειο;Κρήτη;2025-05-27;Silver
207716;Νίκος;Σπυρόπουλος;M;38;Πάτρα;Δυτική Ελλάδα;2025-07-11;Silver
207717;Μιχάλης;Πετρόπουλος;M;18;Καβάλα;Ανατολική Μακεδονία & Θράκη;2025-05-09;Gold
207718;Ελένη;Ζαχαρίου;F;29;Βόλος;Θεσσαλία;2025-02-28;Silver
207719;Χριστίνα;Κωνσταντίνου;F;20;Πάτρα;Δυτική Ελλάδα;2025-07-19;Silver
207720;Βασίλης;Παπαδόπουλος;M;27;Πάτρα;Δυτική Ελλάδα;2024-07-02;Silver
207721;Χριστίνα;Καρράς;F;23;Τρίκαλα;Θεσσαλία;2025-02-27;Bronze
207722;Δήμητρα;Λαμπρόπουλος;F;45;Ιωάννινα;Ήπειρος;2025-02-23;Platinum
207723;Δήμητρα;Καραγιάννης;F;70;Αθήνα;Αττική;2024-11-01;Gold
207724;Δημήτρης;Χατζής;M;29;Ηράκλειο;Κρήτη;2025-11-20;Silver
207725;Μαρία;Πετρόπουλος;F;54;Τρίκαλα;Θεσσαλία;2024-05-01;Bronze
207726;Γεωργία;Δημητρίου;F;47;Ιωάννινα;Ήπειρος;2024-09-17;Silver
207727;Ιωάννα;Σπυρόπουλος;F;36;Πάτρα;Δυτική Ελλάδα;2025-03-30;Bronze
207728;Γεωργία;Λαμπρόπουλος;F;34;Αθήνα;Αττική;2025-11-26;Silver
207729;Μαρία;Παπανικολάου;F;37;Καβάλα;Ανατολική Μακεδονία & Θράκη;2024-06-07;Bronze
207730;Χρήστος;Κωνσταντίνου;M;72;Ιωάννινα;Ήπειρος;2025-12-05;Bronze
207731;Θανάσης;Καρράς;M;47;Τρίκαλα;Θεσσαλία;2025-08-31;Gold
207732;Ελένη;Ζαχαρίου;F;56;Θεσσαλονίκη;Κεντρική Μακεδονία;2025-12-19;Bronze
207733;Μιχάλης;Βλάχος;M;63;Θεσσαλονίκη;Κεντρική Μακεδονία;2024-02-17;Bronze
207734;Μιχάλης;Χατζής;M;48;Καβάλα;Ανατολική Μακεδονία & Θράκη;2025-02-15;Bronze
207735;Γιώργος;Σταματίου;M;28;Αθήνα;Αττική;2024-01-26;Silver
207736;Χρήστος;Αναστασίου;M;67;Πάτρα;Δυτική Ελλάδα;2024-08-10;Silver
207737;Δημήτρης;Παπανικολάου;M;38;Πάτρα;Δυτική Ελλάδα;2024-05-24;Bronze
207738;Ελένη;Σταματίου;F;34;Βόλος;Θεσσαλία;2025-11-01;Silver
207739;Νίκος;Νικολάου;M;65;Αθήνα;Αττική;2024-06-22;Bronze
207740;Θανάσης;Κωνσταντίνου;M;24;Θεσσαλονίκη;Κεντρική Μακεδονία;2024-07-12;Silver
207741;Δήμητρα;Κωνσταντίνου;F;40;Πάτρα;Δυτική Ελλάδα;2024-12-03;Silver
207742;Μιχάλης;Μιχαηλίδης;M;38;Ιωάννινα;Ήπειρος;2025-09-20;Silver
207743;Σοφία;Πετρόπουλος;F;38;Αθήνα;Αττική;2025-09-05;Silver
207744;Χρήστος;Νικολάου;M;50;Ρόδος;Νότιο Αιγαίο;2025-05-08;Bronze
207745;Κατερίνα;Οικονόμου;F;64;Σέρρες;Κεντρική Μακεδονία;2024-07-15;Silver
207746;Παναγιώτης;Αλεξίου;M;72;Αθήνα;Αττική;2025-02-19;Bronze
207747;Κώστας;Ζαχαρίου;M;50;Βόλος;Θεσσαλία;2025-06-25;Silver
207748;Ιωάννα;Οικονόμου;F;56;Σέρρες;Κεντρική Μακεδονία;2025-08-19;Gold
207749;Χρήστος;Πετρόπουλος;M;54;Τρίκαλα;Θεσσαλία;2025-07-14;Bronze
207750;Δημήτρης;Καραγιάννης;M;22;Αθήνα;Αττική;2024-09-21;Bronze
207751;Μιχάλης;Γεωργίου;M;60;Θεσσαλονίκη;Κεντρική Μακεδονία;2024-08-16;Silver
207752;Χριστίνα;Λαμπρόπουλος;F;57;Αθήνα;Αττική;2025-01-29;Silver
207753;Αγγελική;Παπανικολάου;F;52;Αθήνα;Αττική;2024-07-12;Silver
207754;Μιχάλης;Καραγιάννης;M;57;Αθήνα;Αττική;2024-12-10;Bronze
207755;Δήμητρα;Δημητρίου;F;64;Τρίκαλα;Θεσσαλία;2025-06-03;Silver
207756;Άννα;Κωνσταντίνου;F;29;Ρόδος;Νότιο Αιγαίο;2025-04-07;Silver
207757;Δημήτρης;Χατζής;M;65;Καβάλα;Ανατολική Μακεδονία & Θράκη;2025-05-20;Bronze
207758;Γιώργος;Κωνσταντίνου;M;23;Λάρισα;Θεσσαλία;2025-11-14;Platinum
207759;Κώστας;Καρράς;M;64;Σέρρες;Κεντρική Μακεδονία;2025-10-22;Platinum
207760;Σοφία;Γεωργίου;F;68;Αθήνα;Αττική;2024-09-27;Gold
207761;Κώστας;Παπαδόπουλος;M;20;Τρίκαλα;Θεσσαλία;2025-11-30;Silver
207762;Δήμητρα;Λαμπρόπουλος;F;42;Πάτρα;Δυτική Ελλάδα;2025-12-14;Gold
207763;Δημήτρης;Κωνσταντίνου;M;53;Καβάλα;Ανατολική Μακεδονία & Θράκη;2025-06-20;Bronze
207764;Παναγιώτης;Σταματίου;M;23;Θεσσαλονίκη;Κεντρική Μακεδονία;2024-10-18;Bronze
207765;Χριστίνα;Σπυρόπουλος;F;38;Καβάλα;Ανατολική Μακεδονία & Θράκη;2024-08-12;Bronze
207766;Ελένη;Κωνσταντίνου;F;24;Βόλος;Θεσσαλία;2025-03-05;Bronze
207767;Νίκος;Σταματίου;M;35;Ηράκλειο;Κρήτη;2024-06-02;Bronze
207768;Γεωργία;Νικολάου;F;34;Καβάλα;Ανατολική Μακεδονία & Θράκη;2025-12-13;Silver
207769;Μιχάλης;Κωνσταντίνου;M;21;Ηράκλειο;Κρήτη;2024-12-01;Silver
207770;Γιώργος;Οικονόμου;M;67;Βόλος;Θεσσαλία;2025-01-27;Silver
207771;Ελένη;Σπυρόπουλος;F;27;Καβάλα;Ανατολική Μακεδονία & Θράκη;2024-08-03;Bronze
207772;Γεωργία;Καραγιάννης;F;69;Βόλος;Θεσσαλία;2024-09-26;Bronze
207773;Χρήστος;Αλεξίου;M;63;Τρίκαλα;Θεσσαλία;2024-01-06;Gold
207774;Ανδρέας;Οικονόμου;M;53;Σέρρες;Κεντρική Μακεδονία;2025-08-15;Bronze
207775;Γιώργος;Χατζής;M;27;Πάτρα;Δυτική Ελλάδα;2024-03-18;Gold
207776;Μιχάλης;Παπαδόπουλος;M;34;Σέρρες;Κεντρική Μακεδονία;2024-11-25;Gold
207777;Δημήτρης;Ζαχαρίου;M;44;Αθήνα;Αττική;2025-05-23;Bronze
207778;Άννα;Οικονόμου;F;44;Πάτρα;Δυτική Ελλάδα;2025-05-30;Silver
207779;Δήμητρα;Γεωργίου;F;26;Ρόδος;Νότιο Αιγαίο;2025-01-13;Gold
207780;Κατερίνα;Λαμπρόπουλος;F;64;Βόλος;Θεσσαλία;2024-12-07;Silver
207781;Γεωργία;Βλάχος;F;25;Ιωάννινα;Ήπειρος;2024-02-10;Silver
207782;Μιχάλης;Ζαχαρίου;M;45;Ηράκλειο;Κρήτη;2024-10-30;Silver
207783;Χριστίνα;Ιωαννίδης;F;64;Ιωάννινα;Ήπειρος;2024-04-07;Bronze
207784;Χρήστος;Πετρόπουλος;M;71;Βόλος;Θεσσαλία;2024-11-21;Gold
207785;Νίκος;Γεωργίου;M;20;Τρίκαλα;Θεσσαλία;2025-09-03;Gold
207786;Νίκος;Μιχαηλίδης;M;72;Θεσσαλονίκη;Κεντρική Μακεδονία;2024-12-08;Bronze
207787;Ιωάννα;Λαμπρόπουλος;F;61;Βόλος;Θεσσαλία;2025-09-20;Bronze
207788;Δημήτρης;Κωνσταντίνου;M;22;Θεσσαλονίκη;Κεντρική Μακεδονία;2024-05-13;Silver
207789;Γιώργος;Κωνσταντίνου;M;28;Ηράκλειο;Κρήτη;2025-07-18;Silver
207790;Κατερίνα;Κωνσταντίνου;F;46;Ρόδος;Νότιο Αιγαίο;2025-02-13;Bronze
207791;Σοφία;Ιωαννίδης;F;20;Χανιά;Κρήτη;2024-11-27;Bronze
207792;Γεωργία;Ζαχαρίου;F;72;Σέρρες;Κεντρική Μακεδονία;2025-12-12;Gold
207793;Γεωργία;Οικονόμου;F;37;Ηράκλειο;Κρήτη;2025-08-16;Gold
207794;Αγγελική;Ζαχαρίου;F;52;Ρόδος;Νότιο Αιγαίο;2025-08-15;Silver
207795;Σοφία;Παπαδόπουλος;F;43;Αθήνα;Αττική;2024-05-29;Gold
207796;Θανάσης;Ιωαννίδης;M;56;Λάρισα;Θεσσαλία;2024-02-19;Bronze
207797;Νίκος;Χατζής;M;51;Ρόδος;Νότιο Αιγαίο;2025-09-24;Bronze
207798;Μιχάλης;Σπυρόπουλος;M;49;Ηράκλειο;Κρήτη;2024-02-22;Silver
207799;Ανδρέας;Βλάχος;M;19;Πάτρα;Δυτική Ελλάδα;2025-08-16;Bronze
207800;Χρήστος;Σπυρόπουλος;M;46;Αθήνα;Αττική;2024-12-19;Bronze
207801;Γεωργία;Νικολάου;F;40;Ηράκλειο;Κρήτη;2025-07-07;Bronze
207802;Μιχάλης;Χατζής;M;58;Θεσσαλονίκη;Κεντρική Μακεδονία;2024-08-17;Bronze
207803;Δημήτρης;Νικολάου;M;62;Βόλος;Θεσσαλία;2025-06-16;Gold
207804;Μαρία;Αναστασίου;F;66;Θεσσαλονίκη;Κεντρική Μακεδονία;2025-03-08;Bronze
207805;Κατερίνα;Νικολάου;F;24;Πάτρα;Δυτική Ελλάδα;2025-11-18;Gold
207806;Ανδρέας;Αναστασίου;M;59;Λάρισα;Θεσσαλία;2024-11-13;Silver
207807;Μαρία;Νικολάου;F;61;Λάρισα;Θεσσαλία;2025-02-21;Silver
207808;Νίκος;Μιχαηλίδης;M;71;Χανιά;Κρήτη;2024-04-05;Gold
207809;Ελένη;Βλάχος;F;48;Καβάλα;Ανατολική Μακεδονία & Θράκη;2025-11-25;Silver
207810;Άννα;Παπαδόπουλος;F;57;Σέρρες;Κεντρική Μακεδονία;2025-10-07;Bronze
207811;Παναγιώτης;Μιχαηλίδης;M;18;Καβάλα;Ανατολική Μακεδονία & Θράκη;2024-07-13;Gold
207812;Γιώργος;Αναστασίου;M;20;Ηράκλειο;Κρήτη;2025-10-12;Bronze
207813;Μαρία;Αναστασίου;F;37;Αθήνα;Αττική;2024-04-15;Bronze
207814;Αγγελική;Παπανικολάου;F;45;Τρίκαλα;Θεσσαλία;2025-10-17;Gold
207815;Παναγιώτης;Αλεξίου;M;43;Θεσσαλονίκη;Κεντρική Μακεδονία;2024-10-07;Bronze
207816;Νίκος;Σταματίου;M;56;Αθήνα;Αττική;2024-09-14;Bronze
207817;Βασίλης;Καρράς;M;52;Ιωάννινα;Ήπειρος;2025-03-14;Silver
207818;Χριστίνα;Αναστασίου;F;43;Ρόδος;Νότιο Αιγαίο;2025-05-28;Gold
207819;Χρήστος;Βλάχος;M;31;Πάτρα;Δυτική Ελλάδα;2024-02-05;Silver
207820;Χρήστος;Ζαχαρίου;M;71;Βόλος;Θεσσαλία;2024-07-14;Bronze
207821;Βασίλης;Καραγιάννης;M;70;Αθήνα;Αττική;2024-03-09;Gold
207822;Ελένη;Ζαχαρίου;F;48;Αθήνα;Αττική;2025-10-05;Silver
207823;Άννα;Πετρόπουλος;F;26;Λάρισα;Θεσσαλία;2025-02-03;Silver
207824;Νίκος;Αναστασίου;M;62;Ιωάννινα;Ήπειρος;2024-10-13;Bronze
207825;Βασίλης;Ζαχαρίου;M;64;Πάτρα;Δυτική Ελλάδα;2024-08-31;Bronze
207826;Άννα;Πετρόπουλος;F;44;Ρόδος;Νότιο Αιγαίο;2025-03-18;Gold
207827;Ιωάννα;Καραγιάννης;F;31;Πάτρα;Δυτική Ελλάδα;2024-09-12;Silver
207828;Γεωργία;Σταματίου;F;56;Πάτρα;Δυτική Ελλάδα;2025-10-26;Bronze
207829;Κώστας;Αναστασίου;M;18;Ιωάννινα;Ήπειρος;2024-03-14;Silver
207830;Χριστίνα;Παπαδόπουλος;F;40;Ιωάννινα;Ήπειρος;2025-08-25;Gold
207831;Μιχάλης;Κωνσταντίνου;M;41;Αθήνα;Αττική;2025-01-10;Silver
207832;Γεωργία;Ιωαννίδης;F;60;Χανιά;Κρήτη;2024-06-20;Bronze
207833;Γεωργία;Γεωργίου;F;30;Λάρισα;Θεσσαλία;2024-08-15;Silver
207834;Κώστας;Παπανικολάου;M;53;Αθήνα;Αττική;2024-07-08;Bronze
207835;Κατερίνα;Δημητρίου;F;56;Καβάλα;Ανατολική Μακεδονία & Θράκη;2024-10-03;Silver
207836;Παναγιώτης;Αναστασίου;M;21;Λάρισα;Θεσσαλία;2024-05-30;Bronze
207837;Κατερίνα;Καρράς;F;38;Ιωάννινα;Ήπειρος;2024-06-07;Bronze
207838;Μαρία;Κωνσταντίνου;F;43;Λάρισα;Θεσσαλία;2024-09-09;Bronze
207839;Μιχάλης;Σταματίου;M;37;Καβάλα;Ανατολική Μακεδονία & Θράκη;2025-02-06;Gold
207840;Ανδρέας;Αλεξίου;M;22;Ηράκλειο;Κρήτη;2025-09-23;Silver
207841;Μιχάλης;Αναστασίου;M;48;Ιωάννινα;Ήπειρος;2025-01-23;Gold
207842;Μιχάλης;Καραγιάννης;M;64;Καβάλα;Ανατολική Μακεδονία & Θράκη;2024-07-08;Bronze
207843;Παναγιώτης;Σταματίου;M;48;Χανιά;Κρήτη;2024-11-15;Gold
207844;Κώστας;Λαμπρόπουλος;M;60;Καβάλα;Ανατολική Μακεδονία & Θράκη;2025-10-17;Bronze
207845;Κώστας;Ζαχαρίου;M;27;Ιωάννινα;Ήπειρος;2024-04-18;Bronze
207846;Ιωάννα;Πετρόπουλος;F;54;Ρόδος;Νότιο Αιγαίο;2024-10-20;Silver
207847;Θανάσης;Αναστασίου;M;62;Αθήνα;Αττική;2025-02-20;Silver
207848;Κώστας;Σπυρόπουλος;M;40;Ιωάννινα;Ήπειρος;2024-04-02;Silver
207849;Μαρία;Λαμπρόπουλος;F;45;Καβάλα;Ανατολική Μακεδονία & Θράκη;2024-07-11;Bronze
207850;Αγγελική;Κωνσταντίνου;F;51;Θεσσαλονίκη;Κεντρική Μακεδονία;2024-01-31;Bronze
207851;Παναγιώτης;Σπυρόπουλος;M;22;Ιωάννινα;Ήπειρος;2024-12-21;Gold
207852;Βασίλης;Καρράς;M;38;Θεσσαλονίκη;Κεντρική Μακεδονία;2024-07-05;Bronze
207853;Ελένη;Ιωαννίδης;F;68;Πάτρα;Δυτική Ελλάδα;2025-05-29;Bronze
207854;Αγγελική;Καρράς;F;66;Λάρισα;Θεσσαλία;2025-04-20;Gold
207855;Νίκος;Καρράς;M;55;Ιωάννινα;Ήπειρος;2024-05-21;Gold
207856;Δημήτρης;Αλεξίου;M;42;Πάτρα;Δυτική Ελλάδα;2025-05-18;Platinum
207857;Δήμητρα;Βλάχος;F;61;Χανιά;Κρήτη;2024-03-14;Bronze
207858;Αγγελική;Χατζής;F;39;Ιωάννινα;Ήπειρος;2025-12-07;Bronze
207859;Ανδρέας;Αναστασίου;M;32;Βόλος;Θεσσαλία;2025-10-27;Platinum
207860;Θανάσης;Παπαδόπουλος;M;37;Βόλος;Θεσσαλία;2025-07-12;Gold
207861;Άννα;Λαμπρόπουλος;F;40;Ρόδος;Νότιο Αιγαίο;2025-01-07;Bronze
207862;Ανδρέας;Οικονόμου;M;21;Λάρισα;Θεσσαλία;2024-11-19;Gold
207863;Χρήστος;Μιχαηλίδης;M;66;Ιωάννινα;Ήπειρος;2024-01-13;Bronze
207864;Θανάσης;Παπανικολάου;M;54;Πάτρα;Δυτική Ελλάδα;2025-10-18;Bronze
207865;Ανδρέας;Ζαχαρίου;M;58;Χανιά;Κρήτη;2024-09-09;Bronze
207866;Ιωάννα;Οικονόμου;F;28;Θεσσαλονίκη;Κεντρική Μακεδονία;2024-04-19;Bronze
207867;Χριστίνα;Οικονόμου;F;28;Χανιά;Κρήτη;2025-09-15;Silver
207868;Βασίλης;Δημητρίου;M;34;Ρόδος;Νότιο Αιγαίο;2025-06-02;Silver
207869;Χριστίνα;Χατζής;F;60;Θεσσαλονίκη;Κεντρική Μακεδονία;2025-12-31;Silver
207870;Ανδρέας;Κωνσταντίνου;M;61;Χανιά;Κρήτη;2025-12-16;Bronze
207871;Ελένη;Δημητρίου;F;38;Ηράκλειο;Κρήτη;2025-07-25;Bronze
207872;Χριστίνα;Αναστασίου;F;36;Ρόδος;Νότιο Αιγαίο;2024-07-20;Bronze
207873;Άννα;Οικονόμου;F;32;Λάρισα;Θεσσαλία;2025-10-20;Bronze
207874;Αγγελική;Κωνσταντίνου;F;69;Βόλος;Θεσσαλία;2025-02-09;Bronze
207875;Νίκος;Παπανικολάου;M;40;Ιωάννινα;Ήπειρος;2025-07-29;Silver
207876;Μαρία;Πετρόπουλος;F;42;Λάρισα;Θεσσαλία;2025-11-18;Bronze
207877;Αγγελική;Καραγιάννης;F;72;Ιωάννινα;Ήπειρος;2025-03-03;Bronze
207878;Μιχάλης;Λαμπρόπουλος;M;28;Σέρρες;Κεντρική Μακεδονία;2025-09-29;Bronze
207879;Παναγιώτης;Καραγιάννης;M;32;Αθήνα;Αττική;2025-04-08;Bronze
207880;Κώστας;Σπυρόπουλος;M;56;Καβάλα;Ανατολική Μακεδονία & Θράκη;2025-12-30;Silver
207881;Άννα;Παπαδόπουλος;F;25;Ρόδος;Νότιο Αιγαίο;2025-09-20;Bronze
207882;Χριστίνα;Ιωαννίδης;F;68;Πάτρα;Δυτική Ελλάδα;2024-04-18;Silver
207883;Χριστίνα;Παπανικολάου;F;53;Ρόδος;Νότιο Αιγαίο;2025-12-10;Silver
207884;Άννα;Λαμπρόπουλος;F;45;Χανιά;Κρήτη;2024-10-29;Gold
207885;Βασίλης;Παπαδόπουλος;M;60;Ιωάννινα;Ήπειρος;2025-06-19;Bronze
207886;Δήμητρα;Σπυρόπουλος;F;54;Βόλος;Θεσσαλία;2024-12-21;Platinum
207887;Άννα;Λαμπρόπουλος;F;22;Βόλος;Θεσσαλία;2025-10-10;Bronze
207888;Γεωργία;Πετρόπουλος;F;48;Σέρρες;Κεντρική Μακεδονία;2024-05-14;Silver
207889;Χριστίνα;Δημητρίου;F;30;Σέρρες;Κεντρική Μακεδονία;2024-01-22;Bronze
207890;Κώστας;Καραγιάννης;M;43;Ηράκλειο;Κρήτη;2025-09-01;Gold
207891;Γεωργία;Αναστασίου;F;67;Ρόδος;Νότιο Αιγαίο;2025-05-26;Bronze
207892;Χριστίνα;Ζαχαρίου;F;47;Σέρρες;Κεντρική Μακεδονία;2025-12-12;Bronze
207893;Σοφία;Καραγιάννης;F;24;Χανιά;Κρήτη;2024-03-23;Silver
207894;Δήμητρα;Βλάχος;F;35;Αθήνα;Αττική;2025-08-17;Bronze
207895;Δήμητρα;Γεωργίου;F;23;Καβάλα;Ανατολική Μακεδονία & Θράκη;2024-11-19;Bronze
207896;Παναγιώτης;Κωνσταντίνου;M;21;Ιωάννινα;Ήπειρος;2024-02-21;Bronze
207897;Θανάσης;Γεωργίου;M;42;Πάτρα;Δυτική Ελλάδα;2025-03-19;Silver
207898;Ιωάννα;Σταματίου;F;67;Καβάλα;Ανατολική Μακεδονία & Θράκη;2025-05-31;Silver
207899;Δημήτρης;Σταματίου;M;69;Πάτρα;Δυτική Ελλάδα;2025-01-23;Gold
207900;Άννα;Δημητρίου;F;54;Ιωάννινα;Ήπειρος;2025-06-13;Bronze
207901;Χρήστος;Χατζής;M;50;Θεσσαλονίκη;Κεντρική Μακεδονία;2024-05-09;Gold
207902;Χρήστος;Καραγιάννης;M;53;Τρίκαλα;Θεσσαλία;2025-09-21;Bronze
207903;Ιωάννα;Γεωργίου;F;41;Ιωάννινα;Ήπειρος;2025-08-21;Bronze
207904;Ιωάννα;Παπαδόπουλος;F;22;Πάτρα;Δυτική Ελλάδα;2025-09-25;Gold
207905;Θανάσης;Κωνσταντίνου;M;61;Βόλος;Θεσσαλία;2024-10-26;Bronze
207906;Σοφία;Μιχαηλίδης;F;19;Καβάλα;Ανατολική Μακεδονία & Θράκη;2025-12-03;Bronze
207907;Γιώργος;Καρράς;M;58;Τρίκαλα;Θεσσαλία;2025-11-25;Bronze
207908;Βασίλης;Παπανικολάου;M;30;Αθήνα;Αττική;2024-02-02;Bronze
207909;Ιωάννα;Ζαχαρίου;F;43;Χανιά;Κρήτη;2024-12-09;Silver
207910;Κώστας;Νικολάου;M;65;Αθήνα;Αττική;2024-01-19;Gold
207911;Γεωργία;Καραγιάννης;F;59;Καβάλα;Ανατολική Μακεδονία & Θράκη;2024-11-09;Silver
207912;Σοφία;Νικολάου;F;58;Αθήνα;Αττική;2024-03-25;Silver
207913;Δημήτρης;Αναστασίου;M;27;Αθήνα;Αττική;2025-01-22;Platinum
207914;Κατερίνα;Δημητρίου;F;49;Αθήνα;Αττική;2024-10-14;Gold
207915;Χριστίνα;Ζαχαρίου;F;48;Σέρρες;Κεντρική Μακεδονία;2024-01-29;Platinum
207916;Μιχάλης;Πετρόπουλος;M;42;Πάτρα;Δυτική Ελλάδα;2024-05-07;Bronze
207917;Ιωάννα;Γεωργίου;F;27;Ηράκλειο;Κρήτη;2024-02-11;Bronze
207918;Αγγελική;Βλάχος;F;43;Βόλος;Θεσσαλία;2025-09-10;Silver
207919;Νίκος;Καρράς;M;60;Ιωάννινα;Ήπειρος;2025-01-01;Silver
207920;Δημήτρης;Καρράς;M;69;Ιωάννινα;Ήπειρος;2025-12-20;Bronze
207921;Γιώργος;Λαμπρόπουλος;M;42;Θεσσαλονίκη;Κεντρική Μακεδονία;2025-12-02;Bronze
207922;Δημήτρης;Παπαδόπουλος;M;63;Τρίκαλα;Θεσσαλία;2025-01-07;Bronze
207923;Άννα;Πετρόπουλος;F;54;Λάρισα;Θεσσαλία;2025-05-11;Silver
207924;Αγγελική;Λαμπρόπουλος;F;22;Τρίκαλα;Θεσσαλία;2024-09-29;Bronze
207925;Παναγιώτης;Σπυρόπουλος;M;37;Αθήνα;Αττική;2025-04-24;Silver
207926;Άννα;Αναστασίου;F;37;Λάρισα;Θεσσαλία;2024-04-25;Silver
207927;Δήμητρα;Μιχαηλίδης;F;45;Ιωάννινα;Ήπειρος;2024-04-01;Gold
207928;Κατερίνα;Δημητρίου;F;32;Πάτρα;Δυτική Ελλάδα;2024-08-29;Silver
207929;Θανάσης;Ιωαννίδης;M;18;Θεσσαλονίκη;Κεντρική Μακεδονία;2025-11-22;Platinum
207930;Χριστίνα;Δημητρίου;F;20;Ηράκλειο;Κρήτη;2024-05-17;Gold
207931;Δήμητρα;Ζαχαρίου;F;63;Αθήνα;Αττική;2025-07-23;Silver
207932;Ιωάννα;Οικονόμου;F;62;Βόλος;Θεσσαλία;2025-11-05;Bronze
207933;Θανάσης;Βλάχος;M;72;Χανιά;Κρήτη;2025-07-02;Bronze
207934;Θανάσης;Παπαδόπουλος;M;35;Βόλος;Θεσσαλία;2025-10-03;Silver
207935;Ιωάννα;Σταματίου;F;56;Θεσσαλονίκη;Κεντρική Μακεδονία;2025-09-07;Platinum
207936;Παναγιώτης;Νικολάου;M;67;Αθήνα;Αττική;2024-03-30;Platinum
207937;Γεωργία;Οικονόμου;F;67;Βόλος;Θεσσαλία;2024-06-12;Silver
207938;Νίκος;Λαμπρόπουλος;M;46;Ιωάννινα;Ήπειρος;2024-12-25;Gold
207939;Κατερίνα;Σταματίου;F;35;Θεσσαλονίκη;Κεντρική Μακεδονία;2024-06-09;Silver
207940;Μαρία;Βλάχος;F;72;Χανιά;Κρήτη;2024-11-15;Bronze
207941;Θανάσης;Ιωαννίδης;M;69;Ρόδος;Νότιο Αιγαίο;2025-09-10;Silver
207942;Κώστας;Σταματίου;M;34;Ρόδος;Νότιο Αιγαίο;2024-07-01;Silver
207943;Σοφία;Κωνσταντίνου;F;19;Τρίκαλα;Θεσσαλία;2025-02-13;Bronze
207944;Ανδρέας;Χατζής;M;58;Πάτρα;Δυτική Ελλάδα;2025-12-11;Bronze
207945;Θανάσης;Καραγιάννης;M;70;Ιωάννινα;Ήπειρος;2025-12-18;Silver
207946;Ελένη;Λαμπρόπουλος;F;30;Τρίκαλα;Θεσσαλία;2025-07-28;Bronze
207947;Γεωργία;Γεωργίου;F;36;Ηράκλειο;Κρήτη;2024-06-29;Gold
207948;Μιχάλης;Σταματίου;M;35;Βόλος;Θεσσαλία;2025-01-21;Silver
207949;Ελένη;Ζαχαρίου;F;29;Αθήνα;Αττική;2025-06-23;Silver
207950;Ελένη;Σπυρόπουλος;F;50;Αθήνα;Αττική;2025-06-22;Silver
207951;Δημήτρης;Παπανικολάου;M;32;Χανιά;Κρήτη;2024-11-10;Bronze
207952;Κώστας;Κωνσταντίνου;M;27;Αθήνα;Αττική;2025-12-08;Platinum
207953;Μαρία;Βλάχος;F;45;Βόλος;Θεσσαλία;2025-08-05;Gold
207954;Ανδρέας;Καραγιάννης;M;19;Καβάλα;Ανατολική Μακεδονία & Θράκη;2024-07-10;Gold
207955;Γεωργία;Σταματίου;F;56;Αθήνα;Αττική;2025-12-17;Bronze
207956;Γεωργία;Πετρόπουλος;F;52;Θεσσαλονίκη;Κεντρική Μακεδονία;2024-03-12;Silver
207957;Νίκος;Βλάχος;M;48;Αθήνα;Αττική;2024-07-04;Silver
207958;Χρήστος;Καραγιάννης;M;23;Ιωάννινα;Ήπειρος;2025-12-07;Silver
207959;Μαρία;Νικολάου;F;27;Τρίκαλα;Θεσσαλία;2024-10-26;Bronze
207960;Χρήστος;Σταματίου;M;24;Αθήνα;Αττική;2025-07-01;Bronze
207961;Κώστας;Παπαδόπουλος;M;66;Ρόδος;Νότιο Αιγαίο;2024-03-29;Bronze
207962;Νίκος;Χατζής;M;33;Χανιά;Κρήτη;2024-09-18;Gold
207963;Άννα;Δημητρίου;F;61;Θεσσαλονίκη;Κεντρική Μακεδονία;2025-12-24;Gold
207964;Δημήτρης;Οικονόμου;M;48;Ηράκλειο;Κρήτη;2024-03-22;Bronze
207965;Κατερίνα;Χατζής;F;52;Χανιά;Κρήτη;2025-04-28;Gold
207966;Ιωάννα;Δημητρίου;F;31;Τρίκαλα;Θεσσαλία;2024-02-11;Bronze
207967;Βασίλης;Καραγιάννης;M;60;Ιωάννινα;Ήπειρος;2025-05-31;Gold
207968;Γιώργος;Καραγιάννης;M;70;Σέρρες;Κεντρική Μακεδονία;2025-04-14;Silver
207969;Κατερίνα;Σπυρόπουλος;F;47;Τρίκαλα;Θεσσαλία;2024-02-05;Silver
207970;Αγγελική;Ιωαννίδης;F;27;Βόλος;Θεσσαλία;2024-09-08;Gold
207971;Δημήτρης;Ζαχαρίου;M;38;Λάρισα;Θεσσαλία;2024-03-10;Bronze
207972;Σοφία;Κωνσταντίνου;F;52;Σέρρες;Κεντρική Μακεδονία;2025-10-21;Bronze
207973;Θανάσης;Ιωαννίδης;M;34;Λάρισα;Θεσσαλία;2024-06-23;Silver
207974;Παναγιώτης;Κωνσταντίνου;M;20;Πάτρα;Δυτική Ελλάδα;2025-01-16;Silver
207975;Δήμητρα;Δημητρίου;F;18;Χανιά;Κρήτη;2025-06-21;Silver
207976;Μιχάλης;Γεωργίου;M;18;Χανιά;Κρήτη;2025-11-11;Silver
207977;Άννα;Δημητρίου;F;39;Ρόδος;Νότιο Αιγαίο;2025-10-08;Gold
207978;Σοφία;Μιχαηλίδης;F;62;Αθήνα;Αττική;2025-07-26;Silver
207979;Ανδρέας;Κωνσταντίνου;M;49;Καβάλα;Ανατολική Μακεδονία & Θράκη;2025-05-25;Bronze
207980;Μιχάλης;Καρράς;M;52;Ηράκλειο;Κρήτη;2025-01-12;Bronze
207981;Ιωάννα;Ζαχαρίου;F;23;Τρίκαλα;Θεσσαλία;2024-04-24;Bronze
207982;Χρήστος;Νικολάου;M;25;Ρόδος;Νότιο Αιγαίο;2025-06-16;Silver
207983;Σοφία;Αναστασίου;F;44;Ρόδος;Νότιο Αιγαίο;2024-07-25;Bronze
207984;Ανδρέας;Δημητρίου;M;42;Λάρισα;Θεσσαλία;2025-09-22;Bronze
207985;Μιχάλης;Οικονόμου;M;58;Λάρισα;Θεσσαλία;2024-10-11;Bronze
207986;Σοφία;Χατζής;F;29;Ηράκλειο;Κρήτη;2024-01-26;Bronze
207987;Ελένη;Πετρόπουλος;F;18;Θεσσαλονίκη;Κεντρική Μακεδονία;2025-05-05;Silver
207988;Κατερίνα;Παπανικολάου;F;28;Λάρισα;Θεσσαλία;2025-02-22;Gold
207989;Ελένη;Πετρόπουλος;F;31;Αθήνα;Αττική;2025-01-26;Silver
207990;Ιωάννα;Αλεξίου;F;62;Ρόδος;Νότιο Αιγαίο;2024-01-26;Gold
207991;Δήμητρα;Αλεξίου;F;39;Χανιά;Κρήτη;2025-10-31;Silver
207992;Κώστας;Κωνσταντίνου;M;31;Βόλος;Θεσσαλία;2025-11-13;Silver
207993;Ελένη;Βλάχος;F;30;Ηράκλειο;Κρήτη;2024-03-11;Gold
207994;Γεωργία;Ιωαννίδης;F;35;Ηράκλειο;Κρήτη;2024-05-16;Bronze
207995;Χριστίνα;Χατζής;F;32;Βόλος;Θεσσαλία;2024-12-30;Bronze
207996;Αγγελική;Ζαχαρίου;F;68;Ηράκλειο;Κρήτη;2025-11-03;Gold
207997;Ιωάννα;Σταματίου;F;66;Αθήνα;Αττική;2024-11-11;Bronze
207998;Ελένη;Ζαχαρίου;F;50;Χανιά;Κρήτη;2025-11-26;Bronze
207999;Ελένη;Μιχαηλίδης;F;64;Ρόδος;Νότιο Αιγαίο;2025-03-11;Bronze
208000;Δήμητρα;Ιωαννίδης;F;64;Ηράκλειο;Κρήτη;2025-09-05;Gold
208001;Βασίλης;Κωνσταντίνου;M;19;Ηράκλειο;Κρήτη;2024-09-29;Silver
208002;Σοφία;Ιωαννίδης;F;62;Λάρισα;Θεσσαλία;2024-11-09;Bronze
208003;Αγγελική;Πετρόπουλος;F;55;Τρίκαλα;Θεσσαλία;2024-11-03;Bronze
208004;Κώστας;Ζαχαρίου;M;30;Ιωάννινα;Ήπειρος;2025-08-18;Bronze
208005;Νίκος;Γεωργίου;M;59;Σέρρες;Κεντρική Μακεδονία;2025-07-07;Silver
208006;Δημήτρης;Χατζής;M;52;Τρίκαλα;Θεσσαλία;2024-07-12;Silver
208007;Γιώργος;Παπαδόπουλος;M;69;Βόλος;Θεσσαλία;2025-03-14;Silver
208008;Ιωάννα;Σταματίου;F;60;Ηράκλειο;Κρήτη;2025-07-03;Bronze
208009;Χρήστος;Οικονόμου;M;22;Χανιά;Κρήτη;2025-03-15;Bronze
208010;Δημήτρης;Καρράς;M;61;Λάρισα;Θεσσαλία;2024-03-01;Silver
208011;Αγγελική;Οικονόμου;F;68;Βόλος;Θεσσαλία;2024-03-18;Silver
208012;Μαρία;Αναστασίου;F;59;Καβάλα;Ανατολική Μακεδονία & Θράκη;2025-05-14;Bronze
208013;Δημήτρης;Γεωργίου;M;50;Χανιά;Κρήτη;2024-11-05;Silver
208014;Ελένη;Μιχαηλίδης;F;32;Πάτρα;Δυτική Ελλάδα;2024-06-17;Platinum
208015;Δήμητρα;Καρράς;F;72;Ηράκλειο;Κρήτη;2024-08-23;Bronze
208016;Κώστας;Βλάχος;M;39;Πάτρα;Δυτική Ελλάδα;2024-04-04;Silver
208017;Νίκος;Γεωργίου;M;72;Χανιά;Κρήτη;2024-06-27;Platinum
208018;Δημήτρης;Παπαδόπουλος;M;70;Τρίκαλα;Θεσσαλία;2024-11-26;Bronze
208019;Μιχάλης;Δημητρίου;M;57;Αθήνα;Αττική;2024-12-26;Gold
208020;Παναγιώτης;Σπυρόπουλος;M;58;Ρόδος;Νότιο Αιγαίο;2025-03-05;Silver
208021;Χριστίνα;Νικολάου;F;33;Ηράκλειο;Κρήτη;2024-02-06;Silver
208022;Γεωργία;Σπυρόπουλος;F;43;Χανιά;Κρήτη;2025-06-23;Bronze
208023;Άννα;Κωνσταντίνου;F;68;Σέρρες;Κεντρική Μακεδονία;2025-01-29;Gold
208024;Δήμητρα;Ζαχαρίου;F;27;Ρόδος;Νότιο Αιγαίο;2024-11-27;Bronze
208025;Μιχάλης;Αλεξίου;M;33;Ηράκλειο;Κρήτη;2024-01-11;Bronze
208026;Παναγιώτης;Σπυρόπουλος;M;24;Ιωάννινα;Ήπειρος;2025-11-14;Bronze
208027;Δημήτρης;Αναστασίου;M;59;Πάτρα;Δυτική Ελλάδα;2025-01-09;Bronze
208028;Νίκος;Νικολάου;M;58;Χανιά;Κρήτη;2025-10-06;Gold
208029;Μαρία;Παπαδόπουλος;F;24;Θεσσαλονίκη;Κεντρική Μακεδονία;2024-05-19;Silver
208030;Γιώργος;Καραγιάννης;M;60;Τρίκαλα;Θεσσαλία;2025-05-29;Bronze
208031;Σοφία;Γεωργίου;F;37;Ιωάννινα;Ήπειρος;2024-12-22;Bronze
208032;Άννα;Σπυρόπουλος;F;20;Καβάλα;Ανατολική Μακεδονία & Θράκη;2024-02-08;Silver
208033;Μιχάλης;Αλεξίου;M;66;Καβάλα;Ανατολική Μακεδονία & Θράκη;2025-12-21;Bronze
208034;Άννα;Ιωαννίδης;F;33;Βόλος;Θεσσαλία;2024-12-25;Silver
208035;Κατερίνα;Νικολάου;F;27;Σέρρες;Κεντρική Μακεδονία;2025-07-02;Gold
208036;Ιωάννα;Μιχαηλίδης;F;42;Αθήνα;Αττική;2024-02-27;Silver
208037;Γεωργία;Παπαδόπουλος;F;54;Θεσσαλονίκη;Κεντρική Μακεδονία;2025-10-23;Bronze
208038;Θανάσης;Βλάχος;M;41;Χανιά;Κρήτη;2024-04-10;Bronze
208039;Ελένη;Λαμπρόπουλος;F;68;Βόλος;Θεσσαλία;2025-09-29;Gold
208040;Μαρία;Οικονόμου;F;37;Χανιά;Κρήτη;2025-09-11;Gold
208041;Χριστίνα;Παπαδόπουλος;F;53;Λάρισα;Θεσσαλία;2025-01-30;Silver
208042;Σοφία;Πετρόπουλος;F;72;Βόλος;Θεσσαλία;2025-01-21;Silver
208043;Ιωάννα;Ιωαννίδης;F;41;Ιωάννινα;Ήπειρος;2024-03-09;Bronze
208044;Μαρία;Οικονόμου;F;23;Τρίκαλα;Θεσσαλία;2024-12-01;Bronze
208045;Παναγιώτης;Παπαδόπουλος;M;58;Θεσσαλονίκη;Κεντρική Μακεδονία;2024-12-31;Bronze
208046;Κατερίνα;Χατζής;F;63;Λάρισα;Θεσσαλία;2024-06-23;Bronze
208047;Νίκος;Σπυρόπουλος;M;26;Πάτρα;Δυτική Ελλάδα;2024-02-13;Silver
208048;Παναγιώτης;Σταματίου;M;29;Αθήνα;Αττική;2025-06-14;Gold
208049;Ελένη;Πετρόπουλος;F;53;Σέρρες;Κεντρική Μακεδονία;2025-01-03;Silver
208050;Άννα;Αναστασίου;F;25;Σέρρες;Κεντρική Μακεδονία;2024-09-02;Platinum
208051;Δημήτρης;Οικονόμου;M;63;Τρίκαλα;Θεσσαλία;2025-04-12;Bronze
208052;Ελένη;Αλεξίου;F;42;Τρίκαλα;Θεσσαλία;2024-03-11;Silver
208053;Σοφία;Χατζής;F;49;Χανιά;Κρήτη;2025-08-29;Bronze
208054;Κατερίνα;Παπανικολάου;F;52;Βόλος;Θεσσαλία;2024-09-09;Gold
208055;Γεωργία;Χατζής;F;39;Θεσσαλονίκη;Κεντρική Μακεδονία;2024-11-18;Bronze
208056;Άννα;Καρράς;F;21;Λάρισα;Θεσσαλία;2024-09-02;Silver
208057;Παναγιώτης;Βλάχος;M;18;Χανιά;Κρήτη;2025-06-08;Bronze
208058;Μαρία;Καρράς;F;72;Λάρισα;Θεσσαλία;2025-10-27;Bronze
208059;Σοφία;Νικολάου;F;41;Τρίκαλα;Θεσσαλία;2025-12-07;Bronze
208060;Γεωργία;Αλεξίου;F;33;Καβάλα;Ανατολική Μακεδονία & Θράκη;2024-12-05;Silver
208061;Νίκος;Παπανικολάου;M;40;Αθήνα;Αττική;2025-06-25;Silver
208062;Άννα;Χατζής;F;39;Χανιά;Κρήτη;2024-10-22;Bronze
208063;Μαρία;Παπανικολάου;F;63;Σέρρες;Κεντρική Μακεδονία;2025-10-22;Bronze
208064;Δήμητρα;Βλάχος;F;48;Αθήνα;Αττική;2024-09-17;Silver
208065;Θανάσης;Λαμπρόπουλος;M;40;Ιωάννινα;Ήπειρος;2025-07-15;Bronze
208066;Μαρία;Ιωαννίδης;F;24;Χανιά;Κρήτη;2024-08-30;Bronze
208067;Κώστας;Σπυρόπουλος;M;41;Βόλος;Θεσσαλία;2024-09-25;Silver
208068;Νίκος;Κωνσταντίνου;M;29;Ρόδος;Νότιο Αιγαίο;2024-12-13;Bronze
208069;Χρήστος;Χατζής;M;33;Ιωάννινα;Ήπειρος;2025-07-10;Bronze
208070;Κώστας;Γεωργίου;M;25;Αθήνα;Αττική;2024-10-02;Bronze
208071;Παναγιώτης;Μιχαηλίδης;M;19;Ιωάννινα;Ήπειρος;2025-01-03;Bronze
208072;Γεωργία;Αλεξίου;F;19;Ρόδος;Νότιο Αιγαίο;2025-03-09;Bronze
208073;Άννα;Αναστασίου;F;56;Θεσσαλονίκη;Κεντρική Μακεδονία;2025-03-01;Bronze
208074;Ανδρέας;Παπανικολάου;M;49;Καβάλα;Ανατολική Μακεδονία & Θράκη;2024-07-13;Gold
208075;Παναγιώτης;Ιωαννίδης;M;39;Σέρρες;Κεντρική Μακεδονία;2024-10-29;Bronze
208076;Δημήτρης;Αλεξίου;M;23;Ρόδος;Νότιο Αιγαίο;2025-10-03;Platinum
208077;Νίκος;Νικολάου;M;61;Θεσσαλονίκη;Κεντρική Μακεδονία;2024-02-17;Silver
208078;Γιώργος;Αλεξίου;M;52;Καβάλα;Ανατολική Μακεδονία & Θράκη;2025-04-27;Bronze
208079;Γιώργος;Σπυρόπουλος;M;65;Καβάλα;Ανατολική Μακεδονία & Θράκη;2025-07-26;Silver
208080;Θανάσης;Μιχαηλίδης;M;53;Καβάλα;Ανατολική Μακεδονία & Θράκη;2024-01-12;Silver
208081;Χριστίνα;Καρράς;F;50;Σέρρες;Κεντρική Μακεδονία;2025-06-03;Bronze
208082;Δημήτρης;Δημητρίου;M;45;Βόλος;Θεσσαλία;2024-02-03;Silver
208083;Δημήτρης;Λαμπρόπουλος;M;22;Σέρρες;Κεντρική Μακεδονία;2024-07-03;Silver
208084;Γεωργία;Οικονόμου;F;24;Λάρισα;Θεσσαλία;2024-02-25;Bronze
208085;Θανάσης;Βλάχος;M;35;Ιωάννινα;Ήπειρος;2025-09-28;Silver
208086;Ιωάννα;Βλάχος;F;50;Λάρισα;Θεσσαλία;2024-09-11;Silver
208087;Μιχάλης;Σταματίου;M;41;Τρίκαλα;Θεσσαλία;2025-06-13;Bronze
208088;Άννα;Ιωαννίδης;F;51;Λάρισα;Θεσσαλία;2025-08-07;Bronze
208089;Γιώργος;Αλεξίου;M;29;Ηράκλειο;Κρήτη;2024-02-06;Bronze
208090;Θανάσης;Νικολάου;M;42;Σέρρες;Κεντρική Μακεδονία;2025-07-02;Platinum
208091;Μαρία;Γεωργίου;F;49;Ηράκλειο;Κρήτη;2025-06-03;Bronze
208092;Δήμητρα;Ιωαννίδης;F;21;Βόλος;Θεσσαλία;2024-04-07;Silver
208093;Μιχάλης;Μιχαηλίδης;M;23;Λάρισα;Θεσσαλία;2024-06-12;Bronze
208094;Κατερίνα;Αναστασίου;F;37;Ηράκλειο;Κρήτη;2025-02-25;Silver
208095;Παναγιώτης;Δημητρίου;M;23;Αθήνα;Αττική;2025-05-28;Bronze
208096;Χρήστος;Κωνσταντίνου;M;57;Θεσσαλονίκη;Κεντρική Μακεδονία;2024-07-26;Gold
208097;Σοφία;Ζαχαρίου;F;55;Βόλος;Θεσσαλία;2025-02-18;Bronze
208098;Κατερίνα;Καραγιάννης;F;39;Τρίκαλα;Θεσσαλία;2024-08-07;Bronze
208099;Γεωργία;Δημητρίου;F;18;Βόλος;Θεσσαλία;2024-08-24;Bronze
208100;Χριστίνα;Ιωαννίδης;F;42;Ηράκλειο;Κρήτη;2024-08-01;Silver
208101;Άννα;Αναστασίου;F;52;Χανιά;Κρήτη;2025-09-14;Bronze
208102;Γιώργος;Παπαδόπουλος;M;19;Πάτρα;Δυτική Ελλάδα;2024-09-13;Bronze
208103;Κώστας;Σπυρόπουλος;M;47;Ιωάννινα;Ήπειρος;2024-01-29;Bronze
208104;Κατερίνα;Ιωαννίδης;F;60;Ρόδος;Νότιο Αιγαίο;2025-01-14;Platinum
208105;Αγγελική;Καραγιάννης;F;36;Λάρισα;Θεσσαλία;2024-04-23;Bronze
208106;Αγγελική;Αναστασίου;F;29;Θεσσαλονίκη;Κεντρική Μακεδονία;2025-05-10;Platinum
208107;Μιχάλης;Κωνσταντίνου;M;67;Σέρρες;Κεντρική Μακεδονία;2024-06-01;Bronze
208108;Μαρία;Αναστασίου;F;48;Χανιά;Κρήτη;2025-07-30;Gold
208109;Δημήτρης;Καρράς;M;48;Θεσσαλονίκη;Κεντρική Μακεδονία;2025-03-23;Bronze
208110;Αγγελική;Αναστασίου;F;66;Ρόδος;Νότιο Αιγαίο;2025-11-15;Gold
208111;Κώστας;Μιχαηλίδης;M;33;Τρίκαλα;Θεσσαλία;2025-06-27;Silver
208112;Μιχάλης;Πετρόπουλος;M;37;Θεσσαλονίκη;Κεντρική Μακεδονία;2024-11-09;Bronze
208113;Μαρία;Χατζής;F;47;Ηράκλειο;Κρήτη;2024-08-04;Bronze
208114;Θανάσης;Ζαχαρίου;M;48;Αθήνα;Αττική;2024-08-15;Gold
208115;Παναγιώτης;Σταματίου;M;55;Χανιά;Κρήτη;2025-01-03;Silver
208116;Μαρία;Αναστασίου;F;57;Καβάλα;Ανατολική Μακεδονία & Θράκη;2025-10-04;Silver
208117;Σοφία;Αναστασίου;F;70;Ιωάννινα;Ήπειρος;2024-08-02;Gold
208118;Χριστίνα;Κωνσταντίνου;F;48;Λάρισα;Θεσσαλία;2025-08-05;Bronze
208119;Γεωργία;Γεωργίου;F;33;Θεσσαλονίκη;Κεντρική Μακεδονία;2024-03-26;Bronze
208120;Κατερίνα;Σταματίου;F;64;Θεσσαλονίκη;Κεντρική Μακεδονία;2025-10-02;Silver
208121;Γεωργία;Ιωαννίδης;F;52;Χανιά;Κρήτη;2024-03-14;Bronze
208122;Αγγελική;Ζαχαρίου;F;44;Ιωάννινα;Ήπειρος;2024-02-03;Silver
208123;Δημήτρης;Νικολάου;M;33;Βόλος;Θεσσαλία;2024-04-13;Bronze
208124;Κατερίνα;Σταματίου;F;38;Τρίκαλα;Θεσσαλία;2024-09-27;Silver
208125;Δήμητρα;Σπυρόπουλος;F;19;Ηράκλειο;Κρήτη;2024-03-22;Silver
208126;Γιώργος;Δημητρίου;M;66;Σέρρες;Κεντρική Μακεδονία;2024-08-07;Gold
208127;Ιωάννα;Οικονόμου;F;72;Καβάλα;Ανατολική Μακεδονία & Θράκη;2024-07-11;Bronze
208128;Παναγιώτης;Δημητρίου;M;35;Πάτρα;Δυτική Ελλάδα;2024-08-16;Bronze
208129;Σοφία;Παπανικολάου;F;61;Λάρισα;Θεσσαλία;2025-01-18;Gold
208130;Μιχάλης;Βλάχος;M;66;Σέρρες;Κεντρική Μακεδονία;2024-07-17;Bronze
208131;Δήμητρα;Κωνσταντίνου;F;71;Χανιά;Κρήτη;2025-04-11;Bronze
208132;Αγγελική;Δημητρίου;F;71;Βόλος;Θεσσαλία;2025-07-30;Bronze
208133;Δήμητρα;Παπανικολάου;F;58;Σέρρες;Κεντρική Μακεδονία;2024-04-05;Gold
208134;Βασίλης;Μιχαηλίδης;M;34;Πάτρα;Δυτική Ελλάδα;2024-03-19;Gold
208135;Μαρία;Γεωργίου;F;48;Θεσσαλονίκη;Κεντρική Μακεδονία;2024-11-07;Platinum
208136;Κώστας;Νικολάου;M;56;Τρίκαλα;Θεσσαλία;2024-10-17;Bronze
208137;Θανάσης;Μιχαηλίδης;M;63;Βόλος;Θεσσαλία;2024-03-24;Bronze
208138;Ελένη;Λαμπρόπουλος;F;60;Αθήνα;Αττική;2024-12-07;Bronze
208139;Γιώργος;Ζαχαρίου;M;38;Τρίκαλα;Θεσσαλία;2024-08-18;Silver
208140;Θανάσης;Κωνσταντίνου;M;67;Πάτρα;Δυτική Ελλάδα;2024-01-20;Gold
208141;Γεωργία;Μιχαηλίδης;F;62;Θεσσαλονίκη;Κεντρική Μακεδονία;2025-12-13;Silver
208142;Θανάσης;Σπυρόπουλος;M;55;Χανιά;Κρήτη;2025-08-28;Bronze
208143;Δημήτρης;Γεωργίου;M;24;Χανιά;Κρήτη;2025-05-26;Bronze
208144;Αγγελική;Δημητρίου;F;39;Καβάλα;Ανατολική Μακεδονία & Θράκη;2024-09-24;Silver
208145;Χρήστος;Καραγιάννης;M;22;Ιωάννινα;Ήπειρος;2024-11-24;Bronze
208146;Θανάσης;Ζαχαρίου;M;45;Ιωάννινα;Ήπειρος;2025-05-19;Gold
208147;Ελένη;Καρράς;F;53;Πάτρα;Δυτική Ελλάδα;2024-01-24;Bronze
208148;Κατερίνα;Ζαχαρίου;F;41;Καβάλα;Ανατολική Μακεδονία & Θράκη;2025-09-18;Bronze
208149;Νίκος;Παπανικολάου;M;36;Τρίκαλα;Θεσσαλία;2024-03-26;Silver
208150;Χρήστος;Ζαχαρίου;M;68;Ρόδος;Νότιο Αιγαίο;2025-07-24;Bronze
208151;Βασίλης;Λαμπρόπουλος;M;59;Θεσσαλονίκη;Κεντρική Μακεδονία;2024-03-23;Bronze
208152;Αγγελική;Καραγιάννης;F;30;Λάρισα;Θεσσαλία;2025-06-07;Platinum
208153;Ελένη;Κωνσταντίνου;F;57;Ιωάννινα;Ήπειρος;2025-02-25;Silver
208154;Ελένη;Μιχαηλίδης;F;54;Βόλος;Θεσσαλία;2024-10-24;Bronze
208155;Νίκος;Αλεξίου;M;66;Τρίκαλα;Θεσσαλία;2024-10-21;Platinum
208156;Αγγελική;Αλεξίου;F;57;Σέρρες;Κεντρική Μακεδονία;2025-11-18;Bronze
208157;Ιωάννα;Γεωργίου;F;32;Σέρρες;Κεντρική Μακεδονία;2025-10-11;Silver
208158;Ιωάννα;Παπαδόπουλος;F;20;Θεσσαλονίκη;Κεντρική Μακεδονία;2025-03-08;Silver
208159;Δήμητρα;Δημητρίου;F;58;Πάτρα;Δυτική Ελλάδα;2024-06-21;Silver
208160;Κώστας;Βλάχος;M;51;Καβάλα;Ανατολική Μακεδονία & Θράκη;2025-07-02;Silver
208161;Γιώργος;Αλεξίου;M;52;Θεσσαλονίκη;Κεντρική Μακεδονία;2024-10-29;Silver
208162;Μαρία;Κωνσταντίνου;F;18;Ρόδος;Νότιο Αιγαίο;2025-02-09;Gold
208163;Χρήστος;Νικολάου;M;54;Πάτρα;Δυτική Ελλάδα;2024-06-03;Bronze
208164;Άννα;Σπυρόπουλος;F;45;Πάτρα;Δυτική Ελλάδα;2024-05-01;Gold
208165;Άννα;Σταματίου;F;63;Καβάλα;Ανατολική Μακεδονία & Θράκη;2024-05-12;Bronze
208166;Γιώργος;Καρράς;M;43;Καβάλα;Ανατολική Μακεδονία & Θράκη;2025-01-12;Platinum
208167;Ανδρέας;Χατζής;M;49;Ηράκλειο;Κρήτη;2024-01-17;Bronze
208168;Άννα;Καραγιάννης;F;67;Λάρισα;Θεσσαλία;2025-01-18;Platinum
208169;Βασίλης;Ζαχαρίου;M;31;Αθήνα;Αττική;2025-02-14;Silver
208170;Θανάσης;Κωνσταντίνου;M;51;Θεσσαλονίκη;Κεντρική Μακεδονία;2025-03-28;Gold
208171;Παναγιώτης;Χατζής;M;62;Ιωάννινα;Ήπειρος;2025-05-14;Bronze
208172;Κατερίνα;Σπυρόπουλος;F;64;Ρόδος;Νότιο Αιγαίο;2024-03-27;Gold
208173;Χρήστος;Αλεξίου;M;46;Τρίκαλα;Θεσσαλία;2025-09-22;Silver
208174;Γιώργος;Κωνσταντίνου;M;66;Καβάλα;Ανατολική Μακεδονία & Θράκη;2024-05-29;Bronze
208175;Δημήτρης;Χατζής;M;46;Ρόδος;Νότιο Αιγαίο;2025-05-14;Bronze
208176;Ιωάννα;Οικονόμου;F;22;Βόλος;Θεσσαλία;2025-11-14;Bronze
208177;Κατερίνα;Κωνσταντίνου;F;36;Ηράκλειο;Κρήτη;2024-03-30;Bronze
208178;Θανάσης;Χατζής;M;31;Πάτρα;Δυτική Ελλάδα;2024-04-06;Bronze
208179;Χρήστος;Καραγιάννης;M;59;Λάρισα;Θεσσαλία;2024-02-06;Bronze
208180;Ανδρέας;Κωνσταντίνου;M;27;Καβάλα;Ανατολική Μακεδονία & Θράκη;2024-01-25;Gold
208181;Νίκος;Ζαχαρίου;M;72;Θεσσαλονίκη;Κεντρική Μακεδονία;2025-07-12;Bronze
208182;Άννα;Παπαδόπουλος;F;47;Θεσσαλονίκη;Κεντρική Μακεδονία;2024-11-05;Gold
208183;Γιώργος;Παπανικολάου;M;65;Λάρισα;Θεσσαλία;2024-12-19;Bronze
208184;Μιχάλης;Ιωαννίδης;M;61;Ρόδος;Νότιο Αιγαίο;2025-07-11;Gold
208185;Αγγελική;Ιωαννίδης;F;53;Θεσσαλονίκη;Κεντρική Μακεδονία;2025-09-01;Platinum
208186;Αγγελική;Λαμπρόπουλος;F;61;Τρίκαλα;Θεσσαλία;2024-11-02;Bronze
208187;Σοφία;Λαμπρόπουλος;F;27;Πάτρα;Δυτική Ελλάδα;2024-07-13;Bronze
208188;Σοφία;Σταματίου;F;70;Βόλος;Θεσσαλία;2024-01-09;Bronze
208189;Ιωάννα;Δημητρίου;F;62;Τρίκαλα;Θεσσαλία;2025-12-18;Gold
208190;Κατερίνα;Μιχαηλίδης;F;41;Χανιά;Κρήτη;2025-07-11;Gold
208191;Μαρία;Καρράς;F;45;Θεσσαλονίκη;Κεντρική Μακεδονία;2024-06-02;Bronze
208192;Νίκος;Δημητρίου;M;45;Σέρρες;Κεντρική Μακεδονία;2024-02-08;Gold
208193;Παναγιώτης;Γεωργίου;M;71;Χανιά;Κρήτη;2024-04-17;Bronze
208194;Μαρία;Σπυρόπουλος;F;43;Πάτρα;Δυτική Ελλάδα;2024-04-13;Bronze
208195;Γεωργία;Σταματίου;F;44;Τρίκαλα;Θεσσαλία;2024-07-04;Bronze
208196;Ιωάννα;Σταματίου;F;64;Αθήνα;Αττική;2024-06-09;Bronze
208197;Νίκος;Αναστασίου;M;22;Αθήνα;Αττική;2025-08-28;Bronze
208198;Άννα;Σταματίου;F;55;Βόλος;Θεσσαλία;2024-10-31;Bronze
208199;Χριστίνα;Ζαχαρίου;F;62;Ιωάννινα;Ήπειρος;2024-10-19;Bronze
208200;Ελένη;Καραγιάννης;F;29;Λάρισα;Θεσσαλία;2025-04-13;Gold
208201;Μιχάλης;Αλεξίου;M;22;Χανιά;Κρήτη;2025-07-22;Silver
208202;Χρήστος;Οικονόμου;M;37;Λάρισα;Θεσσαλία;2025-02-02;Bronze
208203;Μιχάλης;Αναστασίου;M;36;Τρίκαλα;Θεσσαλία;2024-12-28;Silver
208204;Χρήστος;Καραγιάννης;M;30;Λάρισα;Θεσσαλία;2025-12-16;Bronze
208205;Παναγιώτης;Νικολάου;M;23;Θεσσαλονίκη;Κεντρική Μακεδονία;2024-10-12;Bronze
208206;Δημήτρης;Καρράς;M;60;Ιωάννινα;Ήπειρος;2024-11-15;Silver
208207;Μιχάλης;Οικονόμου;M;30;Χανιά;Κρήτη;2024-08-15;Gold
208208;Κατερίνα;Σπυρόπουλος;F;25;Τρίκαλα;Θεσσαλία;2024-08-13;Silver
208209;Παναγιώτης;Καραγιάννης;M;21;Ιωάννινα;Ήπειρος;2025-11-14;Gold
208210;Κώστας;Νικολάου;M;38;Τρίκαλα;Θεσσαλία;2025-03-31;Gold
208211;Χρήστος;Αναστασίου;M;21;Αθήνα;Αττική;2024-10-13;Gold
208212;Κατερίνα;Κωνσταντίνου;F;25;Λάρισα;Θεσσαλία;2024-08-15;Silver
208213;Χριστίνα;Αναστασίου;F;44;Ιωάννινα;Ήπειρος;2024-08-11;Silver
208214;Βασίλης;Οικονόμου;M;71;Θεσσαλονίκη;Κεντρική Μακεδονία;2024-05-22;Silver
208215;Χρήστος;Αλεξίου;M;33;Βόλος;Θεσσαλία;2025-05-20;Bronze
208216;Γεωργία;Κωνσταντίνου;F;56;Καβάλα;Ανατολική Μακεδονία & Θράκη;2024-11-19;Gold
208217;Δήμητρα;Καρράς;F;35;Ιωάννινα;Ήπειρος;2025-11-06;Bronze
208218;Χριστίνα;Σπυρόπουλος;F;69;Λάρισα;Θεσσαλία;2025-08-11;Silver
208219;Παναγιώτης;Ζαχαρίου;M;24;Ιωάννινα;Ήπειρος;2025-08-21;Gold
208220;Μαρία;Αλεξίου;F;28;Λάρισα;Θεσσαλία;2024-05-25;Bronze
208221;Σοφία;Ιωαννίδης;F;30;Τρίκαλα;Θεσσαλία;2024-05-19;Gold
208222;Σοφία;Νικολάου;F;25;Λάρισα;Θεσσαλία;2025-02-12;Bronze
208223;Παναγιώτης;Χατζής;M;50;Ηράκλειο;Κρήτη;2024-11-18;Platinum
208224;Γιώργος;Παπανικολάου;M;71;Χανιά;Κρήτη;2024-04-12;Gold
208225;Χρήστος;Ιωαννίδης;M;22;Λάρισα;Θεσσαλία;2025-02-13;Silver
208226;Γεωργία;Δημητρίου;F;52;Ηράκλειο;Κρήτη;2025-05-07;Bronze
208227;Θανάσης;Σπυρόπουλος;M;54;Αθήνα;Αττική;2024-02-07;Bronze
208228;Παναγιώτης;Δημητρίου;M;19;Χανιά;Κρήτη;2024-02-20;Silver
208229;Θανάσης;Παπανικολάου;M;21;Σέρρες;Κεντρική Μακεδονία;2024-08-04;Platinum
208230;Δήμητρα;Γεωργίου;F;31;Ιωάννινα;Ήπειρος;2024-10-08;Bronze
208231;Κατερίνα;Νικολάου;F;62;Αθήνα;Αττική;2025-11-12;Silver
208232;Γεωργία;Παπανικολάου;F;18;Ηράκλειο;Κρήτη;2024-04-12;Bronze
208233;Ανδρέας;Παπανικολάου;M;54;Βόλος;Θεσσαλία;2025-08-11;Silver
208234;Γεωργία;Σταματίου;F;35;Θεσσαλονίκη;Κεντρική Μακεδονία;2025-09-14;Silver
208235;Χρήστος;Μιχαηλίδης;M;39;Βόλος;Θεσσαλία;2024-08-09;Bronze
208236;Νίκος;Λαμπρόπουλος;M;23;Θεσσαλονίκη;Κεντρική Μακεδονία;2025-10-23;Silver
208237;Δημήτρης;Νικολάου;M;53;Αθήνα;Αττική;2025-11-17;Bronze
208238;Άννα;Λαμπρόπουλος;F;30;Ιωάννινα;Ήπειρος;2024-03-13;Gold
208239;Γεωργία;Γεωργίου;F;48;Ρόδος;Νότιο Αιγαίο;2024-06-08;Gold
208240;Δήμητρα;Δημητρίου;F;37;Χανιά;Κρήτη;2024-05-03;Gold
208241;Παναγιώτης;Καρράς;M;53;Καβάλα;Ανατολική Μακεδονία & Θράκη;2024-07-01;Bronze
208242;Μιχάλης;Βλάχος;M;48;Αθήνα;Αττική;2024-06-26;Bronze
208243;Βασίλης;Κωνσταντίνου;M;40;Αθήνα;Αττική;2024-07-28;Bronze
208244;Ιωάννα;Βλάχος;F;23;Ηράκλειο;Κρήτη;2025-11-11;Bronze
208245;Δημήτρης;Δημητρίου;M;64;Πάτρα;Δυτική Ελλάδα;2024-11-13;Bronze
208246;Χριστίνα;Μιχαηλίδης;F;26;Ρόδος;Νότιο Αιγαίο;2024-04-23;Platinum
208247;Κατερίνα;Δημητρίου;F;39;Ηράκλειο;Κρήτη;2025-08-29;Bronze
208248;Μαρία;Μιχαηλίδης;F;18;Θεσσαλονίκη;Κεντρική Μακεδονία;2024-10-25;Bronze
208249;Κώστας;Παπαδόπουλος;M;39;Τρίκαλα;Θεσσαλία;2025-07-20;Bronze
208250;Σοφία;Σπυρόπουλος;F;41;Ηράκλειο;Κρήτη;2025-09-25;Bronze
208251;Γιώργος;Καραγιάννης;M;36;Χανιά;Κρήτη;2024-04-21;Gold
208252;Ανδρέας;Βλάχος;M;31;Τρίκαλα;Θεσσαλία;2024-09-07;Platinum
208253;Ελένη;Σπυρόπουλος;F;40;Θεσσαλονίκη;Κεντρική Μακεδονία;2025-05-28;Bronze
208254;Μιχάλης;Ιωαννίδης;M;42;Βόλος;Θεσσαλία;2025-07-02;Bronze
208255;Σοφία;Ζαχαρίου;F;65;Ηράκλειο;Κρήτη;2025-06-02;Bronze
208256;Ελένη;Νικολάου;F;30;Σέρρες;Κεντρική Μακεδονία;2024-12-14;Gold
208257;Γεωργία;Παπαδόπουλος;F;39;Αθήνα;Αττική;2025-05-05;Gold
208258;Θανάσης;Οικονόμου;M;48;Πάτρα;Δυτική Ελλάδα;2025-08-02;Bronze
208259;Χριστίνα;Βλάχος;F;42;Ιωάννινα;Ήπειρος;2025-02-17;Bronze
208260;Δημήτρης;Πετρόπουλος;M;65;Ιωάννινα;Ήπειρος;2024-07-01;Silver
208261;Άννα;Αλεξίου;F;52;Ρόδος;Νότιο Αιγαίο;2025-04-14;Bronze
208262;Μαρία;Γεωργίου;F;60;Θεσσαλονίκη;Κεντρική Μακεδονία;2024-07-04;Bronze
208263;Ανδρέας;Πετρόπουλος;M;70;Τρίκαλα;Θεσσαλία;2024-07-14;Gold
208264;Θανάσης;Κωνσταντίνου;M;28;Καβάλα;Ανατολική Μακεδονία & Θράκη;2024-06-23;Silver
208265;Βασίλης;Ζαχαρίου;M;25;Βόλος;Θεσσαλία;2025-03-02;Bronze
208266;Μαρία;Αναστασίου;F;21;Πάτρα;Δυτική Ελλάδα;2025-07-22;Silver
208267;Σοφία;Σπυρόπουλος;F;47;Αθήνα;Αττική;2025-01-28;Bronze
208268;Δημήτρης;Βλάχος;M;39;Καβάλα;Ανατολική Μακεδονία & Θράκη;2025-06-19;Platinum
208269;Θανάσης;Χατζής;M;68;Πάτρα;Δυτική Ελλάδα;2024-10-01;Gold
208270;Κατερίνα;Βλάχος;F;38;Αθήνα;Αττική;2025-02-19;Silver
208271;Άννα;Χατζής;F;33;Ρόδος;Νότιο Αιγαίο;2024-08-16;Silver
208272;Μαρία;Μιχαηλίδης;F;62;Πάτρα;Δυτική Ελλάδα;2025-03-08;Bronze
208273;Δημήτρης;Πετρόπουλος;M;25;Ρόδος;Νότιο Αιγαίο;2024-05-20;Silver
208274;Αγγελική;Καραγιάννης;F;35;Βόλος;Θεσσαλία;2024-09-19;Gold
208275;Μαρία;Αλεξίου;F;60;Θεσσαλονίκη;Κεντρική Μακεδονία;2025-10-26;Silver
208276;Αγγελική;Μιχαηλίδης;F;41;Ρόδος;Νότιο Αιγαίο;2024-07-06;Silver
208277;Αγγελική;Γεωργίου;F;70;Σέρρες;Κεντρική Μακεδονία;2024-06-29;Silver
208278;Σοφία;Παπανικολάου;F;36;Χανιά;Κρήτη;2024-05-13;Silver
208279;Θανάσης;Ιωαννίδης;M;56;Θεσσαλονίκη;Κεντρική Μακεδονία;2025-10-11;Bronze
208280;Ελένη;Βλάχος;F;43;Λάρισα;Θεσσαλία;2024-11-13;Silver
208281;Κατερίνα;Χατζής;F;24;Θεσσαλονίκη;Κεντρική Μακεδονία;2025-07-09;Silver
208282;Σοφία;Οικονόμου;F;64;Θεσσαλονίκη;Κεντρική Μακεδονία;2024-09-18;Bronze
208283;Βασίλης;Σταματίου;M;30;Θεσσαλονίκη;Κεντρική Μακεδονία;2025-12-01;Silver
208284;Ελένη;Καραγιάννης;F;59;Πάτρα;Δυτική Ελλάδα;2024-12-27;Silver
208285;Βασίλης;Κωνσταντίνου;M;62;Λάρισα;Θεσσαλία;2024-06-23;Platinum
208286;Βασίλης;Παπαδόπουλος;M;34;Βόλος;Θεσσαλία;2024-11-29;Silver
208287;Κώστας;Λαμπρόπουλος;M;56;Ρόδος;Νότιο Αιγαίο;2025-01-16;Bronze
208288;Μιχάλης;Αναστασίου;M;66;Σέρρες;Κεντρική Μακεδονία;2024-11-11;Gold
208289;Χριστίνα;Βλάχος;F;43;Βόλος;Θεσσαλία;2024-05-07;Gold
208290;Μιχάλης;Παπαδόπουλος;M;37;Καβάλα;Ανατολική Μακεδονία & Θράκη;2024-02-13;Silver
208291;Μιχάλης;Γεωργίου;M;59;Τρίκαλα;Θεσσαλία;2024-06-15;Bronze
208292;Αγγελική;Σταματίου;F;25;Τρίκαλα;Θεσσαλία;2024-05-20;Bronze
208293;Ανδρέας;Ζαχαρίου;M;25;Ηράκλειο;Κρήτη;2025-09-23;Silver
208294;Γεωργία;Παπανικολάου;F;23;Ρόδος;Νότιο Αιγαίο;2025-11-29;Platinum
208295;Παναγιώτης;Ιωαννίδης;M;27;Λάρισα;Θεσσαλία;2024-02-02;Bronze
208296;Κατερίνα;Βλάχος;F;70;Βόλος;Θεσσαλία;2025-09-01;Bronze
208297;Δήμητρα;Σταματίου;F;72;Πάτρα;Δυτική Ελλάδα;2025-09-06;Bronze
208298;Ιωάννα;Οικονόμου;F;29;Βόλος;Θεσσαλία;2025-10-07;Silver
208299;Δήμητρα;Λαμπρόπουλος;F;69;Βόλος;Θεσσαλία;2024-11-17;Gold
208300;Κώστας;Οικονόμου;M;38;Λάρισα;Θεσσαλία;2025-05-29;Silver
208301;Κατερίνα;Χατζής;F;25;Πάτρα;Δυτική Ελλάδα;2025-09-06;Silver
208302;Ιωάννα;Βλάχος;F;33;Σέρρες;Κεντρική Μακεδονία;2025-01-09;Silver
208303;Μιχάλης;Παπαδόπουλος;M;72;Σέρρες;Κεντρική Μακεδονία;2025-03-14;Silver
208304;Δημήτρης;Οικονόμου;M;18;Σέρρες;Κεντρική Μακεδονία;2024-03-17;Bronze
208305;Δήμητρα;Καραγιάννης;F;68;Ιωάννινα;Ήπειρος;2024-07-12;Bronze
208306;Ελένη;Μιχαηλίδης;F;72;Ιωάννινα;Ήπειρος;2024-05-09;Bronze
208307;Χριστίνα;Καραγιάννης;F;35;Χανιά;Κρήτη;2025-01-20;Bronze
208308;Ιωάννα;Οικονόμου;F;33;Σέρρες;Κεντρική Μακεδονία;2024-01-17;Bronze
208309;Άννα;Ζαχαρίου;F;45;Σέρρες;Κεντρική Μακεδονία;2025-12-23;Bronze
208310;Αγγελική;Σπυρόπουλος;F;70;Θεσσαλονίκη;Κεντρική Μακεδονία;2025-11-28;Silver
208311;Μαρία;Παπανικολάου;F;32;Θεσσαλονίκη;Κεντρική Μακεδονία;2025-06-28;Silver
208312;Δήμητρα;Λαμπρόπουλος;F;38;Πάτρα;Δυτική Ελλάδα;2024-07-09;Silver
208313;Χριστίνα;Γεωργίου;F;46;Πάτρα;Δυτική Ελλάδα;2025-04-18;Bronze
208314;Μαρία;Παπαδόπουλος;F;33;Λάρισα;Θεσσαλία;2024-04-02;Bronze
208315;Αγγελική;Λαμπρόπουλος;F;29;Χανιά;Κρήτη;2025-04-06;Bronze
208316;Ανδρέας;Δημητρίου;M;48;Θεσσαλονίκη;Κεντρική Μακεδονία;2025-08-26;Silver
208317;Σοφία;Παπανικολάου;F;18;Αθήνα;Αττική;2025-09-10;Silver
208318;Σοφία;Κωνσταντίνου;F;21;Τρίκαλα;Θεσσαλία;2025-04-29;Silver
208319;Κώστας;Παπανικολάου;M;32;Λάρισα;Θεσσαλία;2025-03-04;Bronze
208320;Δήμητρα;Παπανικολάου;F;29;Λάρισα;Θεσσαλία;2025-10-06;Bronze
208321;Μιχάλης;Λαμπρόπουλος;M;69;Σέρρες;Κεντρική Μακεδονία;2024-07-07;Bronze
208322;Αγγελική;Δημητρίου;F;25;Ηράκλειο;Κρήτη;2024-01-31;Gold
208323;Θανάσης;Ιωαννίδης;M;30;Θεσσαλονίκη;Κεντρική Μακεδονία;2024-03-17;Gold
208324;Ελένη;Ιωαννίδης;F;69;Πάτρα;Δυτική Ελλάδα;2024-05-30;Gold
208325;Παναγιώτης;Παπανικολάου;M;68;Αθήνα;Αττική;2025-07-17;Silver
208326;Μιχάλης;Δημητρίου;M;65;Ηράκλειο;Κρήτη;2025-05-14;Gold
208327;Χριστίνα;Σπυρόπουλος;F;18;Σέρρες;Κεντρική Μακεδονία;2025-07-28;Gold
208328;Μαρία;Καρράς;F;21;Βόλος;Θεσσαλία;2024-03-02;Silver
208329;Μαρία;Ιωαννίδης;F;24;Θεσσαλονίκη;Κεντρική Μακεδονία;2025-07-07;Bronze
208330;Μαρία;Γεωργίου;F;60;Λάρισα;Θεσσαλία;2024-10-14;Bronze
208331;Παναγιώτης;Αλεξίου;M;51;Ρόδος;Νότιο Αιγαίο;2024-07-15;Bronze
208332;Μιχάλης;Αλεξίου;M;65;Πάτρα;Δυτική Ελλάδα;2024-10-24;Bronze
208333;Δήμητρα;Σταματίου;F;27;Λάρισα;Θεσσαλία;2025-10-28;Silver
208334;Δημήτρης;Κωνσταντίνου;M;23;Λάρισα;Θεσσαλία;2025-07-19;Gold
208335;Κώστας;Καρράς;M;64;Χανιά;Κρήτη;2025-08-02;Bronze
208336;Δήμητρα;Λαμπρόπουλος;F;62;Ηράκλειο;Κρήτη;2024-12-01;Platinum
208337;Μιχάλης;Βλάχος;M;52;Ηράκλειο;Κρήτη;2025-10-27;Platinum
208338;Αγγελική;Λαμπρόπουλος;F;38;Ιωάννινα;Ήπειρος;2024-01-28;Silver
208339;Γεωργία;Κωνσταντίνου;F;38;Ιωάννινα;Ήπειρος;2025-06-06;Silver
208340;Ιωάννα;Οικονόμου;F;56;Ηράκλειο;Κρήτη;2024-03-23;Silver
208341;Γεωργία;Χατζής;F;45;Βόλος;Θεσσαλία;2025-08-01;Bronze
208342;Θανάσης;Κωνσταντίνου;M;34;Σέρρες;Κεντρική Μακεδονία;2025-09-14;Bronze
208343;Γιώργος;Σπυρόπουλος;M;59;Τρίκαλα;Θεσσαλία;2025-07-20;Bronze
208344;Αγγελική;Κωνσταντίνου;F;34;Ρόδος;Νότιο Αιγαίο;2025-10-28;Silver
208345;Δημήτρης;Οικονόμου;M;48;Καβάλα;Ανατολική Μακεδονία & Θράκη;2024-04-27;Gold
208346;Χριστίνα;Παπανικολάου;F;61;Αθήνα;Αττική;2025-10-31;Platinum
208347;Βασίλης;Καρράς;M;18;Θεσσαλονίκη;Κεντρική Μακεδονία;2024-03-19;Silver
208348;Χριστίνα;Πετρόπουλος;F;22;Αθήνα;Αττική;2025-06-06;Bronze
208349;Δημήτρης;Καραγιάννης;M;51;Αθήνα;Αττική;2024-04-25;Bronze
208350;Ιωάννα;Παπαδόπουλος;F;50;Σέρρες;Κεντρική Μακεδονία;2025-10-20;Bronze
208351;Σοφία;Παπανικολάου;F;72;Ηράκλειο;Κρήτη;2025-11-20;Bronze
208352;Ιωάννα;Νικολάου;F;23;Τρίκαλα;Θεσσαλία;2024-03-06;Silver
208353;Ελένη;Δημητρίου;F;18;Ρόδος;Νότιο Αιγαίο;2024-10-06;Bronze
208354;Χρήστος;Ιωαννίδης;M;66;Χανιά;Κρήτη;2025-10-17;Platinum
208355;Χρήστος;Παπανικολάου;M;40;Θεσσαλονίκη;Κεντρική Μακεδονία;2024-11-03;Gold
208356;Γιώργος;Παπαδόπουλος;M;18;Χανιά;Κρήτη;2025-06-08;Silver
208357;Χριστίνα;Αναστασίου;F;65;Θεσσαλονίκη;Κεντρική Μακεδονία;2024-11-11;Bronze
208358;Κατερίνα;Σταματίου;F;29;Χανιά;Κρήτη;2025-01-12;Bronze
208359;Γεωργία;Αλεξίου;F;23;Λάρισα;Θεσσαλία;2025-07-31;Bronze
208360;Αγγελική;Λαμπρόπουλος;F;22;Τρίκαλα;Θεσσαλία;2024-02-15;Silver
208361;Άννα;Νικολάου;F;47;Ιωάννινα;Ήπειρος;2025-12-29;Gold
208362;Δημήτρης;Σπυρόπουλος;M;48;Καβάλα;Ανατολική Μακεδονία & Θράκη;2024-09-09;Bronze
208363;Κώστας;Παπανικολάου;M;62;Ηράκλειο;Κρήτη;2025-04-10;Platinum
208364;Γεωργία;Βλάχος;F;31;Βόλος;Θεσσαλία;2025-07-10;Bronze
208365;Ελένη;Αναστασίου;F;54;Λάρισα;Θεσσαλία;2024-02-10;Silver
208366;Σοφία;Καρράς;F;72;Καβάλα;Ανατολική Μακεδονία & Θράκη;2024-05-17;Bronze
208367;Γεωργία;Ζαχαρίου;F;52;Θεσσαλονίκη;Κεντρική Μακεδονία;2024-04-16;Silver
208368;Νίκος;Οικονόμου;M;46;Ιωάννινα;Ήπειρος;2025-11-29;Bronze
208369;Δήμητρα;Λαμπρόπουλος;F;60;Σέρρες;Κεντρική Μακεδονία;2025-12-04;Silver
208370;Παναγιώτης;Νικολάου;M;41;Ηράκλειο;Κρήτη;2025-12-09;Bronze
208371;Χριστίνα;Χατζής;F;63;Ιωάννινα;Ήπειρος;2025-05-04;Silver
208372;Ανδρέας;Κωνσταντίνου;M;55;Ιωάννινα;Ήπειρος;2025-01-26;Bronze
208373;Μαρία;Σταματίου;F;53;Σέρρες;Κεντρική Μακεδονία;2025-04-25;Bronze
208374;Κατερίνα;Αλεξίου;F;53;Αθήνα;Αττική;2025-01-04;Silver
208375;Νίκος;Μιχαηλίδης;M;72;Τρίκαλα;Θεσσαλία;2025-03-22;Bronze
208376;Χριστίνα;Ζαχαρίου;F;58;Τρίκαλα;Θεσσαλία;2024-07-04;Silver
208377;Κατερίνα;Ζαχαρίου;F;54;Αθήνα;Αττική;2025-10-31;Gold
208378;Χρήστος;Λαμπρόπουλος;M;38;Τρίκαλα;Θεσσαλία;2025-12-03;Bronze
208379;Μαρία;Μιχαηλίδης;F;50;Χανιά;Κρήτη;2025-08-11;Bronze
208380;Κώστας;Δημητρίου;M;57;Θεσσαλονίκη;Κεντρική Μακεδονία;2025-11-18;Gold
208381;Δημήτρης;Οικονόμου;M;35;Λάρισα;Θεσσαλία;2024-05-09;Bronze
208382;Άννα;Αναστασίου;F;62;Χανιά;Κρήτη;2024-12-20;Bronze
208383;Μαρία;Αναστασίου;F;37;Ιωάννινα;Ήπειρος;2024-06-21;Bronze
208384;Σοφία;Γεωργίου;F;43;Ηράκλειο;Κρήτη;2024-04-03;Bronze
208385;Σοφία;Γεωργίου;F;49;Αθήνα;Αττική;2024-02-24;Bronze
208386;Μιχάλης;Χατζής;M;19;Λάρισα;Θεσσαλία;2025-03-27;Bronze
208387;Νίκος;Νικολάου;M;65;Αθήνα;Αττική;2025-03-11;Gold
208388;Μαρία;Ιωαννίδης;F;61;Χανιά;Κρήτη;2024-01-27;Silver
208389;Χριστίνα;Χατζής;F;18;Πάτρα;Δυτική Ελλάδα;2025-07-26;Silver
208390;Μιχάλης;Οικονόμου;M;50;Χανιά;Κρήτη;2025-05-29;Bronze
208391;Παναγιώτης;Νικολάου;M;21;Καβάλα;Ανατολική Μακεδονία & Θράκη;2024-12-03;Bronze
208392;Ιωάννα;Νικολάου;F;27;Ιωάννινα;Ήπειρος;2025-09-04;Bronze
208393;Ιωάννα;Βλάχος;F;35;Ρόδος;Νότιο Αιγαίο;2024-11-18;Gold
208394;Μαρία;Δημητρίου;F;65;Βόλος;Θεσσαλία;2024-02-06;Bronze
208395;Αγγελική;Παπανικολάου;F;66;Λάρισα;Θεσσαλία;2025-08-12;Bronze
208396;Χριστίνα;Ιωαννίδης;F;22;Ιωάννινα;Ήπειρος;2025-05-23;Gold
208397;Νίκος;Νικολάου;M;46;Θεσσαλονίκη;Κεντρική Μακεδονία;2025-09-09;Platinum
208398;Κατερίνα;Μιχαηλίδης;F;23;Καβάλα;Ανατολική Μακεδονία & Θράκη;2024-05-05;Silver
208399;Μαρία;Χατζής;F;45;Χανιά;Κρήτη;2024-09-03;Gold
208400;Κατερίνα;Παπαδόπουλος;F;22;Ιωάννινα;Ήπειρος;2024-09-18;Silver
208401;Σοφία;Σπυρόπουλος;F;23;Ηράκλειο;Κρήτη;2024-08-12;Bronze
208402;Αγγελική;Δημητρίου;F;62;Ρόδος;Νότιο Αιγαίο;2025-12-22;Bronze
208403;Αγγελική;Δημητρίου;F;32;Αθήνα;Αττική;2024-02-06;Bronze
208404;Χρήστος;Νικολάου;M;41;Σέρρες;Κεντρική Μακεδονία;2025-02-04;Silver
208405;Άννα;Πετρόπουλος;F;61;Ηράκλειο;Κρήτη;2024-01-08;Bronze
208406;Βασίλης;Καραγιάννης;M;62;Ιωάννινα;Ήπειρος;2024-06-18;Gold
208407;Παναγιώτης;Καρράς;M;42;Θεσσαλονίκη;Κεντρική Μακεδονία;2024-01-29;Gold
208408;Χρήστος;Δημητρίου;M;54;Βόλος;Θεσσαλία;2025-06-03;Gold
208409;Ελένη;Ζαχαρίου;F;57;Ηράκλειο;Κρήτη;2024-06-01;Silver
208410;Δήμητρα;Αλεξίου;F;45;Ιωάννινα;Ήπειρος;2024-04-25;Bronze
208411;Νίκος;Λαμπρόπουλος;M;22;Χανιά;Κρήτη;2025-05-06;Silver
208412;Δημήτρης;Σπυρόπουλος;M;37;Τρίκαλα;Θεσσαλία;2024-07-26;Bronze
208413;Κώστας;Παπανικολάου;M;22;Λάρισα;Θεσσαλία;2024-06-19;Gold
208414;Ελένη;Ζαχαρίου;F;56;Σέρρες;Κεντρική Μακεδονία;2024-03-22;Bronze
208415;Ανδρέας;Σταματίου;M;22;Πάτρα;Δυτική Ελλάδα;2024-03-23;Gold
208416;Δημήτρης;Λαμπρόπουλος;M;47;Ηράκλειο;Κρήτη;2024-01-18;Bronze
208417;Μαρία;Βλάχος;F;59;Πάτρα;Δυτική Ελλάδα;2025-06-01;Silver
208418;Ιωάννα;Βλάχος;F;47;Τρίκαλα;Θεσσαλία;2025-04-17;Bronze
208419;Ελένη;Παπαδόπουλος;F;53;Ρόδος;Νότιο Αιγαίο;2024-11-11;Bronze
208420;Μιχάλης;Νικολάου;M;67;Βόλος;Θεσσαλία;2025-09-15;Platinum
208421;Δημήτρης;Καραγιάννης;M;42;Λάρισα;Θεσσαλία;2025-08-21;Bronze
208422;Δημήτρης;Βλάχος;M;19;Ρόδος;Νότιο Αιγαίο;2025-06-08;Gold
208423;Δήμητρα;Ιωαννίδης;F;27;Τρίκαλα;Θεσσαλία;2024-05-18;Gold
208424;Σοφία;Πετρόπουλος;F;63;Λάρισα;Θεσσαλία;2024-05-08;Bronze
208425;Ελένη;Κωνσταντίνου;F;23;Ηράκλειο;Κρήτη;2025-02-05;Silver
208426;Ανδρέας;Παπανικολάου;M;51;Ιωάννινα;Ήπειρος;2024-04-21;Bronze
208427;Δημήτρης;Παπαδόπουλος;M;40;Ιωάννινα;Ήπειρος;2024-04-11;Gold
208428;Νίκος;Δημητρίου;M;25;Σέρρες;Κεντρική Μακεδονία;2025-11-02;Silver
208429;Κατερίνα;Αλεξίου;F;62;Ιωάννινα;Ήπειρος;2025-04-25;Silver
208430;Βασίλης;Σταματίου;M;65;Θεσσαλονίκη;Κεντρική Μακεδονία;2024-08-04;Silver
208431;Κατερίνα;Νικολάου;F;22;Θεσσαλονίκη;Κεντρική Μακεδονία;2024-03-19;Bronze
208432;Θανάσης;Λαμπρόπουλος;M;31;Σέρρες;Κεντρική Μακεδονία;2024-02-20;Silver
208433;Δημήτρης;Αλεξίου;M;20;Ρόδος;Νότιο Αιγαίο;2025-10-30;Gold
208434;Βασίλης;Πετρόπουλος;M;23;Σέρρες;Κεντρική Μακεδονία;2025-10-22;Silver
208435;Μαρία;Σταματίου;F;19;Χανιά;Κρήτη;2024-06-05;Silver
208436;Αγγελική;Γεωργίου;F;52;Θεσσαλονίκη;Κεντρική Μακεδονία;2024-09-29;Bronze
208437;Αγγελική;Καρράς;F;29;Χανιά;Κρήτη;2024-09-11;Gold
208438;Αγγελική;Λαμπρόπουλος;F;18;Βόλος;Θεσσαλία;2025-07-09;Silver
208439;Ιωάννα;Χατζής;F;45;Χανιά;Κρήτη;2024-02-07;Silver
208440;Γεωργία;Οικονόμου;F;29;Λάρισα;Θεσσαλία;2024-10-17;Bronze
208441;Κατερίνα;Αλεξίου;F;59;Βόλος;Θεσσαλία;2025-08-11;Silver
208442;Σοφία;Ζαχαρίου;F;35;Αθήνα;Αττική;2025-12-08;Silver
208443;Μιχάλης;Παπαδόπουλος;M;27;Ρόδος;Νότιο Αιγαίο;2024-02-11;Gold
208444;Σοφία;Νικολάου;F;68;Πάτρα;Δυτική Ελλάδα;2025-10-17;Bronze
208445;Νίκος;Αναστασίου;M;47;Ιωάννινα;Ήπειρος;2025-07-07;Silver
208446;Χρήστος;Αλεξίου;M;59;Σέρρες;Κεντρική Μακεδονία;2025-09-13;Gold
208447;Γεωργία;Μιχαηλίδης;F;40;Χανιά;Κρήτη;2025-01-19;Bronze
208448;Παναγιώτης;Οικονόμου;M;67;Ηράκλειο;Κρήτη;2024-10-04;Silver
208449;Δήμητρα;Κωνσταντίνου;F;38;Ηράκλειο;Κρήτη;2025-03-07;Silver
208450;Κώστας;Καρράς;M;30;Ηράκλειο;Κρήτη;2024-09-23;Bronze
208451;Μαρία;Ζαχαρίου;F;60;Θεσσαλονίκη;Κεντρική Μακεδονία;2024-03-14;Gold
208452;Γεωργία;Μιχαηλίδης;F;44;Θεσσαλονίκη;Κεντρική Μακεδονία;2025-12-21;Bronze
208453;Χριστίνα;Ιωαννίδης;F;51;Σέρρες;Κεντρική Μακεδονία;2024-10-01;Platinum
208454;Βασίλης;Πετρόπουλος;M;69;Τρίκαλα;Θεσσαλία;2024-12-24;Silver
208455;Μιχάλης;Οικονόμου;M;42;Θεσσαλονίκη;Κεντρική Μακεδονία;2024-04-08;Bronze
208456;Κώστας;Σταματίου;M;60;Ηράκλειο;Κρήτη;2025-10-17;Bronze
208457;Μαρία;Μιχαηλίδης;F;40;Χανιά;Κρήτη;2024-12-08;Gold
208458;Κώστας;Χατζής;M;68;Βόλος;Θεσσαλία;2024-01-24;Silver
208459;Σοφία;Αλεξίου;F;45;Αθήνα;Αττική;2024-10-04;Silver
208460;Αγγελική;Μιχαηλίδης;F;64;Θεσσαλονίκη;Κεντρική Μακεδονία;2025-06-29;Bronze
208461;Δήμητρα;Σπυρόπουλος;F;65;Βόλος;Θεσσαλία;2025-03-27;Bronze
208462;Χρήστος;Αλεξίου;M;68;Ιωάννινα;Ήπειρος;2025-09-04;Silver
208463;Γιώργος;Ζαχαρίου;M;55;Σέρρες;Κεντρική Μακεδονία;2025-05-02;Platinum
208464;Γιώργος;Βλάχος;M;45;Βόλος;Θεσσαλία;2025-09-22;Silver
208465;Μιχάλης;Σπυρόπουλος;M;35;Ιωάννινα;Ήπειρος;2025-03-24;Gold
208466;Άννα;Αλεξίου;F;37;Αθήνα;Αττική;2025-08-03;Silver
208467;Μαρία;Παπανικολάου;F;39;Βόλος;Θεσσαλία;2024-01-31;Bronze
208468;Δημήτρης;Αλεξίου;M;70;Λάρισα;Θεσσαλία;2024-08-20;Silver
208469;Κατερίνα;Καραγιάννης;F;62;Λάρισα;Θεσσαλία;2025-09-29;Platinum
208470;Νίκος;Ζαχαρίου;M;50;Βόλος;Θεσσαλία;2024-08-28;Silver
208471;Κώστας;Μιχαηλίδης;M;25;Σέρρες;Κεντρική Μακεδονία;2024-02-19;Bronze
208472;Κατερίνα;Μιχαηλίδης;F;31;Πάτρα;Δυτική Ελλάδα;2024-08-01;Gold
208473;Μιχάλης;Ζαχαρίου;M;72;Τρίκαλα;Θεσσαλία;2025-10-04;Gold
208474;Ιωάννα;Ζαχαρίου;F;62;Χανιά;Κρήτη;2024-10-15;Bronze
208475;Ανδρέας;Αναστασίου;M;26;Αθήνα;Αττική;2025-12-14;Bronze
208476;Χριστίνα;Ζαχαρίου;F;29;Καβάλα;Ανατολική Μακεδονία & Θράκη;2024-06-17;Bronze
208477;Μαρία;Δημητρίου;F;67;Χανιά;Κρήτη;2025-07-12;Bronze
208478;Ιωάννα;Κωνσταντίνου;F;24;Χανιά;Κρήτη;2024-03-17;Gold
208479;Μιχάλης;Δημητρίου;M;59;Βόλος;Θεσσαλία;2024-04-15;Gold
208480;Θανάσης;Κωνσταντίνου;M;51;Πάτρα;Δυτική Ελλάδα;2025-07-05;Silver
208481;Μιχάλης;Καρράς;M;62;Ηράκλειο;Κρήτη;2024-10-03;Bronze
208482;Χριστίνα;Βλάχος;F;41;Καβάλα;Ανατολική Μακεδονία & Θράκη;2024-04-16;Silver
208483;Αγγελική;Αλεξίου;F;38;Λάρισα;Θεσσαλία;2025-04-28;Platinum
208484;Σοφία;Παπανικολάου;F;47;Θεσσαλονίκη;Κεντρική Μακεδονία;2024-11-14;Gold
208485;Κατερίνα;Σπυρόπουλος;F;34;Σέρρες;Κεντρική Μακεδονία;2025-04-11;Silver
208486;Νίκος;Πετρόπουλος;M;52;Αθήνα;Αττική;2025-03-28;Bronze
208487;Δημήτρης;Καρράς;M;46;Χανιά;Κρήτη;2024-04-15;Silver
208488;Ανδρέας;Ιωαννίδης;M;35;Πάτρα;Δυτική Ελλάδα;2024-08-12;Bronze
208489;Ιωάννα;Παπαδόπουλος;F;35;Σέρρες;Κεντρική Μακεδονία;2024-04-15;Bronze
208490;Αγγελική;Λαμπρόπουλος;F;44;Θεσσαλονίκη;Κεντρική Μακεδονία;2024-08-09;Bronze
208491;Κώστας;Βλάχος;M;41;Ρόδος;Νότιο Αιγαίο;2024-02-03;Bronze
208492;Βασίλης;Σπυρόπουλος;M;46;Βόλος;Θεσσαλία;2024-12-13;Platinum
208493;Μαρία;Παπαδόπουλος;F;36;Πάτρα;Δυτική Ελλάδα;2024-03-10;Gold
208494;Γεωργία;Ζαχαρίου;F;51;Βόλος;Θεσσαλία;2025-04-15;Bronze
208495;Νίκος;Χατζής;M;43;Τρίκαλα;Θεσσαλία;2025-03-03;Gold
208496;Ιωάννα;Χατζής;F;31;Ρόδος;Νότιο Αιγαίο;2025-08-02;Silver
208497;Αγγελική;Αλεξίου;F;42;Σέρρες;Κεντρική Μακεδονία;2024-02-02;Gold
208498;Γεωργία;Ζαχαρίου;F;56;Αθήνα;Αττική;2025-08-03;Silver
208499;Γιώργος;Καραγιάννης;M;60;Τρίκαλα;Θεσσαλία;2025-08-13;Silver
208500;Δημήτρης;Ζαχαρίου;M;22;Αθήνα;Αττική;2024-04-20;Gold
208501;Χρήστος;Νικολάου;M;35;Αθήνα;Αττική;2025-06-03;Silver
208502;Θανάσης;Παπανικολάου;M;68;Σέρρες;Κεντρική Μακεδονία;2024-06-02;Silver
208503;Σοφία;Μιχαηλίδης;F;48;Λάρισα;Θεσσαλία;2024-09-15;Gold
208504;Άννα;Σταματίου;F;27;Σέρρες;Κεντρική Μακεδονία;2024-12-02;Bronze
208505;Χριστίνα;Σπυρόπουλος;F;65;Χανιά;Κρήτη;2025-06-17;Gold
208506;Αγγελική;Λαμπρόπουλος;F;71;Αθήνα;Αττική;2025-01-18;Silver
208507;Ιωάννα;Αναστασίου;F;29;Αθήνα;Αττική;2024-01-30;Bronze
208508;Δημήτρης;Αναστασίου;M;69;Ηράκλειο;Κρήτη;2025-11-08;Silver
208509;Παναγιώτης;Σταματίου;M;72;Τρίκαλα;Θεσσαλία;2024-10-18;Bronze
208510;Νίκος;Βλάχος;M;64;Καβάλα;Ανατολική Μακεδονία & Θράκη;2024-07-01;Silver
208511;Βασίλης;Λαμπρόπουλος;M;36;Αθήνα;Αττική;2025-08-08;Bronze
208512;Δήμητρα;Καραγιάννης;F;32;Χανιά;Κρήτη;2025-12-04;Gold
208513;Μιχάλης;Παπανικολάου;M;71;Θεσσαλονίκη;Κεντρική Μακεδονία;2024-06-29;Platinum
208514;Μιχάλης;Νικολάου;M;23;Βόλος;Θεσσαλία;2025-08-07;Silver
208515;Ανδρέας;Μιχαηλίδης;M;18;Πάτρα;Δυτική Ελλάδα;2024-07-07;Bronze
208516;Μαρία;Βλάχος;F;28;Σέρρες;Κεντρική Μακεδονία;2025-12-07;Bronze
208517;Μιχάλης;Λαμπρόπουλος;M;19;Αθήνα;Αττική;2025-02-01;Silver
208518;Θανάσης;Καρράς;M;35;Πάτρα;Δυτική Ελλάδα;2025-08-09;Gold
208519;Δήμητρα;Ιωαννίδης;F;20;Καβάλα;Ανατολική Μακεδονία & Θράκη;2025-10-04;Silver
208520;Γιώργος;Οικονόμου;M;62;Τρίκαλα;Θεσσαλία;2025-06-26;Bronze
208521;Παναγιώτης;Κωνσταντίνου;M;61;Τρίκαλα;Θεσσαλία;2025-08-29;Bronze
208522;Χρήστος;Γεωργίου;M;18;Χανιά;Κρήτη;2025-01-14;Bronze
208523;Μαρία;Κωνσταντίνου;F;25;Ρόδος;Νότιο Αιγαίο;2024-07-11;Bronze
208524;Χρήστος;Κωνσταντίνου;M;24;Βόλος;Θεσσαλία;2024-04-21;Platinum
208525;Βασίλης;Νικολάου;M;29;Πάτρα;Δυτική Ελλάδα;2024-10-21;Bronze
208526;Θανάσης;Ιωαννίδης;M;21;Θεσσαλονίκη;Κεντρική Μακεδονία;2024-01-27;Bronze
208527;Δημήτρης;Σταματίου;M;64;Θεσσαλονίκη;Κεντρική Μακεδονία;2024-08-10;Silver
208528;Βασίλης;Παπανικολάου;M;71;Χανιά;Κρήτη;2024-05-03;Bronze
208529;Μιχάλης;Βλάχος;M;38;Αθήνα;Αττική;2024-06-25;Bronze
208530;Γεωργία;Δημητρίου;F;43;Θεσσαλονίκη;Κεντρική Μακεδονία;2024-02-23;Silver
208531;Θανάσης;Χατζής;M;39;Ηράκλειο;Κρήτη;2025-11-29;Bronze
208532;Γιώργος;Παπανικολάου;M;57;Καβάλα;Ανατολική Μακεδονία & Θράκη;2025-05-29;Silver
208533;Βασίλης;Δημητρίου;M;69;Λάρισα;Θεσσαλία;2025-10-30;Gold
208534;Ελένη;Πετρόπουλος;F;59;Λάρισα;Θεσσαλία;2025-12-05;Silver
208535;Γεωργία;Λαμπρόπουλος;F;23;Καβάλα;Ανατολική Μακεδονία & Θράκη;2025-02-20;Bronze
208536;Θανάσης;Γεωργίου;M;24;Βόλος;Θεσσαλία;2024-10-09;Gold
208537;Νίκος;Καρράς;M;62;Καβάλα;Ανατολική Μακεδονία & Θράκη;2024-02-23;Bronze
208538;Ελένη;Παπαδόπουλος;F;37;Σέρρες;Κεντρική Μακεδονία;2025-07-27;Silver
208539;Χρήστος;Κωνσταντίνου;M;60;Βόλος;Θεσσαλία;2025-01-24;Platinum
208540;Γιώργος;Πετρόπουλος;M;53;Ηράκλειο;Κρήτη;2025-10-09;Bronze
208541;Άννα;Καρράς;F;67;Βόλος;Θεσσαλία;2024-05-28;Silver
208542;Θανάσης;Σπυρόπουλος;M;26;Βόλος;Θεσσαλία;2025-10-15;Silver
208543;Γιώργος;Παπανικολάου;M;42;Βόλος;Θεσσαλία;2025-02-25;Silver
208544;Γεωργία;Γεωργίου;F;66;Ιωάννινα;Ήπειρος;2025-03-31;Platinum
208545;Κώστας;Σπυρόπουλος;M;70;Ρόδος;Νότιο Αιγαίο;2024-11-14;Gold
208546;Νίκος;Βλάχος;M;19;Βόλος;Θεσσαλία;2025-08-13;Silver
208547;Άννα;Βλάχος;F;59;Τρίκαλα;Θεσσαλία;2024-06-18;Bronze
208548;Μαρία;Σπυρόπουλος;F;60;Ηράκλειο;Κρήτη;2024-01-17;Bronze
208549;Αγγελική;Ζαχαρίου;F;48;Χανιά;Κρήτη;2025-03-23;Gold
208550;Γιώργος;Νικολάου;M;70;Τρίκαλα;Θεσσαλία;2024-05-24;Silver
208551;Σοφία;Οικονόμου;F;35;Αθήνα;Αττική;2024-05-24;Bronze
208552;Χρήστος;Μιχαηλίδης;M;68;Χανιά;Κρήτη;2025-11-03;Bronze
208553;Νίκος;Παπανικολάου;M;68;Ιωάννινα;Ήπειρος;2025-10-30;Bronze
208554;Αγγελική;Κωνσταντίνου;F;51;Θεσσαλονίκη;Κεντρική Μακεδονία;2025-09-29;Gold
208555;Μαρία;Αναστασίου;F;39;Σέρρες;Κεντρική Μακεδονία;2025-09-16;Silver
208556;Αγγελική;Δημητρίου;F;36;Καβάλα;Ανατολική Μακεδονία & Θράκη;2024-02-06;Bronze
208557;Σοφία;Πετρόπουλος;F;67;Καβάλα;Ανατολική Μακεδονία & Θράκη;2025-11-24;Bronze
208558;Κατερίνα;Χατζής;F;25;Πάτρα;Δυτική Ελλάδα;2025-02-13;Silver
208559;Ανδρέας;Βλάχος;M;32;Λάρισα;Θεσσαλία;2025-01-02;Bronze
208560;Άννα;Παπαδόπουλος;F;57;Σέρρες;Κεντρική Μακεδονία;2024-05-21;Bronze
208561;Αγγελική;Ζαχαρίου;F;59;Ηράκλειο;Κρήτη;2024-08-02;Bronze
208562;Γιώργος;Ζαχαρίου;M;39;Τρίκαλα;Θεσσαλία;2024-06-05;Bronze
208563;Χριστίνα;Κωνσταντίνου;F;39;Ρόδος;Νότιο Αιγαίο;2025-06-20;Bronze
208564;Παναγιώτης;Κωνσταντίνου;M;21;Βόλος;Θεσσαλία;2025-07-04;Gold
208565;Δήμητρα;Πετρόπουλος;F;70;Βόλος;Θεσσαλία;2024-03-21;Silver
208566;Σοφία;Βλάχος;F;67;Ρόδος;Νότιο Αιγαίο;2024-12-19;Platinum
208567;Σοφία;Αναστασίου;F;63;Τρίκαλα;Θεσσαλία;2025-07-30;Silver
208568;Γιώργος;Χατζής;M;41;Λάρισα;Θεσσαλία;2024-11-23;Bronze
208569;Κώστας;Ζαχαρίου;M;31;Θεσσαλονίκη;Κεντρική Μακεδονία;2024-04-10;Gold
208570;Γεωργία;Αναστασίου;F;35;Πάτρα;Δυτική Ελλάδα;2024-07-07;Gold
208571;Κώστας;Πετρόπουλος;M;58;Ρόδος;Νότιο Αιγαίο;2024-12-09;Silver
208572;Σοφία;Νικολάου;F;46;Ρόδος;Νότιο Αιγαίο;2025-02-24;Silver
208573;Παναγιώτης;Πετρόπουλος;M;72;Βόλος;Θεσσαλία;2025-10-24;Bronze
208574;Ιωάννα;Λαμπρόπουλος;F;59;Σέρρες;Κεντρική Μακεδονία;2025-01-23;Silver
208575;Χρήστος;Αλεξίου;M;52;Χανιά;Κρήτη;2024-06-21;Silver
208576;Γιώργος;Παπανικολάου;M;64;Ρόδος;Νότιο Αιγαίο;2024-06-13;Bronze
208577;Νίκος;Γεωργίου;M;50;Ρόδος;Νότιο Αιγαίο;2024-10-16;Bronze
208578;Νίκος;Δημητρίου;M;45;Ιωάννινα;Ήπειρος;2025-01-13;Gold
208579;Χριστίνα;Βλάχος;F;58;Ιωάννινα;Ήπειρος;2024-08-15;Bronze
208580;Άννα;Αλεξίου;F;38;Ρόδος;Νότιο Αιγαίο;2024-02-11;Bronze
208581;Σοφία;Παπαδόπουλος;F;47;Σέρρες;Κεντρική Μακεδονία;2025-10-06;Bronze
208582;Χριστίνα;Χατζής;F;36;Θεσσαλονίκη;Κεντρική Μακεδονία;2024-09-27;Platinum
208583;Άννα;Παπανικολάου;F;57;Πάτρα;Δυτική Ελλάδα;2025-12-07;Silver
208584;Κατερίνα;Ιωαννίδης;F;66;Καβάλα;Ανατολική Μακεδονία & Θράκη;2025-04-13;Bronze
208585;Χρήστος;Γεωργίου;M;69;Ιωάννινα;Ήπειρος;2025-01-07;Bronze
208586;Δήμητρα;Σπυρόπουλος;F;43;Λάρισα;Θεσσαλία;2024-01-14;Bronze
208587;Χρήστος;Ιωαννίδης;M;39;Χανιά;Κρήτη;2025-02-05;Bronze
208588;Νίκος;Οικονόμου;M;45;Ρόδος;Νότιο Αιγαίο;2025-02-22;Silver
208589;Γεωργία;Βλάχος;F;57;Πάτρα;Δυτική Ελλάδα;2024-10-14;Gold
208590;Κατερίνα;Βλάχος;F;37;Λάρισα;Θεσσαλία;2024-07-24;Bronze
208591;Βασίλης;Παπανικολάου;M;23;Βόλος;Θεσσαλία;2025-03-01;Bronze
208592;Μιχάλης;Πετρόπουλος;M;67;Λάρισα;Θεσσαλία;2025-03-30;Bronze
208593;Ελένη;Καραγιάννης;F;65;Ηράκλειο;Κρήτη;2024-08-16;Silver
208594;Μαρία;Γεωργίου;F;21;Καβάλα;Ανατολική Μακεδονία & Θράκη;2025-07-04;Platinum
208595;Χριστίνα;Οικονόμου;F;41;Ηράκλειο;Κρήτη;2024-10-16;Silver
208596;Μαρία;Αλεξίου;F;39;Χανιά;Κρήτη;2025-12-08;Gold
208597;Χρήστος;Ιωαννίδης;M;37;Ρόδος;Νότιο Αιγαίο;2025-07-07;Silver
208598;Χρήστος;Γεωργίου;M;50;Λάρισα;Θεσσαλία;2025-01-26;Bronze
208599;Χριστίνα;Παπαδόπουλος;F;51;Σέρρες;Κεντρική Μακεδονία;2025-01-14;Gold
208600;Σοφία;Καρράς;F;69;Αθήνα;Αττική;2024-07-27;Gold
208601;Κώστας;Αναστασίου;M;26;Χανιά;Κρήτη;2025-03-17;Bronze
208602;Μιχάλης;Γεωργίου;M;57;Σέρρες;Κεντρική Μακεδονία;2024-05-25;Bronze
208603;Χρήστος;Μιχαηλίδης;M;65;Βόλος;Θεσσαλία;2025-03-21;Bronze
208604;Θανάσης;Οικονόμου;M;42;Σέρρες;Κεντρική Μακεδονία;2024-02-15;Platinum
208605;Μιχάλης;Καραγιάννης;M;66;Πάτρα;Δυτική Ελλάδα;2025-11-13;Bronze
208606;Ιωάννα;Καρράς;F;22;Λάρισα;Θεσσαλία;2025-04-15;Silver
208607;Δήμητρα;Καραγιάννης;F;58;Θεσσαλονίκη;Κεντρική Μακεδονία;2025-03-02;Bronze
208608;Κώστας;Μιχαηλίδης;M;25;Τρίκαλα;Θεσσαλία;2025-11-06;Silver
208609;Δημήτρης;Κωνσταντίνου;M;55;Τρίκαλα;Θεσσαλία;2024-09-18;Gold
208610;Ιωάννα;Σταματίου;F;35;Τρίκαλα;Θεσσαλία;2024-09-25;Silver
208611;Μιχάλης;Καρράς;M;35;Χανιά;Κρήτη;2024-07-07;Bronze
208612;Αγγελική;Δημητρίου;F;19;Ρόδος;Νότιο Αιγαίο;2025-09-01;Gold
208613;Ιωάννα;Ζαχαρίου;F;69;Θεσσαλονίκη;Κεντρική Μακεδονία;2025-07-29;Bronze
208614;Μιχάλης;Παπαδόπουλος;M;32;Σέρρες;Κεντρική Μακεδονία;2024-09-01;Silver
208615;Χριστίνα;Καρράς;F;48;Αθήνα;Αττική;2024-12-14;Bronze
208616;Γιώργος;Λαμπρόπουλος;M;67;Βόλος;Θεσσαλία;2024-03-29;Silver
208617;Βασίλης;Μιχαηλίδης;M;21;Ιωάννινα;Ήπειρος;2025-08-05;Bronze
208618;Παναγιώτης;Πετρόπουλος;M;53;Ρόδος;Νότιο Αιγαίο;2025-01-07;Bronze
208619;Νίκος;Οικονόμου;M;71;Ηράκλειο;Κρήτη;2024-01-14;Platinum
208620;Δήμητρα;Ζαχαρίου;F;42;Ηράκλειο;Κρήτη;2025-07-22;Silver
208621;Παναγιώτης;Οικονόμου;M;69;Λάρισα;Θεσσαλία;2024-10-01;Bronze
208622;Ελένη;Μιχαηλίδης;F;43;Σέρρες;Κεντρική Μακεδονία;2025-10-19;Platinum
208623;Δημήτρης;Παπαδόπουλος;M;43;Ηράκλειο;Κρήτη;2024-12-01;Bronze
208624;Άννα;Χατζής;F;44;Θεσσαλονίκη;Κεντρική Μακεδονία;2025-10-06;Gold
208625;Παναγιώτης;Ζαχαρίου;M;68;Αθήνα;Αττική;2025-06-11;Silver
208626;Ανδρέας;Καραγιάννης;M;34;Σέρρες;Κεντρική Μακεδονία;2025-08-19;Silver
208627;Δήμητρα;Ζαχαρίου;F;63;Λάρισα;Θεσσαλία;2024-02-24;Bronze
208628;Βασίλης;Σπυρόπουλος;M;22;Ηράκλειο;Κρήτη;2025-07-05;Silver
208629;Μιχάλης;Χατζής;M;62;Ηράκλειο;Κρήτη;2024-12-12;Silver
208630;Σοφία;Παπανικολάου;F;68;Χανιά;Κρήτη;2025-09-24;Bronze
208631;Άννα;Οικονόμου;F;25;Ρόδος;Νότιο Αιγαίο;2025-09-06;Bronze
208632;Ελένη;Κωνσταντίνου;F;62;Βόλος;Θεσσαλία;2025-11-26;Bronze
208633;Παναγιώτης;Ιωαννίδης;M;64;Σέρρες;Κεντρική Μακεδονία;2025-02-15;Bronze
208634;Άννα;Οικονόμου;F;40;Θεσσαλονίκη;Κεντρική Μακεδονία;2024-05-21;Silver
208635;Χρήστος;Αλεξίου;M;71;Καβάλα;Ανατολική Μακεδονία & Θράκη;2025-09-24;Silver
208636;Νίκος;Σπυρόπουλος;M;33;Ηράκλειο;Κρήτη;2024-07-22;Platinum
208637;Χριστίνα;Λαμπρόπουλος;F;58;Ηράκλειο;Κρήτη;2025-02-07;Silver
208638;Ιωάννα;Οικονόμου;F;64;Τρίκαλα;Θεσσαλία;2025-10-09;Gold
208639;Ανδρέας;Οικονόμου;M;71;Τρίκαλα;Θεσσαλία;2024-09-05;Bronze
208640;Χρήστος;Νικολάου;M;57;Πάτρα;Δυτική Ελλάδα;2024-07-24;Silver
208641;Κατερίνα;Γεωργίου;F;72;Ηράκλειο;Κρήτη;2024-09-25;Gold
208642;Ανδρέας;Σπυρόπουλος;M;23;Πάτρα;Δυτική Ελλάδα;2024-01-17;Gold
208643;Ιωάννα;Αναστασίου;F;57;Πάτρα;Δυτική Ελλάδα;2024-03-11;Bronze
208644;Μαρία;Μιχαηλίδης;F;50;Πάτρα;Δυτική Ελλάδα;2025-06-27;Silver
208645;Βασίλης;Σπυρόπουλος;M;20;Πάτρα;Δυτική Ελλάδα;2024-09-15;Bronze
208646;Δήμητρα;Βλάχος;F;25;Σέρρες;Κεντρική Μακεδονία;2024-02-21;Silver
208647;Μιχάλης;Παπαδόπουλος;M;18;Σέρρες;Κεντρική Μακεδονία;2025-08-14;Bronze
208648;Ιωάννα;Αναστασίου;F;34;Ηράκλειο;Κρήτη;2025-10-21;Gold
208649;Παναγιώτης;Ιωαννίδης;M;59;Καβάλα;Ανατολική Μακεδονία & Θράκη;2024-03-13;Bronze
208650;Ανδρέας;Καρράς;M;31;Ηράκλειο;Κρήτη;2025-02-02;Bronze
208651;Γιώργος;Δημητρίου;M;72;Ηράκλειο;Κρήτη;2025-12-02;Bronze
208652;Κώστας;Αλεξίου;M;19;Ηράκλειο;Κρήτη;2025-02-12;Silver
208653;Αγγελική;Αναστασίου;F;46;Ηράκλειο;Κρήτη;2024-02-10;Silver
208654;Γεωργία;Οικονόμου;F;30;Βόλος;Θεσσαλία;2024-01-30;Bronze
208655;Κατερίνα;Οικονόμου;F;43;Πάτρα;Δυτική Ελλάδα;2025-06-03;Silver
208656;Αγγελική;Παπαδόπουλος;F;35;Πάτρα;Δυτική Ελλάδα;2024-10-25;Gold
208657;Ελένη;Δημητρίου;F;60;Ιωάννινα;Ήπειρος;2025-06-22;Silver
208658;Θανάσης;Σταματίου;M;22;Θεσσαλονίκη;Κεντρική Μακεδονία;2024-11-15;Gold
208659;Ιωάννα;Λαμπρόπουλος;F;40;Χανιά;Κρήτη;2025-04-07;Bronze
208660;Χριστίνα;Μιχαηλίδης;F;48;Ιωάννινα;Ήπειρος;2025-02-12;Silver
208661;Γιώργος;Παπαδόπουλος;M;65;Καβάλα;Ανατολική Μακεδονία & Θράκη;2024-08-01;Silver
208662;Βασίλης;Σπυρόπουλος;M;68;Καβάλα;Ανατολική Μακεδονία & Θράκη;2024-10-24;Gold
208663;Άννα;Ζαχαρίου;F;60;Βόλος;Θεσσαλία;2024-01-18;Silver
208664;Ανδρέας;Σπυρόπουλος;M;19;Λάρισα;Θεσσαλία;2024-09-29;Gold
208665;Δήμητρα;Κωνσταντίνου;F;28;Χανιά;Κρήτη;2024-09-08;Bronze
208666;Σοφία;Σταματίου;F;24;Αθήνα;Αττική;2025-08-18;Bronze
208667;Ανδρέας;Αναστασίου;M;61;Καβάλα;Ανατολική Μακεδονία & Θράκη;2025-08-27;Silver
208668;Αγγελική;Χατζής;F;50;Ηράκλειο;Κρήτη;2024-01-07;Gold
208669;Μαρία;Λαμπρόπουλος;F;19;Τρίκαλα;Θεσσαλία;2025-04-24;Bronze
208670;Θανάσης;Βλάχος;M;60;Τρίκαλα;Θεσσαλία;2025-08-27;Silver
208671;Χριστίνα;Σπυρόπουλος;F;66;Ιωάννινα;Ήπειρος;2024-01-10;Platinum
208672;Κατερίνα;Καραγιάννης;F;20;Ρόδος;Νότιο Αιγαίο;2025-06-11;Bronze
208673;Δήμητρα;Αναστασίου;F;65;Χανιά;Κρήτη;2025-10-05;Silver
208674;Άννα;Αλεξίου;F;68;Χανιά;Κρήτη;2025-10-22;Platinum
208675;Άννα;Καρράς;F;32;Λάρισα;Θεσσαλία;2025-03-30;Gold
208676;Χρήστος;Καραγιάννης;M;50;Αθήνα;Αττική;2024-09-20;Gold
208677;Αγγελική;Οικονόμου;F;40;Σέρρες;Κεντρική Μακεδονία;2025-12-02;Gold
208678;Σοφία;Ιωαννίδης;F;68;Πάτρα;Δυτική Ελλάδα;2025-08-22;Bronze
208679;Παναγιώτης;Χατζής;M;24;Λάρισα;Θεσσαλία;2025-07-13;Bronze
208680;Σοφία;Παπανικολάου;F;54;Πάτρα;Δυτική Ελλάδα;2024-04-09;Silver
208681;Νίκος;Οικονόμου;M;40;Χανιά;Κρήτη;2025-05-07;Bronze
208682;Γεωργία;Κωνσταντίνου;F;69;Ιωάννινα;Ήπειρος;2024-03-08;Silver
208683;Ελένη;Μιχαηλίδης;F;38;Τρίκαλα;Θεσσαλία;2025-05-25;Bronze
208684;Μιχάλης;Λαμπρόπουλος;M;61;Καβάλα;Ανατολική Μακεδονία & Θράκη;2024-11-15;Platinum
208685;Γιώργος;Παπανικολάου;M;43;Ιωάννινα;Ήπειρος;2024-07-17;Gold
208686;Κατερίνα;Κωνσταντίνου;F;45;Ηράκλειο;Κρήτη;2024-02-02;Bronze
208687;Ιωάννα;Λαμπρόπουλος;F;65;Ιωάννινα;Ήπειρος;2024-12-11;Gold
208688;Ιωάννα;Λαμπρόπουλος;F;42;Ιωάννινα;Ήπειρος;2025-02-04;Silver
208689;Χρήστος;Παπαδόπουλος;M;32;Πάτρα;Δυτική Ελλάδα;2024-04-08;Bronze
208690;Παναγιώτης;Παπανικολάου;M;53;Ιωάννινα;Ήπειρος;2024-03-25;Bronze
208691;Ιωάννα;Πετρόπουλος;F;54;Χανιά;Κρήτη;2024-11-01;Gold
208692;Βασίλης;Ιωαννίδης;M;22;Ρόδος;Νότιο Αιγαίο;2025-08-31;Bronze
208693;Κώστας;Καραγιάννης;M;65;Ιωάννινα;Ήπειρος;2024-05-24;Gold
208694;Βασίλης;Νικολάου;M;32;Καβάλα;Ανατολική Μακεδονία & Θράκη;2024-04-22;Bronze
208695;Μαρία;Σταματίου;F;30;Ηράκλειο;Κρήτη;2025-12-07;Silver
208696;Παναγιώτης;Σπυρόπουλος;M;63;Ηράκλειο;Κρήτη;2024-06-04;Gold
208697;Κώστας;Κωνσταντίνου;M;30;Τρίκαλα;Θεσσαλία;2025-05-16;Gold
208698;Νίκος;Καρράς;M;26;Βόλος;Θεσσαλία;2025-08-10;Bronze
208699;Ελένη;Ζαχαρίου;F;41;Θεσσαλονίκη;Κεντρική Μακεδονία;2024-05-01;Bronze
208700;Ιωάννα;Σπυρόπουλος;F;71;Θεσσαλονίκη;Κεντρική Μακεδονία;2025-01-28;Bronze
208701;Γεωργία;Αλεξίου;F;51;Αθήνα;Αττική;2025-08-31;Gold
208702;Μιχάλης;Ζαχαρίου;M;66;Ιωάννινα;Ήπειρος;2024-04-23;Bronze
208703;Θανάσης;Σταματίου;M;53;Ηράκλειο;Κρήτη;2025-12-03;Silver
208704;Μαρία;Νικολάου;F;45;Σέρρες;Κεντρική Μακεδονία;2025-12-31;Gold
208705;Ανδρέας;Λαμπρόπουλος;M;64;Χανιά;Κρήτη;2025-08-03;Silver
208706;Ανδρέας;Αναστασίου;M;21;Χανιά;Κρήτη;2024-11-18;Gold
208707;Κατερίνα;Παπαδόπουλος;F;37;Ρόδος;Νότιο Αιγαίο;2025-01-06;Silver
208708;Βασίλης;Καραγιάννης;M;42;Καβάλα;Ανατολική Μακεδονία & Θράκη;2025-11-16;Bronze
208709;Δήμητρα;Βλάχος;F;66;Χανιά;Κρήτη;2025-02-23;Bronze
208710;Παναγιώτης;Παπανικολάου;M;59;Ηράκλειο;Κρήτη;2025-08-28;Gold
208711;Ελένη;Αλεξίου;F;65;Ηράκλειο;Κρήτη;2025-05-15;Bronze
208712;Χρήστος;Αναστασίου;M;71;Αθήνα;Αττική;2025-06-16;Bronze
208713;Σοφία;Αναστασίου;F;53;Ρόδος;Νότιο Αιγαίο;2024-03-02;Gold
208714;Γιώργος;Ζαχαρίου;M;36;Πάτρα;Δυτική Ελλάδα;2025-04-23;Bronze
208715;Θανάσης;Νικολάου;M;23;Βόλος;Θεσσαλία;2025-05-02;Platinum
208716;Σοφία;Κωνσταντίνου;F;63;Χανιά;Κρήτη;2024-06-16;Silver
208717;Ελένη;Σταματίου;F;18;Βόλος;Θεσσαλία;2024-05-31;Silver
208718;Μαρία;Οικονόμου;F;25;Ρόδος;Νότιο Αιγαίο;2024-02-18;Bronze
208719;Χριστίνα;Ιωαννίδης;F;27;Θεσσαλονίκη;Κεντρική Μακεδονία;2025-10-05;Silver
208720;Κώστας;Ιωαννίδης;M;43;Πάτρα;Δυτική Ελλάδα;2024-09-15;Bronze
208721;Χριστίνα;Νικολάου;F;71;Ρόδος;Νότιο Αιγαίο;2024-06-08;Silver
208722;Χρήστος;Καρράς;M;40;Λάρισα;Θεσσαλία;2025-01-10;Gold
208723;Ιωάννα;Οικονόμου;F;30;Καβάλα;Ανατολική Μακεδονία & Θράκη;2024-02-19;Bronze
208724;Γιώργος;Χατζής;M;41;Τρίκαλα;Θεσσαλία;2025-01-08;Silver
208725;Άννα;Ζαχαρίου;F;51;Τρίκαλα;Θεσσαλία;2024-05-12;Platinum
208726;Αγγελική;Κωνσταντίνου;F;62;Ηράκλειο;Κρήτη;2025-04-14;Bronze
208727;Μιχάλης;Δημητρίου;M;71;Σέρρες;Κεντρική Μακεδονία;2025-12-06;Gold
208728;Χριστίνα;Πετρόπουλος;F;24;Τρίκαλα;Θεσσαλία;2024-03-05;Silver
208729;Αγγελική;Δημητρίου;F;50;Χανιά;Κρήτη;2025-05-14;Gold
208730;Ανδρέας;Λαμπρόπουλος;M;55;Θεσσαλονίκη;Κεντρική Μακεδονία;2025-06-25;Silver
208731;Κατερίνα;Βλάχος;F;56;Ηράκλειο;Κρήτη;2025-04-22;Silver
208732;Βασίλης;Σπυρόπουλος;M;22;Ρόδος;Νότιο Αιγαίο;2025-01-07;Silver
208733;Χριστίνα;Σταματίου;F;66;Θεσσαλονίκη;Κεντρική Μακεδονία;2024-01-10;Platinum
208734;Παναγιώτης;Καραγιάννης;M;63;Θεσσαλονίκη;Κεντρική Μακεδονία;2025-08-07;Gold
208735;Χρήστος;Παπανικολάου;M;45;Χανιά;Κρήτη;2024-12-13;Gold
208736;Γιώργος;Αλεξίου;M;46;Αθήνα;Αττική;2025-07-08;Platinum
208737;Παναγιώτης;Καρράς;M;72;Ηράκλειο;Κρήτη;2025-08-26;Bronze
208738;Μιχάλης;Αναστασίου;M;29;Ηράκλειο;Κρήτη;2025-04-27;Gold
208739;Μιχάλης;Καρράς;M;26;Ηράκλειο;Κρήτη;2024-04-23;Silver
208740;Ιωάννα;Παπαδόπουλος;F;23;Πάτρα;Δυτική Ελλάδα;2025-02-07;Silver
208741;Χριστίνα;Σταματίου;F;57;Πάτρα;Δυτική Ελλάδα;2025-02-16;Bronze
208742;Δημήτρης;Μιχαηλίδης;M;26;Αθήνα;Αττική;2024-04-06;Platinum
208743;Παναγιώτης;Νικολάου;M;24;Λάρισα;Θεσσαλία;2025-06-05;Gold
208744;Άννα;Παπαδόπουλος;F;27;Τρίκαλα;Θεσσαλία;2025-08-29;Silver
208745;Βασίλης;Γεωργίου;M;23;Χανιά;Κρήτη;2024-01-19;Bronze
208746;Αγγελική;Λαμπρόπουλος;F;39;Ηράκλειο;Κρήτη;2025-01-08;Silver
208747;Ανδρέας;Ζαχαρίου;M;29;Σέρρες;Κεντρική Μακεδονία;2025-03-14;Bronze
208748;Ιωάννα;Ζαχαρίου;F;51;Τρίκαλα;Θεσσαλία;2025-06-26;Gold
208749;Δήμητρα;Πετρόπουλος;F;25;Ρόδος;Νότιο Αιγαίο;2025-06-17;Silver
208750;Δημήτρης;Αλεξίου;M;54;Θεσσαλονίκη;Κεντρική Μακεδονία;2025-05-18;Bronze
208751;Βασίλης;Ζαχαρίου;M;28;Σέρρες;Κεντρική Μακεδονία;2024-08-18;Silver
208752;Δήμητρα;Αναστασίου;F;23;Ηράκλειο;Κρήτη;2025-06-26;Silver
208753;Δήμητρα;Αναστασίου;F;69;Λάρισα;Θεσσαλία;2024-01-28;Gold
208754;Σοφία;Καραγιάννης;F;38;Βόλος;Θεσσαλία;2024-07-15;Bronze
208755;Δημήτρης;Καρράς;M;71;Ρόδος;Νότιο Αιγαίο;2024-02-11;Gold
208756;Κώστας;Αναστασίου;M;55;Ρόδος;Νότιο Αιγαίο;2024-04-30;Bronze
208757;Γιώργος;Καραγιάννης;M;24;Καβάλα;Ανατολική Μακεδονία & Θράκη;2025-07-18;Silver
208758;Ιωάννα;Ιωαννίδης;F;65;Ηράκλειο;Κρήτη;2025-12-05;Bronze
208759;Γιώργος;Κωνσταντίνου;M;71;Βόλος;Θεσσαλία;2024-11-07;Bronze
208760;Κατερίνα;Καραγιάννης;F;41;Ηράκλειο;Κρήτη;2025-04-22;Bronze
208761;Κώστας;Μιχαηλίδης;M;72;Τρίκαλα;Θεσσαλία;2025-08-12;Gold
208762;Μιχάλης;Νικολάου;M;34;Λάρισα;Θεσσαλία;2024-10-07;Silver
208763;Ελένη;Σταματίου;F;28;Ιωάννινα;Ήπειρος;2025-08-28;Bronze
208764;Παναγιώτης;Βλάχος;M;44;Ρόδος;Νότιο Αιγαίο;2024-06-15;Gold
208765;Γιώργος;Χατζής;M;24;Πάτρα;Δυτική Ελλάδα;2024-12-20;Silver
208766;Άννα;Αναστασίου;F;65;Αθήνα;Αττική;2024-05-17;Silver
208767;Βασίλης;Χατζής;M;40;Ηράκλειο;Κρήτη;2025-06-03;Platinum
208768;Μαρία;Καρράς;F;60;Λάρισα;Θεσσαλία;2024-02-05;Bronze
208769;Σοφία;Λαμπρόπουλος;F;54;Ιωάννινα;Ήπειρος;2025-05-26;Silver
208770;Χρήστος;Βλάχος;M;49;Ιωάννινα;Ήπειρος;2025-09-15;Bronze
208771;Ελένη;Παπαδόπουλος;F;39;Τρίκαλα;Θεσσαλία;2025-08-08;Silver
208772;Νίκος;Λαμπρόπουλος;M;19;Λάρισα;Θεσσαλία;2025-11-14;Bronze
208773;Γεωργία;Αναστασίου;F;19;Βόλος;Θεσσαλία;2024-02-08;Gold
208774;Ελένη;Παπανικολάου;F;55;Λάρισα;Θεσσαλία;2025-09-11;Bronze
208775;Δημήτρης;Παπανικολάου;M;44;Σέρρες;Κεντρική Μακεδονία;2024-06-14;Silver
208776;Χρήστος;Δημητρίου;M;19;Σέρρες;Κεντρική Μακεδονία;2025-01-05;Bronze
208777;Μιχάλης;Γεωργίου;M;57;Σέρρες;Κεντρική Μακεδονία;2025-01-07;Bronze
208778;Βασίλης;Γεωργίου;M;47;Καβάλα;Ανατολική Μακεδονία & Θράκη;2024-09-25;Bronze
208779;Ιωάννα;Χατζής;F;46;Βόλος;Θεσσαλία;2025-11-03;Bronze
208780;Ανδρέας;Αναστασίου;M;38;Τρίκαλα;Θεσσαλία;2024-03-06;Bronze
208781;Δημήτρης;Χατζής;M;51;Πάτρα;Δυτική Ελλάδα;2025-06-16;Silver
208782;Ιωάννα;Παπαδόπουλος;F;20;Ρόδος;Νότιο Αιγαίο;2025-04-11;Bronze
208783;Βασίλης;Λαμπρόπουλος;M;44;Χανιά;Κρήτη;2024-05-20;Gold
208784;Δήμητρα;Καραγιάννης;F;24;Ρόδος;Νότιο Αιγαίο;2025-11-21;Platinum
208785;Κατερίνα;Αλεξίου;F;21;Σέρρες;Κεντρική Μακεδονία;2025-03-25;Bronze
208786;Ιωάννα;Λαμπρόπουλος;F;44;Σέρρες;Κεντρική Μακεδονία;2024-04-06;Bronze
208787;Ελένη;Αλεξίου;F;71;Αθήνα;Αττική;2024-02-07;Silver
208788;Κώστας;Σταματίου;M;19;Ιωάννινα;Ήπειρος;2024-10-26;Bronze
208789;Χρήστος;Καρράς;M;49;Πάτρα;Δυτική Ελλάδα;2025-09-22;Platinum
208790;Χρήστος;Δημητρίου;M;55;Σέρρες;Κεντρική Μακεδονία;2024-11-08;Silver
208791;Κώστας;Ζαχαρίου;M;62;Σέρρες;Κεντρική Μακεδονία;2025-12-15;Gold
208792;Άννα;Ζαχαρίου;F;61;Αθήνα;Αττική;2024-06-29;Bronze
208793;Βασίλης;Οικονόμου;M;32;Θεσσαλονίκη;Κεντρική Μακεδονία;2024-12-20;Bronze
208794;Κώστας;Καρράς;M;38;Σέρρες;Κεντρική Μακεδονία;2025-06-22;Bronze
208795;Ιωάννα;Σταματίου;F;55;Σέρρες;Κεντρική Μακεδονία;2025-10-23;Bronze
208796;Αγγελική;Αλεξίου;F;45;Ηράκλειο;Κρήτη;2025-03-01;Silver
208797;Δημήτρης;Παπαδόπουλος;M;38;Τρίκαλα;Θεσσαλία;2024-08-13;Bronze
208798;Κατερίνα;Καρράς;F;21;Αθήνα;Αττική;2024-03-11;Silver
208799;Κώστας;Βλάχος;M;19;Καβάλα;Ανατολική Μακεδονία & Θράκη;2024-08-05;Silver
208800;Νίκος;Νικολάου;M;28;Θεσσαλονίκη;Κεντρική Μακεδονία;2024-05-19;Bronze
208801;Χρήστος;Ιωαννίδης;M;26;Θεσσαλονίκη;Κεντρική Μακεδονία;2024-03-02;Bronze
208802;Σοφία;Παπανικολάου;F;29;Αθήνα;Αττική;2024-12-22;Silver
208803;Θανάσης;Χατζής;M;23;Θεσσαλονίκη;Κεντρική Μακεδονία;2025-09-14;Silver
208804;Ελένη;Παπανικολάου;F;50;Αθήνα;Αττική;2025-06-06;Gold
208805;Νίκος;Δημητρίου;M;71;Βόλος;Θεσσαλία;2024-01-24;Silver
208806;Ελένη;Σταματίου;F;70;Πάτρα;Δυτική Ελλάδα;2024-12-17;Bronze
208807;Νίκος;Σταματίου;M;50;Καβάλα;Ανατολική Μακεδονία & Θράκη;2024-12-05;Bronze
208808;Χρήστος;Σπυρόπουλος;M;69;Αθήνα;Αττική;2024-07-18;Silver
208809;Άννα;Λαμπρόπουλος;F;18;Καβάλα;Ανατολική Μακεδονία & Θράκη;2025-09-23;Silver
208810;Γεωργία;Βλάχος;F;49;Θεσσαλονίκη;Κεντρική Μακεδονία;2025-09-06;Bronze
208811;Δήμητρα;Γεωργίου;F;37;Θεσσαλονίκη;Κεντρική Μακεδονία;2024-09-18;Bronze
208812;Μιχάλης;Παπανικολάου;M;66;Ιωάννινα;Ήπειρος;2024-03-06;Bronze
208813;Αγγελική;Βλάχος;F;68;Λάρισα;Θεσσαλία;2025-07-06;Silver
208814;Γεωργία;Δημητρίου;F;70;Πάτρα;Δυτική Ελλάδα;2025-04-23;Bronze
208815;Χρήστος;Σταματίου;M;37;Καβάλα;Ανατολική Μακεδονία & Θράκη;2025-09-20;Platinum
208816;Ανδρέας;Σταματίου;M;66;Ηράκλειο;Κρήτη;2025-11-30;Bronze
208817;Ιωάννα;Παπανικολάου;F;18;Ρόδος;Νότιο Αιγαίο;2024-03-12;Gold
208818;Ανδρέας;Καρράς;M;30;Σέρρες;Κεντρική Μακεδονία;2025-01-21;Platinum
208819;Μαρία;Ιωαννίδης;F;51;Βόλος;Θεσσαλία;2025-06-02;Silver
208820;Βασίλης;Ιωαννίδης;M;40;Καβάλα;Ανατολική Μακεδονία & Θράκη;2025-05-01;Bronze
208821;Μιχάλης;Σπυρόπουλος;M;41;Καβάλα;Ανατολική Μακεδονία & Θράκη;2025-03-12;Platinum
208822;Κατερίνα;Σπυρόπουλος;F;22;Αθήνα;Αττική;2025-12-27;Bronze
208823;Παναγιώτης;Σταματίου;M;67;Αθήνα;Αττική;2024-09-12;Bronze
208824;Ανδρέας;Βλάχος;M;53;Ιωάννινα;Ήπειρος;2025-06-25;Bronze
208825;Ανδρέας;Πετρόπουλος;M;71;Καβάλα;Ανατολική Μακεδονία & Θράκη;2025-07-03;Bronze
208826;Αγγελική;Μιχαηλίδης;F;25;Ιωάννινα;Ήπειρος;2025-09-11;Bronze
208827;Άννα;Κωνσταντίνου;F;63;Καβάλα;Ανατολική Μακεδονία & Θράκη;2024-12-01;Bronze
208828;Σοφία;Ζαχαρίου;F;24;Λάρισα;Θεσσαλία;2024-11-02;Gold
208829;Θανάσης;Κωνσταντίνου;M;35;Ιωάννινα;Ήπειρος;2025-09-08;Bronze
208830;Κατερίνα;Καρράς;F;67;Ηράκλειο;Κρήτη;2025-09-03;Gold
208831;Θανάσης;Ζαχαρίου;M;24;Τρίκαλα;Θεσσαλία;2024-08-21;Silver
208832;Δημήτρης;Κωνσταντίνου;M;62;Ρόδος;Νότιο Αιγαίο;2025-10-22;Bronze
208833;Ανδρέας;Παπανικολάου;M;29;Ρόδος;Νότιο Αιγαίο;2025-09-24;Bronze
208834;Ιωάννα;Σπυρόπουλος;F;23;Ηράκλειο;Κρήτη;2025-01-13;Silver
208835;Ελένη;Μιχαηλίδης;F;19;Αθήνα;Αττική;2024-03-23;Bronze
208836;Δημήτρης;Καραγιάννης;M;50;Καβάλα;Ανατολική Μακεδονία & Θράκη;2024-03-10;Gold
208837;Γεωργία;Σπυρόπουλος;F;60;Τρίκαλα;Θεσσαλία;2025-06-21;Silver
208838;Θανάσης;Βλάχος;M;21;Ρόδος;Νότιο Αιγαίο;2024-02-28;Gold
208839;Ιωάννα;Νικολάου;F;70;Βόλος;Θεσσαλία;2025-07-21;Bronze
208840;Θανάσης;Παπαδόπουλος;M;72;Ιωάννινα;Ήπειρος;2024-07-10;Silver
208841;Θανάσης;Κωνσταντίνου;M;44;Τρίκαλα;Θεσσαλία;2025-01-28;Silver
208842;Ανδρέας;Παπαδόπουλος;M;44;Χανιά;Κρήτη;2025-08-03;Bronze
208843;Ανδρέας;Ιωαννίδης;M;64;Πάτρα;Δυτική Ελλάδα;2025-06-01;Silver
208844;Άννα;Σπυρόπουλος;F;58;Χανιά;Κρήτη;2024-09-26;Bronze
208845;Παναγιώτης;Γεωργίου;M;55;Αθήνα;Αττική;2024-06-26;Platinum
208846;Χρήστος;Γεωργίου;M;49;Καβάλα;Ανατολική Μακεδονία & Θράκη;2024-05-19;Bronze
208847;Γεωργία;Σπυρόπουλος;F;66;Ηράκλειο;Κρήτη;2024-02-02;Silver
208848;Ανδρέας;Βλάχος;M;69;Ηράκλειο;Κρήτη;2024-02-27;Bronze
208849;Ανδρέας;Γεωργίου;M;72;Χανιά;Κρήτη;2025-03-13;Bronze
208850;Παναγιώτης;Ζαχαρίου;M;41;Τρίκαλα;Θεσσαλία;2024-11-21;Bronze
208851;Νίκος;Βλάχος;M;67;Καβάλα;Ανατολική Μακεδονία & Θράκη;2024-10-27;Silver
208852;Ελένη;Ιωαννίδης;F;42;Βόλος;Θεσσαλία;2024-02-23;Bronze
208853;Ελένη;Παπανικολάου;F;65;Τρίκαλα;Θεσσαλία;2024-02-01;Bronze
208854;Αγγελική;Ζαχαρίου;F;32;Χανιά;Κρήτη;2024-06-01;Bronze
208855;Γιώργος;Δημητρίου;M;27;Αθήνα;Αττική;2024-05-27;Silver
208856;Ανδρέας;Νικολάου;M;43;Πάτρα;Δυτική Ελλάδα;2024-02-19;Silver
208857;Ιωάννα;Χατζής;F;41;Τρίκαλα;Θεσσαλία;2025-05-19;Bronze
208858;Ελένη;Ζαχαρίου;F;45;Ρόδος;Νότιο Αιγαίο;2025-04-04;Bronze
208859;Γιώργος;Καρράς;M;72;Ρόδος;Νότιο Αιγαίο;2025-04-22;Bronze
208860;Αγγελική;Σπυρόπουλος;F;69;Τρίκαλα;Θεσσαλία;2025-10-20;Silver
208861;Γεωργία;Νικολάου;F;72;Σέρρες;Κεντρική Μακεδονία;2024-08-03;Bronze
208862;Ελένη;Γεωργίου;F;18;Σέρρες;Κεντρική Μακεδονία;2025-07-25;Bronze
208863;Αγγελική;Αλεξίου;F;23;Ηράκλειο;Κρήτη;2024-12-03;Gold
208864;Θανάσης;Οικονόμου;M;55;Τρίκαλα;Θεσσαλία;2024-07-20;Silver
208865;Χριστίνα;Γεωργίου;F;48;Ιωάννινα;Ήπειρος;2025-01-04;Silver
208866;Βασίλης;Ζαχαρίου;M;69;Ηράκλειο;Κρήτη;2025-04-21;Gold
208867;Χρήστος;Δημητρίου;M;59;Τρίκαλα;Θεσσαλία;2025-04-06;Bronze
208868;Δήμητρα;Οικονόμου;F;46;Βόλος;Θεσσαλία;2025-07-07;Bronze
208869;Θανάσης;Γεωργίου;M;69;Σέρρες;Κεντρική Μακεδονία;2025-05-05;Platinum
208870;Χρήστος;Κωνσταντίνου;M;21;Χανιά;Κρήτη;2024-07-20;Bronze
208871;Σοφία;Αλεξίου;F;35;Αθήνα;Αττική;2024-07-06;Gold
208872;Δήμητρα;Χατζής;F;56;Θεσσαλονίκη;Κεντρική Μακεδονία;2024-02-27;Silver
208873;Ελένη;Καραγιάννης;F;38;Ιωάννινα;Ήπειρος;2025-01-21;Silver
208874;Ανδρέας;Καραγιάννης;M;55;Αθήνα;Αττική;2024-07-18;Gold
208875;Βασίλης;Καρράς;M;66;Χανιά;Κρήτη;2024-07-25;Bronze
208876;Μιχάλης;Αλεξίου;M;53;Τρίκαλα;Θεσσαλία;2025-12-02;Bronze
208877;Άννα;Σπυρόπουλος;F;18;Θεσσαλονίκη;Κεντρική Μακεδονία;2024-05-05;Bronze
208878;Γεωργία;Χατζής;F;29;Χανιά;Κρήτη;2025-09-15;Silver
208879;Κώστας;Κωνσταντίνου;M;54;Καβάλα;Ανατολική Μακεδονία & Θράκη;2025-02-21;Bronze
208880;Παναγιώτης;Λαμπρόπουλος;M;49;Καβάλα;Ανατολική Μακεδονία & Θράκη;2025-10-21;Silver
208881;Νίκος;Βλάχος;M;24;Αθήνα;Αττική;2025-12-31;Silver
208882;Κατερίνα;Κωνσταντίνου;F;41;Ηράκλειο;Κρήτη;2024-03-22;Gold
208883;Ιωάννα;Γεωργίου;F;52;Πάτρα;Δυτική Ελλάδα;2025-02-03;Bronze
208884;Μιχάλης;Γεωργίου;M;62;Αθήνα;Αττική;2025-02-16;Silver
208885;Χριστίνα;Καρράς;F;40;Ιωάννινα;Ήπειρος;2025-01-09;Silver
208886;Παναγιώτης;Σταματίου;M;58;Τρίκαλα;Θεσσαλία;2025-08-16;Bronze
208887;Δημήτρης;Σπυρόπουλος;M;35;Ρόδος;Νότιο Αιγαίο;2025-04-07;Bronze
208888;Δήμητρα;Καρράς;F;49;Θεσσαλονίκη;Κεντρική Μακεδονία;2024-06-12;Gold
208889;Παναγιώτης;Πετρόπουλος;M;53;Τρίκαλα;Θεσσαλία;2025-04-01;Bronze
208890;Ελένη;Παπανικολάου;F;40;Καβάλα;Ανατολική Μακεδονία & Θράκη;2025-11-16;Bronze
208891;Νίκος;Πετρόπουλος;M;23;Ηράκλειο;Κρήτη;2025-08-19;Platinum
208892;Θανάσης;Οικονόμου;M;28;Χανιά;Κρήτη;2024-06-12;Silver
208893;Ιωάννα;Σταματίου;F;29;Αθήνα;Αττική;2025-05-22;Gold
208894;Νίκος;Αλεξίου;M;41;Αθήνα;Αττική;2025-10-19;Silver
208895;Χρήστος;Καρράς;M;51;Ρόδος;Νότιο Αιγαίο;2024-10-21;Gold
208896;Γεωργία;Νικολάου;F;49;Χανιά;Κρήτη;2024-07-29;Bronze
208897;Σοφία;Αναστασίου;F;49;Ηράκλειο;Κρήτη;2024-06-22;Platinum
208898;Ιωάννα;Γεωργίου;F;54;Βόλος;Θεσσαλία;2025-01-09;Bronze
208899;Αγγελική;Κωνσταντίνου;F;48;Πάτρα;Δυτική Ελλάδα;2025-04-12;Silver
208900;Παναγιώτης;Δημητρίου;M;64;Πάτρα;Δυτική Ελλάδα;2025-07-10;Bronze
208901;Ελένη;Καραγιάννης;F;23;Ιωάννινα;Ήπειρος;2025-08-22;Silver
208902;Σοφία;Αναστασίου;F;29;Σέρρες;Κεντρική Μακεδονία;2025-07-28;Bronze
208903;Άννα;Σταματίου;F;35;Καβάλα;Ανατολική Μακεδονία & Θράκη;2024-02-11;Gold
208904;Κατερίνα;Χατζής;F;61;Σέρρες;Κεντρική Μακεδονία;2025-01-15;Platinum
208905;Ιωάννα;Γεωργίου;F;28;Αθήνα;Αττική;2024-02-07;Bronze
208906;Χρήστος;Λαμπρόπουλος;M;20;Χανιά;Κρήτη;2024-02-14;Bronze
208907;Παναγιώτης;Νικολάου;M;33;Ρόδος;Νότιο Αιγαίο;2025-10-11;Silver
208908;Χριστίνα;Καραγιάννης;F;38;Ηράκλειο;Κρήτη;2024-05-10;Platinum
208909;Θανάσης;Γεωργίου;M;53;Καβάλα;Ανατολική Μακεδονία & Θράκη;2025-12-19;Platinum
208910;Ανδρέας;Ζαχαρίου;M;51;Λάρισα;Θεσσαλία;2024-04-29;Silver
208911;Αγγελική;Σταματίου;F;35;Ιωάννινα;Ήπειρος;2024-10-29;Silver
208912;Νίκος;Ζαχαρίου;M;51;Αθήνα;Αττική;2024-08-25;Silver
208913;Ιωάννα;Οικονόμου;F;62;Αθήνα;Αττική;2025-03-08;Bronze
208914;Γεωργία;Αλεξίου;F;52;Λάρισα;Θεσσαλία;2025-05-17;Bronze
208915;Γιώργος;Μιχαηλίδης;M;33;Καβάλα;Ανατολική Μακεδονία & Θράκη;2024-01-05;Platinum
208916;Κατερίνα;Δημητρίου;F;53;Βόλος;Θεσσαλία;2024-02-07;Silver
208917;Χρήστος;Δημητρίου;M;43;Ηράκλειο;Κρήτη;2024-11-10;Bronze
208918;Χριστίνα;Αναστασίου;F;57;Χανιά;Κρήτη;2024-11-30;Platinum
208919;Νίκος;Καραγιάννης;M;40;Πάτρα;Δυτική Ελλάδα;2024-11-12;Bronze
208920;Νίκος;Σπυρόπουλος;M;41;Βόλος;Θεσσαλία;2024-01-26;Bronze
208921;Ανδρέας;Σπυρόπουλος;M;53;Θεσσαλονίκη;Κεντρική Μακεδονία;2024-10-22;Bronze
208922;Ιωάννα;Παπαδόπουλος;F;22;Τρίκαλα;Θεσσαλία;2025-01-04;Bronze
208923;Γεωργία;Νικολάου;F;60;Χανιά;Κρήτη;2024-09-01;Gold
208924;Θανάσης;Γεωργίου;M;27;Ηράκλειο;Κρήτη;2025-05-29;Silver
208925;Βασίλης;Καραγιάννης;M;35;Σέρρες;Κεντρική Μακεδονία;2024-02-16;Bronze
208926;Σοφία;Βλάχος;F;66;Πάτρα;Δυτική Ελλάδα;2025-01-30;Bronze
208927;Άννα;Σταματίου;F;32;Σέρρες;Κεντρική Μακεδονία;2025-05-13;Bronze
208928;Ανδρέας;Μιχαηλίδης;M;48;Πάτρα;Δυτική Ελλάδα;2025-08-30;Bronze
208929;Παναγιώτης;Καραγιάννης;M;29;Πάτρα;Δυτική Ελλάδα;2024-06-10;Gold
208930;Ιωάννα;Νικολάου;F;50;Ηράκλειο;Κρήτη;2025-10-19;Bronze
208931;Άννα;Σταματίου;F;58;Ιωάννινα;Ήπειρος;2024-02-15;Gold
208932;Κώστας;Νικολάου;M;27;Σέρρες;Κεντρική Μακεδονία;2025-04-01;Bronze
208933;Μιχάλης;Ιωαννίδης;M;51;Ηράκλειο;Κρήτη;2024-11-08;Silver
208934;Μιχάλης;Βλάχος;M;19;Ρόδος;Νότιο Αιγαίο;2025-06-03;Gold
208935;Βασίλης;Δημητρίου;M;63;Τρίκαλα;Θεσσαλία;2025-08-11;Silver
208936;Παναγιώτης;Νικολάου;M;35;Θεσσαλονίκη;Κεντρική Μακεδονία;2024-06-23;Silver
208937;Ανδρέας;Πετρόπουλος;M;49;Βόλος;Θεσσαλία;2024-06-13;Bronze
208938;Κώστας;Παπαδόπουλος;M;66;Ρόδος;Νότιο Αιγαίο;2024-08-13;Silver
208939;Γεωργία;Λαμπρόπουλος;F;20;Αθήνα;Αττική;2025-09-12;Bronze
208940;Χρήστος;Σπυρόπουλος;M;46;Χανιά;Κρήτη;2025-01-11;Gold
208941;Δήμητρα;Παπανικολάου;F;35;Τρίκαλα;Θεσσαλία;2025-08-31;Bronze
208942;Σοφία;Νικολάου;F;68;Ρόδος;Νότιο Αιγαίο;2025-10-23;Silver
208943;Μιχάλης;Νικολάου;M;45;Χανιά;Κρήτη;2024-07-11;Bronze
208944;Δημήτρης;Κωνσταντίνου;M;52;Ηράκλειο;Κρήτη;2024-07-26;Silver
208945;Δήμητρα;Σπυρόπουλος;F;58;Σέρρες;Κεντρική Μακεδονία;2024-08-12;Silver
208946;Ελένη;Βλάχος;F;56;Ηράκλειο;Κρήτη;2024-03-19;Bronze
208947;Δήμητρα;Αλεξίου;F;25;Πάτρα;Δυτική Ελλάδα;2025-03-06;Bronze
208948;Γεωργία;Μιχαηλίδης;F;46;Βόλος;Θεσσαλία;2025-03-29;Bronze
208949;Ελένη;Καραγιάννης;F;23;Βόλος;Θεσσαλία;2025-09-29;Silver
208950;Δημήτρης;Βλάχος;M;32;Βόλος;Θεσσαλία;2025-02-08;Bronze
208951;Δήμητρα;Παπαδόπουλος;F;25;Ηράκλειο;Κρήτη;2024-12-09;Gold
208952;Ελένη;Οικονόμου;F;63;Τρίκαλα;Θεσσαλία;2024-09-05;Silver
208953;Νίκος;Βλάχος;M;46;Ηράκλειο;Κρήτη;2025-11-08;Bronze
208954;Κώστας;Οικονόμου;M;23;Καβάλα;Ανατολική Μακεδονία & Θράκη;2024-08-21;Platinum
208955;Κώστας;Καρράς;M;67;Αθήνα;Αττική;2025-02-10;Silver
208956;Χριστίνα;Βλάχος;F;18;Καβάλα;Ανατολική Μακεδονία & Θράκη;2024-01-17;Silver
208957;Σοφία;Λαμπρόπουλος;F;52;Ιωάννινα;Ήπειρος;2024-08-21;Gold
208958;Δήμητρα;Καρράς;F;53;Θεσσαλονίκη;Κεντρική Μακεδονία;2025-08-12;Bronze
208959;Γεωργία;Δημητρίου;F;23;Αθήνα;Αττική;2024-05-11;Silver
208960;Γεωργία;Αλεξίου;F;51;Ηράκλειο;Κρήτη;2024-11-23;Bronze
208961;Κώστας;Σπυρόπουλος;M;41;Ηράκλειο;Κρήτη;2024-05-11;Silver
208962;Γεωργία;Αναστασίου;F;72;Χανιά;Κρήτη;2025-02-09;Bronze
208963;Γιώργος;Δημητρίου;M;72;Ηράκλειο;Κρήτη;2024-01-14;Gold
208964;Άννα;Αλεξίου;F;28;Ηράκλειο;Κρήτη;2025-09-06;Silver
208965;Γεωργία;Δημητρίου;F;70;Θεσσαλονίκη;Κεντρική Μακεδονία;2025-11-08;Silver
208966;Σοφία;Γεωργίου;F;22;Βόλος;Θεσσαλία;2024-04-05;Platinum
208967;Σοφία;Κωνσταντίνου;F;44;Βόλος;Θεσσαλία;2025-09-11;Gold
208968;Θανάσης;Καρράς;M;67;Βόλος;Θεσσαλία;2025-09-01;Silver
208969;Χρήστος;Χατζής;M;19;Αθήνα;Αττική;2025-06-23;Bronze
208970;Ιωάννα;Παπαδόπουλος;F;30;Πάτρα;Δυτική Ελλάδα;2024-06-13;Bronze
208971;Βασίλης;Ζαχαρίου;M;67;Χανιά;Κρήτη;2024-11-09;Gold
208972;Θανάσης;Δημητρίου;M;30;Τρίκαλα;Θεσσαλία;2024-09-30;Silver
208973;Νίκος;Παπαδόπουλος;M;41;Ηράκλειο;Κρήτη;2025-07-29;Silver
208974;Νίκος;Σταματίου;M;57;Τρίκαλα;Θεσσαλία;2024-01-09;Bronze
208975;Κατερίνα;Ζαχαρίου;F;71;Πάτρα;Δυτική Ελλάδα;2024-08-31;Silver
208976;Χρήστος;Οικονόμου;M;66;Θεσσαλονίκη;Κεντρική Μακεδονία;2024-01-22;Silver
208977;Κατερίνα;Λαμπρόπουλος;F;57;Σέρρες;Κεντρική Μακεδονία;2024-07-30;Silver
208978;Νίκος;Νικολάου;M;72;Τρίκαλα;Θεσσαλία;2025-10-17;Bronze
208979;Ανδρέας;Γεωργίου;M;18;Ιωάννινα;Ήπειρος;2024-02-18;Gold
208980;Αγγελική;Αναστασίου;F;54;Καβάλα;Ανατολική Μακεδονία & Θράκη;2025-11-23;Bronze
208981;Γιώργος;Χατζής;M;46;Σέρρες;Κεντρική Μακεδονία;2025-04-13;Gold
208982;Χριστίνα;Βλάχος;F;24;Αθήνα;Αττική;2024-02-21;Silver
208983;Δήμητρα;Αλεξίου;F;22;Ρόδος;Νότιο Αιγαίο;2025-12-26;Silver
208984;Κώστας;Αλεξίου;M;42;Βόλος;Θεσσαλία;2024-09-01;Bronze
208985;Παναγιώτης;Καραγιάννης;M;67;Τρίκαλα;Θεσσαλία;2024-07-01;Silver
208986;Μαρία;Καραγιάννης;F;42;Πάτρα;Δυτική Ελλάδα;2024-07-19;Bronze
208987;Μιχάλης;Ιωαννίδης;M;20;Ρόδος;Νότιο Αιγαίο;2025-11-09;Bronze
208988;Σοφία;Ζαχαρίου;F;32;Θεσσαλονίκη;Κεντρική Μακεδονία;2025-05-22;Platinum
208989;Γεωργία;Αλεξίου;F;44;Αθήνα;Αττική;2024-03-16;Bronze
208990;Αγγελική;Καραγιάννης;F;65;Τρίκαλα;Θεσσαλία;2025-01-27;Bronze
208991;Μιχάλης;Αλεξίου;M;47;Πάτρα;Δυτική Ελλάδα;2024-06-04;Gold
208992;Ιωάννα;Ιωαννίδης;F;52;Λάρισα;Θεσσαλία;2025-06-27;Bronze
208993;Θανάσης;Γεωργίου;M;46;Αθήνα;Αττική;2024-04-14;Gold
208994;Γιώργος;Νικολάου;M;54;Βόλος;Θεσσαλία;2025-03-28;Silver
208995;Κώστας;Αλεξίου;M;32;Σέρρες;Κεντρική Μακεδονία;2024-12-10;Silver
208996;Δημήτρης;Κωνσταντίνου;M;27;Σέρρες;Κεντρική Μακεδονία;2024-05-14;Bronze
208997;Κατερίνα;Νικολάου;F;44;Λάρισα;Θεσσαλία;2024-03-18;Bronze
208998;Σοφία;Νικολάου;F;30;Αθήνα;Αττική;2025-01-06;Bronze
208999;Δήμητρα;Σπυρόπουλος;F;46;Ιωάννινα;Ήπειρος;2024-01-13;Silver
209000;Ελένη;Νικολάου;F;40;Θεσσαλονίκη;Κεντρική Μακεδονία;2025-05-12;Bronze
209001;Κατερίνα;Γεωργίου;F;19;Χανιά;Κρήτη;2024-11-14;Bronze
209002;Θανάσης;Παπαδόπουλος;M;33;Τρίκαλα;Θεσσαλία;2024-04-12;Bronze
209003;Σοφία;Μιχαηλίδης;F;45;Χανιά;Κρήτη;2024-01-11;Gold
209004;Χρήστος;Λαμπρόπουλος;M;48;Λάρισα;Θεσσαλία;2025-07-26;Bronze
209005;Μιχάλης;Καρράς;M;60;Τρίκαλα;Θεσσαλία;2025-12-18;Bronze
209006;Παναγιώτης;Καραγιάννης;M;69;Σέρρες;Κεντρική Μακεδονία;2025-01-19;Gold
209007;Γεωργία;Σπυρόπουλος;F;42;Ιωάννινα;Ήπειρος;2024-11-05;Gold
209008;Χρήστος;Ιωαννίδης;M;56;Σέρρες;Κεντρική Μακεδονία;2025-10-15;Platinum
209009;Βασίλης;Σταματίου;M;48;Καβάλα;Ανατολική Μακεδονία & Θράκη;2025-12-16;Bronze
209010;Αγγελική;Σταματίου;F;39;Τρίκαλα;Θεσσαλία;2024-10-24;Gold
209011;Χριστίνα;Βλάχος;F;36;Λάρισα;Θεσσαλία;2025-04-08;Silver
209012;Γιώργος;Οικονόμου;M;24;Ηράκλειο;Κρήτη;2025-05-17;Silver
209013;Ανδρέας;Σταματίου;M;64;Τρίκαλα;Θεσσαλία;2025-11-21;Silver
209014;Μιχάλης;Νικολάου;M;61;Λάρισα;Θεσσαλία;2024-06-26;Gold
209015;Παναγιώτης;Καρράς;M;65;Βόλος;Θεσσαλία;2024-08-20;Platinum
209016;Κατερίνα;Δημητρίου;F;59;Καβάλα;Ανατολική Μακεδονία & Θράκη;2025-10-13;Bronze
209017;Ιωάννα;Νικολάου;F;42;Καβάλα;Ανατολική Μακεδονία & Θράκη;2025-04-10;Silver
209018;Γιώργος;Οικονόμου;M;27;Τρίκαλα;Θεσσαλία;2024-02-20;Bronze
209019;Άννα;Αλεξίου;F;21;Καβάλα;Ανατολική Μακεδονία & Θράκη;2025-04-19;Silver
209020;Γιώργος;Δημητρίου;M;26;Θεσσαλονίκη;Κεντρική Μακεδονία;2025-01-04;Gold
209021;Δημήτρης;Ζαχαρίου;M;52;Λάρισα;Θεσσαλία;2024-03-04;Gold
209022;Δήμητρα;Παπανικολάου;F;18;Ιωάννινα;Ήπειρος;2024-06-14;Silver
209023;Γιώργος;Μιχαηλίδης;M;30;Θεσσαλονίκη;Κεντρική Μακεδονία;2025-09-02;Silver
209024;Σοφία;Λαμπρόπουλος;F;21;Ιωάννινα;Ήπειρος;2025-02-02;Bronze
209025;Σοφία;Καρράς;F;26;Σέρρες;Κεντρική Μακεδονία;2025-09-18;Gold
209026;Χρήστος;Παπανικολάου;M;22;Ιωάννινα;Ήπειρος;2024-12-22;Bronze
209027;Δήμητρα;Κωνσταντίνου;F;48;Ηράκλειο;Κρήτη;2025-05-09;Bronze
209028;Νίκος;Αναστασίου;M;25;Βόλος;Θεσσαλία;2024-05-27;Bronze
209029;Ιωάννα;Ζαχαρίου;F;49;Αθήνα;Αττική;2024-01-28;Bronze
209030;Σοφία;Ιωαννίδης;F;21;Ιωάννινα;Ήπειρος;2025-10-14;Silver
209031;Ιωάννα;Μιχαηλίδης;F;33;Σέρρες;Κεντρική Μακεδονία;2024-07-30;Silver
209032;Κώστας;Αλεξίου;M;38;Λάρισα;Θεσσαλία;2025-10-22;Platinum
209033;Χρήστος;Οικονόμου;M;43;Πάτρα;Δυτική Ελλάδα;2024-01-06;Bronze
209034;Μαρία;Νικολάου;F;58;Αθήνα;Αττική;2025-10-07;Silver
209035;Άννα;Καραγιάννης;F;33;Ιωάννινα;Ήπειρος;2025-03-05;Gold
209036;Δημήτρης;Δημητρίου;M;45;Ρόδος;Νότιο Αιγαίο;2025-10-20;Bronze
209037;Μιχάλης;Πετρόπουλος;M;18;Λάρισα;Θεσσαλία;2025-01-28;Silver
209038;Γιώργος;Παπανικολάου;M;39;Ρόδος;Νότιο Αιγαίο;2024-08-30;Silver
209039;Γεωργία;Αλεξίου;F;35;Λάρισα;Θεσσαλία;2025-09-19;Silver
209040;Χρήστος;Δημητρίου;M;41;Ρόδος;Νότιο Αιγαίο;2024-02-14;Bronze
209041;Γεωργία;Λαμπρόπουλος;F;27;Ιωάννινα;Ήπειρος;2025-11-02;Bronze
209042;Δήμητρα;Παπανικολάου;F;46;Λάρισα;Θεσσαλία;2024-04-19;Silver
209043;Δήμητρα;Οικονόμου;F;51;Σέρρες;Κεντρική Μακεδονία;2025-09-19;Bronze
209044;Μαρία;Βλάχος;F;44;Ηράκλειο;Κρήτη;2024-09-29;Bronze
209045;Χρήστος;Δημητρίου;M;44;Ρόδος;Νότιο Αιγαίο;2024-08-11;Bronze
209046;Δημήτρης;Μιχαηλίδης;M;30;Λάρισα;Θεσσαλία;2024-11-26;Gold
209047;Βασίλης;Παπαδόπουλος;M;35;Σέρρες;Κεντρική Μακεδονία;2024-08-12;Bronze
209048;Σοφία;Κωνσταντίνου;F;35;Βόλος;Θεσσαλία;2025-06-06;Bronze
209049;Γεωργία;Κωνσταντίνου;F;44;Θεσσαλονίκη;Κεντρική Μακεδονία;2024-12-02;Gold
209050;Αγγελική;Γεωργίου;F;38;Ρόδος;Νότιο Αιγαίο;2024-04-21;Bronze
209051;Σοφία;Παπαδόπουλος;F;58;Καβάλα;Ανατολική Μακεδονία & Θράκη;2025-12-08;Gold
209052;Γεωργία;Γεωργίου;F;46;Σέρρες;Κεντρική Μακεδονία;2025-12-11;Gold
209053;Χρήστος;Παπαδόπουλος;M;60;Τρίκαλα;Θεσσαλία;2025-07-09;Platinum
209054;Κώστας;Ιωαννίδης;M;46;Αθήνα;Αττική;2025-02-06;Bronze
209055;Κώστας;Κωνσταντίνου;M;53;Ρόδος;Νότιο Αιγαίο;2025-12-17;Bronze
209056;Ιωάννα;Οικονόμου;F;44;Καβάλα;Ανατολική Μακεδονία & Θράκη;2024-12-23;Silver
209057;Μαρία;Παπαδόπουλος;F;67;Σέρρες;Κεντρική Μακεδονία;2025-11-05;Bronze
209058;Θανάσης;Σπυρόπουλος;M;57;Καβάλα;Ανατολική Μακεδονία & Θράκη;2025-12-11;Bronze
209059;Μαρία;Αναστασίου;F;62;Χανιά;Κρήτη;2025-02-23;Silver
209060;Χρήστος;Παπανικολάου;M;43;Θεσσαλονίκη;Κεντρική Μακεδονία;2024-05-25;Bronze
209061;Κατερίνα;Παπανικολάου;F;44;Ρόδος;Νότιο Αιγαίο;2024-12-21;Bronze
209062;Ελένη;Καρράς;F;68;Πάτρα;Δυτική Ελλάδα;2025-05-28;Silver
209063;Κώστας;Μιχαηλίδης;M;24;Λάρισα;Θεσσαλία;2024-07-02;Gold
209064;Ιωάννα;Αναστασίου;F;42;Ρόδος;Νότιο Αιγαίο;2025-05-13;Silver
209065;Δημήτρης;Καρράς;M;51;Θεσσαλονίκη;Κεντρική Μακεδονία;2025-09-13;Bronze
209066;Παναγιώτης;Κωνσταντίνου;M;64;Ιωάννινα;Ήπειρος;2024-08-25;Gold
209067;Γιώργος;Νικολάου;M;68;Καβάλα;Ανατολική Μακεδονία & Θράκη;2024-05-20;Silver
209068;Ελένη;Κωνσταντίνου;F;25;Θεσσαλονίκη;Κεντρική Μακεδονία;2024-05-17;Bronze
209069;Θανάσης;Οικονόμου;M;40;Χανιά;Κρήτη;2025-05-29;Platinum
209070;Ελένη;Χατζής;F;30;Ιωάννινα;Ήπειρος;2025-10-10;Silver
209071;Χρήστος;Αλεξίου;M;23;Ηράκλειο;Κρήτη;2025-12-05;Bronze
209072;Χριστίνα;Παπαδόπουλος;F;47;Χανιά;Κρήτη;2024-03-11;Silver
209073;Θανάσης;Παπανικολάου;M;26;Θεσσαλονίκη;Κεντρική Μακεδονία;2025-08-26;Silver
209074;Κατερίνα;Νικολάου;F;28;Ρόδος;Νότιο Αιγαίο;2024-08-11;Bronze
209075;Παναγιώτης;Σταματίου;M;72;Ηράκλειο;Κρήτη;2024-03-22;Bronze
209076;Ιωάννα;Χατζής;F;62;Καβάλα;Ανατολική Μακεδονία & Θράκη;2025-10-07;Silver
209077;Παναγιώτης;Πετρόπουλος;M;64;Σέρρες;Κεντρική Μακεδονία;2025-12-04;Silver
209078;Νίκος;Σταματίου;M;19;Ιωάννινα;Ήπειρος;2025-11-07;Bronze
209079;Θανάσης;Παπανικολάου;M;68;Λάρισα;Θεσσαλία;2024-09-07;Gold
209080;Βασίλης;Κωνσταντίνου;M;40;Σέρρες;Κεντρική Μακεδονία;2024-03-19;Gold
209081;Βασίλης;Σπυρόπουλος;M;62;Χανιά;Κρήτη;2025-06-06;Bronze
209082;Γιώργος;Σπυρόπουλος;M;36;Ρόδος;Νότιο Αιγαίο;2024-03-23;Bronze
209083;Χριστίνα;Κωνσταντίνου;F;29;Καβάλα;Ανατολική Μακεδονία & Θράκη;2024-08-10;Bronze
209084;Θανάσης;Σταματίου;M;21;Θεσσαλονίκη;Κεντρική Μακεδονία;2025-06-29;Silver
209085;Μαρία;Καρράς;F;58;Ρόδος;Νότιο Αιγαίο;2025-10-03;Silver
209086;Θανάσης;Νικολάου;M;70;Λάρισα;Θεσσαλία;2024-02-27;Bronze
209087;Κατερίνα;Ζαχαρίου;F;19;Θεσσαλονίκη;Κεντρική Μακεδονία;2025-03-01;Silver
209088;Μιχάλης;Βλάχος;M;28;Χανιά;Κρήτη;2024-04-17;Gold
209089;Δήμητρα;Οικονόμου;F;47;Καβάλα;Ανατολική Μακεδονία & Θράκη;2024-06-02;Bronze
209090;Χρήστος;Καρράς;M;40;Σέρρες;Κεντρική Μακεδονία;2024-02-27;Silver
209091;Δήμητρα;Ιωαννίδης;F;32;Λάρισα;Θεσσαλία;2024-01-24;Bronze
209092;Χρήστος;Καραγιάννης;M;23;Ιωάννινα;Ήπειρος;2024-03-11;Silver
209093;Ιωάννα;Παπανικολάου;F;32;Σέρρες;Κεντρική Μακεδονία;2025-09-17;Gold
209094;Σοφία;Αλεξίου;F;61;Θεσσαλονίκη;Κεντρική Μακεδονία;2025-12-16;Silver
209095;Ελένη;Δημητρίου;F;52;Ιωάννινα;Ήπειρος;2025-08-27;Silver
209096;Κατερίνα;Γεωργίου;F;50;Βόλος;Θεσσαλία;2025-08-13;Bronze
209097;Γιώργος;Παπαδόπουλος;M;36;Σέρρες;Κεντρική Μακεδονία;2024-10-08;Silver
209098;Θανάσης;Κωνσταντίνου;M;44;Χανιά;Κρήτη;2025-10-01;Silver
209099;Χρήστος;Καρράς;M;67;Θεσσαλονίκη;Κεντρική Μακεδονία;2024-04-29;Silver
209100;Μαρία;Οικονόμου;F;23;Αθήνα;Αττική;2025-08-10;Bronze
209101;Άννα;Σπυρόπουλος;F;53;Τρίκαλα;Θεσσαλία;2025-03-23;Bronze
209102;Ιωάννα;Γεωργίου;F;56;Βόλος;Θεσσαλία;2024-12-05;Silver
209103;Δημήτρης;Κωνσταντίνου;M;22;Σέρρες;Κεντρική Μακεδονία;2024-08-23;Silver
209104;Ελένη;Σπυρόπουλος;F;42;Καβάλα;Ανατολική Μακεδονία & Θράκη;2025-11-25;Gold
209105;Μιχάλης;Νικολάου;M;69;Καβάλα;Ανατολική Μακεδονία & Θράκη;2024-06-23;Bronze
209106;Χρήστος;Αλεξίου;M;40;Ρόδος;Νότιο Αιγαίο;2025-12-11;Bronze
209107;Νίκος;Ιωαννίδης;M;22;Σέρρες;Κεντρική Μακεδονία;2024-02-17;Bronze
209108;Κώστας;Πετρόπουλος;M;55;Χανιά;Κρήτη;2024-07-05;Platinum
209109;Αγγελική;Καρράς;F;24;Ηράκλειο;Κρήτη;2025-12-01;Bronze
209110;Δημήτρης;Παπανικολάου;M;51;Αθήνα;Αττική;2025-04-10;Silver
209111;Γιώργος;Χατζής;M;23;Πάτρα;Δυτική Ελλάδα;2024-02-29;Platinum
209112;Δήμητρα;Χατζής;F;32;Χανιά;Κρήτη;2025-05-02;Silver
209113;Άννα;Ζαχαρίου;F;60;Λάρισα;Θεσσαλία;2024-11-25;Bronze
209114;Χριστίνα;Λαμπρόπουλος;F;25;Ρόδος;Νότιο Αιγαίο;2025-03-03;Bronze
209115;Γιώργος;Παπαδόπουλος;M;30;Καβάλα;Ανατολική Μακεδονία & Θράκη;2024-08-26;Bronze
209116;Δήμητρα;Καραγιάννης;F;66;Αθήνα;Αττική;2025-06-14;Bronze
209117;Βασίλης;Παπαδόπουλος;M;64;Καβάλα;Ανατολική Μακεδονία & Θράκη;2025-05-21;Gold
209118;Δημήτρης;Καρράς;M;51;Πάτρα;Δυτική Ελλάδα;2025-02-24;Bronze
209119;Χριστίνα;Κωνσταντίνου;F;67;Βόλος;Θεσσαλία;2025-01-08;Bronze
209120;Νίκος;Οικονόμου;M;20;Πάτρα;Δυτική Ελλάδα;2025-02-24;Gold
209121;Σοφία;Σταματίου;F;48;Βόλος;Θεσσαλία;2025-03-31;Platinum
209122;Αγγελική;Πετρόπουλος;F;22;Πάτρα;Δυτική Ελλάδα;2025-01-16;Bronze
209123;Χρήστος;Ιωαννίδης;M;30;Ρόδος;Νότιο Αιγαίο;2025-05-22;Silver
209124;Ιωάννα;Κωνσταντίνου;F;18;Θεσσαλονίκη;Κεντρική Μακεδονία;2025-11-13;Gold
209125;Αγγελική;Καρράς;F;70;Ιωάννινα;Ήπειρος;2025-06-22;Gold
209126;Γεωργία;Σταματίου;F;46;Πάτρα;Δυτική Ελλάδα;2025-01-04;Bronze
209127;Βασίλης;Αλεξίου;M;71;Τρίκαλα;Θεσσαλία;2024-06-01;Bronze
209128;Δημήτρης;Οικονόμου;M;51;Τρίκαλα;Θεσσαλία;2025-08-20;Gold
209129;Κώστας;Σταματίου;M;65;Ρόδος;Νότιο Αιγαίο;2024-10-15;Bronze
209130;Ελένη;Παπανικολάου;F;20;Θεσσαλονίκη;Κεντρική Μακεδονία;2024-02-18;Bronze
209131;Θανάσης;Αναστασίου;M;25;Λάρισα;Θεσσαλία;2025-11-09;Bronze
209132;Γιώργος;Χατζής;M;37;Αθήνα;Αττική;2024-05-04;Bronze
209133;Σοφία;Πετρόπουλος;F;58;Θεσσαλονίκη;Κεντρική Μακεδονία;2025-08-03;Bronze
209134;Κώστας;Αναστασίου;M;54;Βόλος;Θεσσαλία;2024-04-09;Bronze
209135;Ιωάννα;Παπαδόπουλος;F;61;Πάτρα;Δυτική Ελλάδα;2024-10-30;Silver
209136;Χρήστος;Χατζής;M;56;Ηράκλειο;Κρήτη;2024-11-01;Silver
209137;Ιωάννα;Καρράς;F;27;Ρόδος;Νότιο Αιγαίο;2025-04-28;Bronze
209138;Ιωάννα;Πετρόπουλος;F;31;Αθήνα;Αττική;2025-12-12;Gold
209139;Νίκος;Καραγιάννης;M;71;Χανιά;Κρήτη;2024-06-28;Bronze
209140;Μιχάλης;Πετρόπουλος;M;68;Αθήνα;Αττική;2024-02-26;Bronze
209141;Χριστίνα;Αναστασίου;F;29;Χανιά;Κρήτη;2025-05-26;Platinum
209142;Δήμητρα;Σπυρόπουλος;F;42;Ηράκλειο;Κρήτη;2025-11-23;Platinum
209143;Άννα;Γεωργίου;F;23;Θεσσαλονίκη;Κεντρική Μακεδονία;2024-08-08;Bronze
209144;Ανδρέας;Λαμπρόπουλος;M;42;Καβάλα;Ανατολική Μακεδονία & Θράκη;2024-10-07;Bronze
209145;Σοφία;Βλάχος;F;25;Ηράκλειο;Κρήτη;2024-06-16;Gold
209146;Ανδρέας;Μιχαηλίδης;M;22;Ηράκλειο;Κρήτη;2025-03-06;Silver
209147;Δημήτρης;Νικολάου;M;57;Τρίκαλα;Θεσσαλία;2024-02-05;Silver
209148;Μαρία;Ζαχαρίου;F;36;Ιωάννινα;Ήπειρος;2025-11-30;Gold
209149;Σοφία;Οικονόμου;F;48;Πάτρα;Δυτική Ελλάδα;2024-10-21;Gold
209150;Νίκος;Ζαχαρίου;M;48;Ρόδος;Νότιο Αιγαίο;2025-09-28;Silver
209151;Μιχάλης;Πετρόπουλος;M;19;Χανιά;Κρήτη;2024-09-17;Silver
209152;Κατερίνα;Καραγιάννης;F;46;Τρίκαλα;Θεσσαλία;2024-04-18;Bronze
209153;Μιχάλης;Παπανικολάου;M;62;Αθήνα;Αττική;2025-04-21;Silver
209154;Χρήστος;Δημητρίου;M;72;Ηράκλειο;Κρήτη;2024-07-10;Bronze
209155;Χρήστος;Βλάχος;M;67;Πάτρα;Δυτική Ελλάδα;2024-06-23;Bronze
209156;Βασίλης;Γεωργίου;M;59;Τρίκαλα;Θεσσαλία;2025-08-18;Gold
209157;Γεωργία;Πετρόπουλος;F;23;Θεσσαλονίκη;Κεντρική Μακεδονία;2024-03-25;Bronze
209158;Άννα;Καρράς;F;42;Θεσσαλονίκη;Κεντρική Μακεδονία;2025-09-05;Silver
209159;Ελένη;Χατζής;F;46;Ρόδος;Νότιο Αιγαίο;2025-03-17;Gold
209160;Αγγελική;Δημητρίου;F;42;Πάτρα;Δυτική Ελλάδα;2025-02-14;Bronze
209161;Παναγιώτης;Δημητρίου;M;45;Χανιά;Κρήτη;2024-06-26;Bronze
209162;Γεωργία;Καραγιάννης;F;20;Αθήνα;Αττική;2025-03-31;Bronze
209163;Νίκος;Νικολάου;M;46;Θεσσαλονίκη;Κεντρική Μακεδονία;2025-11-14;Silver
209164;Νίκος;Ιωαννίδης;M;25;Ρόδος;Νότιο Αιγαίο;2025-03-30;Gold
209165;Θανάσης;Μιχαηλίδης;M;66;Πάτρα;Δυτική Ελλάδα;2025-04-14;Bronze
209166;Ιωάννα;Αλεξίου;F;71;Λάρισα;Θεσσαλία;2025-08-04;Silver
209167;Κατερίνα;Καρράς;F;49;Χανιά;Κρήτη;2025-02-28;Silver
209168;Αγγελική;Κωνσταντίνου;F;18;Βόλος;Θεσσαλία;2024-11-03;Silver
209169;Κώστας;Παπαδόπουλος;M;44;Θεσσαλονίκη;Κεντρική Μακεδονία;2024-05-09;Silver
209170;Άννα;Καραγιάννης;F;18;Θεσσαλονίκη;Κεντρική Μακεδονία;2024-10-03;Bronze
209171;Ιωάννα;Γεωργίου;F;62;Τρίκαλα;Θεσσαλία;2025-01-10;Silver
209172;Μιχάλης;Λαμπρόπουλος;M;69;Θεσσαλονίκη;Κεντρική Μακεδονία;2024-05-28;Silver
209173;Δημήτρης;Χατζής;M;61;Ρόδος;Νότιο Αιγαίο;2024-03-19;Silver
209174;Χρήστος;Ζαχαρίου;M;44;Λάρισα;Θεσσαλία;2024-06-11;Bronze
209175;Νίκος;Νικολάου;M;63;Ιωάννινα;Ήπειρος;2024-03-09;Platinum
209176;Κώστας;Ζαχαρίου;M;63;Πάτρα;Δυτική Ελλάδα;2025-05-05;Silver
209177;Δήμητρα;Αλεξίου;F;56;Ρόδος;Νότιο Αιγαίο;2025-07-27;Silver
209178;Χριστίνα;Σπυρόπουλος;F;32;Πάτρα;Δυτική Ελλάδα;2025-03-07;Gold
209179;Κατερίνα;Καρράς;F;60;Ιωάννινα;Ήπειρος;2025-04-05;Bronze
209180;Νίκος;Κωνσταντίνου;M;26;Ηράκλειο;Κρήτη;2024-12-14;Silver
209181;Γεωργία;Κωνσταντίνου;F;33;Λάρισα;Θεσσαλία;2024-02-08;Platinum
209182;Ελένη;Μιχαηλίδης;F;27;Τρίκαλα;Θεσσαλία;2025-05-11;Bronze
209183;Ιωάννα;Ζαχαρίου;F;63;Τρίκαλα;Θεσσαλία;2024-11-10;Silver
209184;Ανδρέας;Μιχαηλίδης;M;34;Θεσσαλονίκη;Κεντρική Μακεδονία;2024-08-22;Bronze
209185;Χρήστος;Μιχαηλίδης;M;43;Αθήνα;Αττική;2024-06-06;Silver
209186;Κατερίνα;Πετρόπουλος;F;37;Βόλος;Θεσσαλία;2024-04-30;Bronze
209187;Χριστίνα;Παπαδόπουλος;F;56;Ρόδος;Νότιο Αιγαίο;2024-02-23;Bronze
209188;Αγγελική;Παπαδόπουλος;F;43;Χανιά;Κρήτη;2024-03-14;Bronze
209189;Δήμητρα;Χατζής;F;71;Τρίκαλα;Θεσσαλία;2025-01-08;Silver
209190;Χρήστος;Αλεξίου;M;61;Πάτρα;Δυτική Ελλάδα;2025-03-16;Bronze
209191;Μιχάλης;Παπανικολάου;M;19;Βόλος;Θεσσαλία;2025-10-08;Bronze
209192;Κώστας;Καρράς;M;18;Πάτρα;Δυτική Ελλάδα;2025-05-08;Silver
209193;Κατερίνα;Αναστασίου;F;72;Αθήνα;Αττική;2025-01-19;Gold
209194;Μιχάλης;Παπανικολάου;M;56;Τρίκαλα;Θεσσαλία;2024-09-22;Silver
209195;Μαρία;Νικολάου;F;31;Αθήνα;Αττική;2025-04-27;Silver
209196;Γιώργος;Παπανικολάου;M;42;Λάρισα;Θεσσαλία;2024-02-12;Silver
209197;Ιωάννα;Αναστασίου;F;24;Βόλος;Θεσσαλία;2025-06-21;Bronze
209198;Κατερίνα;Αναστασίου;F;64;Αθήνα;Αττική;2025-10-10;Silver
209199;Ελένη;Παπανικολάου;F;66;Σέρρες;Κεντρική Μακεδονία;2025-10-20;Bronze
209200;Μιχάλης;Παπανικολάου;M;49;Ιωάννινα;Ήπειρος;2024-09-21;Bronze
209201;Άννα;Χατζής;F;29;Θεσσαλονίκη;Κεντρική Μακεδονία;2024-11-07;Silver
209202;Θανάσης;Μιχαηλίδης;M;37;Πάτρα;Δυτική Ελλάδα;2024-10-09;Silver
209203;Παναγιώτης;Αλεξίου;M;43;Βόλος;Θεσσαλία;2024-10-24;Silver
209204;Θανάσης;Δημητρίου;M;63;Ιωάννινα;Ήπειρος;2024-02-21;Bronze
209205;Κώστας;Νικολάου;M;45;Σέρρες;Κεντρική Μακεδονία;2024-12-04;Gold
209206;Ιωάννα;Πετρόπουλος;F;57;Πάτρα;Δυτική Ελλάδα;2025-03-06;Bronze
209207;Άννα;Κωνσταντίνου;F;63;Τρίκαλα;Θεσσαλία;2024-04-09;Gold
209208;Παναγιώτης;Ζαχαρίου;M;61;Τρίκαλα;Θεσσαλία;2024-02-13;Silver
209209;Δήμητρα;Λαμπρόπουλος;F;42;Θεσσαλονίκη;Κεντρική Μακεδονία;2024-11-01;Bronze
209210;Νίκος;Δημητρίου;M;72;Ρόδος;Νότιο Αιγαίο;2024-08-15;Gold
209211;Αγγελική;Σπυρόπουλος;F;66;Βόλος;Θεσσαλία;2025-05-05;Bronze
209212;Κώστας;Σταματίου;M;63;Χανιά;Κρήτη;2025-04-29;Bronze
209213;Παναγιώτης;Κωνσταντίνου;M;37;Καβάλα;Ανατολική Μακεδονία & Θράκη;2024-03-13;Silver
209214;Ελένη;Βλάχος;F;56;Αθήνα;Αττική;2024-09-17;Bronze
209215;Βασίλης;Καρράς;M;26;Τρίκαλα;Θεσσαλία;2025-06-17;Gold
209216;Ανδρέας;Παπανικολάου;M;58;Καβάλα;Ανατολική Μακεδονία & Θράκη;2024-04-13;Bronze
209217;Μαρία;Χατζής;F;31;Θεσσαλονίκη;Κεντρική Μακεδονία;2025-09-01;Bronze
209218;Νίκος;Νικολάου;M;39;Σέρρες;Κεντρική Μακεδονία;2025-08-19;Gold
209219;Ανδρέας;Αλεξίου;M;58;Πάτρα;Δυτική Ελλάδα;2024-10-22;Bronze
209220;Χριστίνα;Μιχαηλίδης;F;62;Πάτρα;Δυτική Ελλάδα;2025-11-03;Bronze
209221;Χριστίνα;Καρράς;F;68;Αθήνα;Αττική;2025-09-20;Bronze
209222;Βασίλης;Λαμπρόπουλος;M;39;Λάρισα;Θεσσαλία;2024-03-11;Bronze
209223;Νίκος;Νικολάου;M;19;Θεσσαλονίκη;Κεντρική Μακεδονία;2025-01-02;Bronze
209224;Ελένη;Παπανικολάου;F;41;Λάρισα;Θεσσαλία;2024-06-03;Silver
209225;Ελένη;Κωνσταντίνου;F;22;Αθήνα;Αττική;2024-11-15;Gold
209226;Βασίλης;Λαμπρόπουλος;M;48;Ιωάννινα;Ήπειρος;2024-10-24;Silver
209227;Θανάσης;Παπαδόπουλος;M;63;Σέρρες;Κεντρική Μακεδονία;2024-09-15;Gold
209228;Κατερίνα;Μιχαηλίδης;F;19;Βόλος;Θεσσαλία;2025-12-21;Gold
209229;Σοφία;Μιχαηλίδης;F;35;Θεσσαλονίκη;Κεντρική Μακεδονία;2024-07-25;Silver
209230;Νίκος;Νικολάου;M;28;Ηράκλειο;Κρήτη;2024-03-20;Bronze
209231;Άννα;Καρράς;F;45;Χανιά;Κρήτη;2024-02-03;Bronze
209232;Δήμητρα;Κωνσταντίνου;F;52;Βόλος;Θεσσαλία;2025-07-31;Silver
209233;Δήμητρα;Σταματίου;F;72;Ιωάννινα;Ήπειρος;2024-12-20;Gold
209234;Μαρία;Οικονόμου;F;40;Ιωάννινα;Ήπειρος;2024-05-22;Silver
209235;Σοφία;Αλεξίου;F;68;Πάτρα;Δυτική Ελλάδα;2025-09-28;Silver
209236;Νίκος;Καρράς;M;20;Τρίκαλα;Θεσσαλία;2025-09-01;Platinum
209237;Θανάσης;Βλάχος;M;54;Τρίκαλα;Θεσσαλία;2024-11-30;Silver
209238;Ελένη;Αλεξίου;F;42;Θεσσαλονίκη;Κεντρική Μακεδονία;2024-11-28;Gold
209239;Γιώργος;Αλεξίου;M;49;Λάρισα;Θεσσαλία;2025-10-04;Silver
209240;Νίκος;Νικολάου;M;18;Ρόδος;Νότιο Αιγαίο;2025-03-05;Gold
209241;Μαρία;Οικονόμου;F;62;Τρίκαλα;Θεσσαλία;2025-05-23;Silver
209242;Ιωάννα;Δημητρίου;F;41;Βόλος;Θεσσαλία;2024-12-04;Bronze
209243;Θανάσης;Αναστασίου;M;49;Ιωάννινα;Ήπειρος;2024-11-12;Gold
209244;Παναγιώτης;Παπανικολάου;M;47;Χανιά;Κρήτη;2025-01-18;Silver
209245;Θανάσης;Παπανικολάου;M;25;Ρόδος;Νότιο Αιγαίο;2025-07-17;Gold
209246;Θανάσης;Παπανικολάου;M;56;Ρόδος;Νότιο Αιγαίο;2024-03-03;Bronze
209247;Δημήτρης;Νικολάου;M;42;Ιωάννινα;Ήπειρος;2024-05-17;Silver
209248;Ελένη;Οικονόμου;F;32;Θεσσαλονίκη;Κεντρική Μακεδονία;2025-01-07;Gold
209249;Βασίλης;Σπυρόπουλος;M;69;Αθήνα;Αττική;2024-09-01;Bronze
209250;Παναγιώτης;Καρράς;M;48;Καβάλα;Ανατολική Μακεδονία & Θράκη;2025-03-04;Silver
209251;Αγγελική;Λαμπρόπουλος;F;72;Καβάλα;Ανατολική Μακεδονία & Θράκη;2024-01-06;Bronze
209252;Ελένη;Οικονόμου;F;50;Αθήνα;Αττική;2025-09-29;Silver
209253;Γιώργος;Καραγιάννης;M;59;Πάτρα;Δυτική Ελλάδα;2025-07-30;Silver
209254;Ιωάννα;Σταματίου;F;29;Λάρισα;Θεσσαλία;2025-06-23;Bronze
209255;Ανδρέας;Σπυρόπουλος;M;20;Ηράκλειο;Κρήτη;2024-09-21;Bronze
209256;Γεωργία;Δημητρίου;F;46;Θεσσαλονίκη;Κεντρική Μακεδονία;2025-11-10;Bronze
209257;Ανδρέας;Καραγιάννης;M;58;Αθήνα;Αττική;2024-12-08;Gold
209258;Δημήτρης;Αναστασίου;M;71;Ρόδος;Νότιο Αιγαίο;2024-10-14;Bronze
209259;Σοφία;Καραγιάννης;F;41;Αθήνα;Αττική;2025-03-15;Bronze
209260;Άννα;Χατζής;F;57;Τρίκαλα;Θεσσαλία;2024-07-07;Silver
209261;Χρήστος;Χατζής;M;59;Σέρρες;Κεντρική Μακεδονία;2024-08-26;Bronze
209262;Νίκος;Ιωαννίδης;M;26;Βόλος;Θεσσαλία;2025-03-04;Bronze
209263;Χρήστος;Ιωαννίδης;M;21;Ιωάννινα;Ήπειρος;2024-10-30;Bronze
209264;Γιώργος;Ιωαννίδης;M;36;Αθήνα;Αττική;2025-02-17;Silver
209265;Ελένη;Κωνσταντίνου;F;50;Πάτρα;Δυτική Ελλάδα;2025-01-29;Gold
209266;Μιχάλης;Νικολάου;M;39;Ιωάννινα;Ήπειρος;2024-09-09;Gold
209267;Γιώργος;Οικονόμου;M;55;Σέρρες;Κεντρική Μακεδονία;2024-05-31;Gold
209268;Παναγιώτης;Δημητρίου;M;23;Καβάλα;Ανατολική Μακεδονία & Θράκη;2025-04-30;Bronze
209269;Άννα;Καρράς;F;49;Ηράκλειο;Κρήτη;2024-04-25;Silver
209270;Κατερίνα;Δημητρίου;F;24;Βόλος;Θεσσαλία;2024-05-15;Bronze
209271;Χρήστος;Πετρόπουλος;M;33;Ιωάννινα;Ήπειρος;2024-01-08;Silver
209272;Μαρία;Καραγιάννης;F;30;Ρόδος;Νότιο Αιγαίο;2025-09-26;Bronze
209273;Δημήτρης;Δημητρίου;M;19;Ηράκλειο;Κρήτη;2025-10-07;Gold
209274;Αγγελική;Ζαχαρίου;F;67;Ιωάννινα;Ήπειρος;2024-07-18;Bronze
209275;Ελένη;Νικολάου;F;32;Αθήνα;Αττική;2025-11-18;Gold
209276;Χριστίνα;Σπυρόπουλος;F;37;Βόλος;Θεσσαλία;2024-09-12;Silver
209277;Μαρία;Πετρόπουλος;F;43;Λάρισα;Θεσσαλία;2024-06-08;Bronze
209278;Άννα;Ζαχαρίου;F;67;Βόλος;Θεσσαλία;2024-03-10;Bronze
209279;Νίκος;Νικολάου;M;22;Ρόδος;Νότιο Αιγαίο;2024-03-24;Bronze
209280;Δημήτρης;Λαμπρόπουλος;M;23;Λάρισα;Θεσσαλία;2024-12-05;Gold
209281;Δημήτρης;Νικολάου;M;48;Τρίκαλα;Θεσσαλία;2024-10-05;Bronze
209282;Χριστίνα;Κωνσταντίνου;F;29;Πάτρα;Δυτική Ελλάδα;2025-01-07;Bronze
209283;Κώστας;Καραγιάννης;M;22;Ρόδος;Νότιο Αιγαίο;2024-07-06;Platinum
209284;Μιχάλης;Αναστασίου;M;35;Θεσσαλονίκη;Κεντρική Μακεδονία;2025-11-17;Bronze
209285;Κατερίνα;Πετρόπουλος;F;70;Σέρρες;Κεντρική Μακεδονία;2025-05-13;Silver
209286;Κώστας;Ζαχαρίου;M;36;Βόλος;Θεσσαλία;2024-07-16;Silver
209287;Θανάσης;Γεωργίου;M;58;Ιωάννινα;Ήπειρος;2025-03-20;Gold
209288;Μαρία;Παπαδόπουλος;F;65;Ρόδος;Νότιο Αιγαίο;2025-07-24;Silver
209289;Χρήστος;Λαμπρόπουλος;M;64;Καβάλα;Ανατολική Μακεδονία & Θράκη;2024-02-12;Bronze
209290;Νίκος;Ιωαννίδης;M;62;Θεσσαλονίκη;Κεντρική Μακεδονία;2025-06-29;Gold
209291;Σοφία;Κωνσταντίνου;F;68;Αθήνα;Αττική;2024-03-04;Bronze
209292;Άννα;Δημητρίου;F;60;Πάτρα;Δυτική Ελλάδα;2024-05-10;Bronze
209293;Σοφία;Χατζής;F;29;Ηράκλειο;Κρήτη;2024-06-08;Bronze
209294;Σοφία;Ιωαννίδης;F;20;Ηράκλειο;Κρήτη;2025-05-30;Silver
209295;Παναγιώτης;Καραγιάννης;M;45;Σέρρες;Κεντρική Μακεδονία;2024-10-13;Platinum
209296;Κατερίνα;Αλεξίου;F;27;Βόλος;Θεσσαλία;2024-07-23;Silver
209297;Σοφία;Σταματίου;F;28;Σέρρες;Κεντρική Μακεδονία;2025-02-25;Gold
209298;Χρήστος;Αναστασίου;M;53;Λάρισα;Θεσσαλία;2024-09-04;Gold
209299;Παναγιώτης;Ιωαννίδης;M;36;Τρίκαλα;Θεσσαλία;2025-11-20;Bronze
209300;Μαρία;Παπανικολάου;F;39;Ηράκλειο;Κρήτη;2025-05-30;Platinum
209301;Δήμητρα;Λαμπρόπουλος;F;50;Βόλος;Θεσσαλία;2025-08-08;Silver
209302;Δημήτρης;Κωνσταντίνου;M;48;Καβάλα;Ανατολική Μακεδονία & Θράκη;2025-12-01;Platinum
209303;Γεωργία;Χατζής;F;40;Χανιά;Κρήτη;2024-12-08;Bronze
209304;Νίκος;Δημητρίου;M;32;Αθήνα;Αττική;2025-06-29;Gold
209305;Νίκος;Σταματίου;M;24;Ιωάννινα;Ήπειρος;2024-04-13;Gold
209306;Χριστίνα;Νικολάου;F;40;Θεσσαλονίκη;Κεντρική Μακεδονία;2025-08-11;Silver
209307;Γιώργος;Νικολάου;M;68;Σέρρες;Κεντρική Μακεδονία;2025-11-09;Silver
209308;Δημήτρης;Γεωργίου;M;27;Ιωάννινα;Ήπειρος;2024-11-29;Platinum
209309;Βασίλης;Γεωργίου;M;18;Αθήνα;Αττική;2025-03-31;Bronze
209310;Ελένη;Παπαδόπουλος;F;40;Λάρισα;Θεσσαλία;2025-06-19;Bronze
209311;Άννα;Λαμπρόπουλος;F;21;Αθήνα;Αττική;2025-07-08;Platinum
209312;Χριστίνα;Παπανικολάου;F;51;Σέρρες;Κεντρική Μακεδονία;2024-03-20;Bronze
209313;Θανάσης;Βλάχος;M;42;Πάτρα;Δυτική Ελλάδα;2024-05-29;Gold
209314;Δημήτρης;Πετρόπουλος;M;31;Ιωάννινα;Ήπειρος;2024-10-09;Gold
209315;Σοφία;Χατζής;F;61;Λάρισα;Θεσσαλία;2025-03-17;Gold
209316;Γιώργος;Ιωαννίδης;M;37;Χανιά;Κρήτη;2025-07-24;Silver
209317;Μιχάλης;Αλεξίου;M;27;Βόλος;Θεσσαλία;2025-04-19;Silver
209318;Κατερίνα;Πετρόπουλος;F;61;Αθήνα;Αττική;2025-05-07;Gold
209319;Χρήστος;Πετρόπουλος;M;26;Βόλος;Θεσσαλία;2024-07-09;Bronze
209320;Γιώργος;Πετρόπουλος;M;57;Σέρρες;Κεντρική Μακεδονία;2025-02-18;Bronze
209321;Κατερίνα;Παπανικολάου;F;68;Αθήνα;Αττική;2025-05-13;Bronze
209322;Γιώργος;Παπαδόπουλος;M;72;Χανιά;Κρήτη;2024-10-18;Bronze
209323;Αγγελική;Ζαχαρίου;F;28;Πάτρα;Δυτική Ελλάδα;2024-05-29;Silver
209324;Αγγελική;Παπανικολάου;F;55;Ρόδος;Νότιο Αιγαίο;2024-08-17;Gold
209325;Αγγελική;Παπανικολάου;F;50;Καβάλα;Ανατολική Μακεδονία & Θράκη;2025-06-01;Gold
209326;Άννα;Κωνσταντίνου;F;21;Βόλος;Θεσσαλία;2024-08-26;Silver
209327;Χριστίνα;Σπυρόπουλος;F;47;Αθήνα;Αττική;2025-11-23;Bronze
209328;Άννα;Σπυρόπουλος;F;54;Ιωάννινα;Ήπειρος;2025-05-01;Gold
209329;Δημήτρης;Καρράς;M;46;Θεσσαλονίκη;Κεντρική Μακεδονία;2025-12-27;Platinum
209330;Χριστίνα;Ιωαννίδης;F;70;Αθήνα;Αττική;2024-03-31;Bronze
209331;Ιωάννα;Ζαχαρίου;F;27;Πάτρα;Δυτική Ελλάδα;2024-07-20;Silver
209332;Γεωργία;Σπυρόπουλος;F;20;Χανιά;Κρήτη;2024-08-13;Bronze
209333;Κατερίνα;Μιχαηλίδης;F;27;Ρόδος;Νότιο Αιγαίο;2025-01-12;Silver
209334;Σοφία;Αναστασίου;F;22;Λάρισα;Θεσσαλία;2025-07-05;Gold
209335;Ιωάννα;Αναστασίου;F;39;Ρόδος;Νότιο Αιγαίο;2025-08-02;Bronze
209336;Χρήστος;Ζαχαρίου;M;66;Τρίκαλα;Θεσσαλία;2024-01-06;Silver
209337;Θανάσης;Αλεξίου;M;28;Αθήνα;Αττική;2025-03-25;Silver
209338;Σοφία;Ζαχαρίου;F;66;Θεσσαλονίκη;Κεντρική Μακεδονία;2025-05-02;Gold
209339;Κατερίνα;Παπανικολάου;F;71;Τρίκαλα;Θεσσαλία;2024-08-23;Silver
209340;Κώστας;Ιωαννίδης;M;38;Πάτρα;Δυτική Ελλάδα;2024-11-24;Bronze
209341;Δημήτρης;Οικονόμου;M;52;Ρόδος;Νότιο Αιγαίο;2025-12-06;Gold
209342;Μιχάλης;Καρράς;M;21;Σέρρες;Κεντρική Μακεδονία;2024-06-27;Silver
209343;Μαρία;Αλεξίου;F;33;Πάτρα;Δυτική Ελλάδα;2024-04-26;Gold
209344;Αγγελική;Αλεξίου;F;58;Ιωάννινα;Ήπειρος;2024-08-01;Bronze
209345;Βασίλης;Ιωαννίδης;M;51;Τρίκαλα;Θεσσαλία;2025-03-15;Silver
209346;Άννα;Μιχαηλίδης;F;19;Λάρισα;Θεσσαλία;2025-05-30;Silver
209347;Δημήτρης;Μιχαηλίδης;M;26;Τρίκαλα;Θεσσαλία;2025-07-15;Silver
209348;Μιχάλης;Παπανικολάου;M;18;Ιωάννινα;Ήπειρος;2024-02-10;Silver
209349;Ιωάννα;Δημητρίου;F;52;Χανιά;Κρήτη;2025-06-13;Bronze
209350;Γεωργία;Ιωαννίδης;F;22;Ηράκλειο;Κρήτη;2024-03-27;Silver
209351;Κατερίνα;Χατζής;F;44;Καβάλα;Ανατολική Μακεδονία & Θράκη;2024-07-24;Gold
209352;Σοφία;Μιχαηλίδης;F;69;Χανιά;Κρήτη;2025-02-02;Silver
209353;Σοφία;Μιχαηλίδης;F;71;Θεσσαλονίκη;Κεντρική Μακεδονία;2024-03-03;Gold
209354;Αγγελική;Γεωργίου;F;28;Καβάλα;Ανατολική Μακεδονία & Θράκη;2025-04-12;Gold
209355;Γεωργία;Γεωργίου;F;48;Ιωάννινα;Ήπειρος;2024-11-29;Gold
209356;Αγγελική;Πετρόπουλος;F;53;Χανιά;Κρήτη;2024-05-13;Bronze
209357;Χρήστος;Νικολάου;M;48;Αθήνα;Αττική;2024-10-27;Silver
209358;Ελένη;Ζαχαρίου;F;66;Βόλος;Θεσσαλία;2025-03-02;Gold
209359;Δημήτρης;Αλεξίου;M;52;Σέρρες;Κεντρική Μακεδονία;2024-08-30;Bronze
209360;Κατερίνα;Χατζής;F;21;Αθήνα;Αττική;2024-08-28;Silver
209361;Ιωάννα;Οικονόμου;F;65;Σέρρες;Κεντρική Μακεδονία;2025-08-21;Silver
209362;Θανάσης;Ιωαννίδης;M;23;Ηράκλειο;Κρήτη;2024-02-23;Silver
209363;Δήμητρα;Νικολάου;F;56;Αθήνα;Αττική;2025-10-12;Bronze
209364;Γεωργία;Σταματίου;F;58;Αθήνα;Αττική;2025-01-10;Gold
209365;Βασίλης;Αλεξίου;M;55;Σέρρες;Κεντρική Μακεδονία;2024-05-14;Gold
209366;Χρήστος;Βλάχος;M;69;Τρίκαλα;Θεσσαλία;2024-01-03;Platinum
209367;Γιώργος;Καραγιάννης;M;50;Ηράκλειο;Κρήτη;2025-10-03;Silver
209368;Σοφία;Νικολάου;F;64;Ρόδος;Νότιο Αιγαίο;2024-10-09;Gold
209369;Ελένη;Νικολάου;F;58;Βόλος;Θεσσαλία;2025-10-23;Gold
209370;Κώστας;Αλεξίου;M;30;Θεσσαλονίκη;Κεντρική Μακεδονία;2025-12-02;Bronze
209371;Δημήτρης;Οικονόμου;M;52;Τρίκαλα;Θεσσαλία;2025-09-18;Silver
209372;Χριστίνα;Βλάχος;F;61;Θεσσαλονίκη;Κεντρική Μακεδονία;2024-03-30;Bronze
209373;Κώστας;Γεωργίου;M;40;Ηράκλειο;Κρήτη;2024-02-21;Platinum
209374;Παναγιώτης;Οικονόμου;M;28;Καβάλα;Ανατολική Μακεδονία & Θράκη;2025-02-26;Bronze
209375;Αγγελική;Γεωργίου;F;28;Τρίκαλα;Θεσσαλία;2025-06-09;Silver
209376;Κώστας;Βλάχος;M;35;Βόλος;Θεσσαλία;2024-09-19;Bronze
209377;Δημήτρης;Δημητρίου;M;65;Καβάλα;Ανατολική Μακεδονία & Θράκη;2025-11-27;Silver
209378;Χρήστος;Σταματίου;M;69;Θεσσαλονίκη;Κεντρική Μακεδονία;2024-10-07;Platinum
209379;Χριστίνα;Ιωαννίδης;F;59;Ιωάννινα;Ήπειρος;2024-12-12;Bronze
209380;Μιχάλης;Καρράς;M;27;Θεσσαλονίκη;Κεντρική Μακεδονία;2025-12-06;Bronze
209381;Χρήστος;Αλεξίου;M;38;Αθήνα;Αττική;2025-11-25;Bronze
209382;Κατερίνα;Δημητρίου;F;19;Ιωάννινα;Ήπειρος;2025-10-28;Bronze
209383;Ελένη;Οικονόμου;F;65;Ιωάννινα;Ήπειρος;2024-10-16;Bronze
209384;Γιώργος;Παπαδόπουλος;M;61;Ρόδος;Νότιο Αιγαίο;2024-09-17;Gold
209385;Παναγιώτης;Κωνσταντίνου;M;40;Θεσσαλονίκη;Κεντρική Μακεδονία;2025-01-19;Bronze
209386;Χριστίνα;Παπανικολάου;F;33;Καβάλα;Ανατολική Μακεδονία & Θράκη;2024-01-03;Silver
209387;Βασίλης;Καραγιάννης;M;56;Χανιά;Κρήτη;2024-08-28;Gold
209388;Δημήτρης;Σταματίου;M;66;Τρίκαλα;Θεσσαλία;2024-09-06;Silver
209389;Ιωάννα;Παπαδόπουλος;F;56;Χανιά;Κρήτη;2025-08-04;Gold
209390;Παναγιώτης;Νικολάου;M;40;Τρίκαλα;Θεσσαλία;2024-03-08;Silver
209391;Δημήτρης;Παπανικολάου;M;50;Χανιά;Κρήτη;2024-04-03;Silver
209392;Ανδρέας;Ιωαννίδης;M;66;Βόλος;Θεσσαλία;2024-05-17;Bronze
209393;Γιώργος;Ζαχαρίου;M;48;Θεσσαλονίκη;Κεντρική Μακεδονία;2024-07-27;Bronze
209394;Χρήστος;Δημητρίου;M;53;Χανιά;Κρήτη;2024-01-28;Bronze
209395;Νίκος;Σταματίου;M;22;Σέρρες;Κεντρική Μακεδονία;2024-05-13;Bronze
209396;Θανάσης;Παπαδόπουλος;M;45;Τρίκαλα;Θεσσαλία;2024-05-01;Bronze
209397;Θανάσης;Μιχαηλίδης;M;48;Λάρισα;Θεσσαλία;2025-03-04;Gold
209398;Ιωάννα;Ζαχαρίου;F;19;Ηράκλειο;Κρήτη;2024-10-18;Silver
209399;Νίκος;Καρράς;M;69;Ηράκλειο;Κρήτη;2025-08-31;Platinum
209400;Αγγελική;Βλάχος;F;41;Βόλος;Θεσσαλία;2025-03-28;Bronze
209401;Βασίλης;Παπανικολάου;M;46;Λάρισα;Θεσσαλία;2025-05-14;Bronze
209402;Ελένη;Παπανικολάου;F;39;Ιωάννινα;Ήπειρος;2024-10-25;Silver
209403;Σοφία;Βλάχος;F;27;Πάτρα;Δυτική Ελλάδα;2025-12-31;Bronze
209404;Γεωργία;Μιχαηλίδης;F;32;Θεσσαλονίκη;Κεντρική Μακεδονία;2025-06-30;Platinum
209405;Ανδρέας;Λαμπρόπουλος;M;56;Ρόδος;Νότιο Αιγαίο;2025-03-06;Bronze
209406;Κώστας;Μιχαηλίδης;M;30;Λάρισα;Θεσσαλία;2024-07-19;Bronze
209407;Χρήστος;Σταματίου;M;19;Λάρισα;Θεσσαλία;2025-06-08;Bronze
209408;Νίκος;Ιωαννίδης;M;27;Θεσσαλονίκη;Κεντρική Μακεδονία;2025-04-06;Gold
209409;Γιώργος;Δημητρίου;M;60;Χανιά;Κρήτη;2025-09-21;Platinum
209410;Δημήτρης;Σταματίου;M;36;Καβάλα;Ανατολική Μακεδονία & Θράκη;2024-04-10;Bronze
209411;Ανδρέας;Λαμπρόπουλος;M;55;Ρόδος;Νότιο Αιγαίο;2025-09-13;Silver
209412;Ιωάννα;Βλάχος;F;57;Αθήνα;Αττική;2024-07-13;Bronze
209413;Γεωργία;Σπυρόπουλος;F;67;Πάτρα;Δυτική Ελλάδα;2025-06-16;Bronze
209414;Αγγελική;Κωνσταντίνου;F;20;Καβάλα;Ανατολική Μακεδονία & Θράκη;2024-09-04;Gold
209415;Άννα;Δημητρίου;F;54;Αθήνα;Αττική;2025-11-28;Silver
209416;Άννα;Κωνσταντίνου;F;43;Ρόδος;Νότιο Αιγαίο;2025-06-12;Gold
209417;Ιωάννα;Παπανικολάου;F;61;Χανιά;Κρήτη;2025-08-31;Silver
209418;Ανδρέας;Αναστασίου;M;27;Σέρρες;Κεντρική Μακεδονία;2024-05-16;Platinum
209419;Μαρία;Πετρόπουλος;F;64;Βόλος;Θεσσαλία;2025-01-18;Silver
209420;Γιώργος;Οικονόμου;M;64;Βόλος;Θεσσαλία;2025-12-12;Bronze
209421;Βασίλης;Χατζής;M;45;Λάρισα;Θεσσαλία;2024-08-13;Bronze
209422;Βασίλης;Σταματίου;M;20;Θεσσαλονίκη;Κεντρική Μακεδονία;2025-07-06;Silver
209423;Ιωάννα;Δημητρίου;F;28;Ρόδος;Νότιο Αιγαίο;2024-10-02;Gold
209424;Ελένη;Δημητρίου;F;41;Ηράκλειο;Κρήτη;2025-10-08;Bronze
209425;Κώστας;Καραγιάννης;M;64;Αθήνα;Αττική;2025-03-31;Bronze
209426;Χριστίνα;Σταματίου;F;21;Ιωάννινα;Ήπειρος;2025-10-23;Gold
209427;Μιχάλης;Νικολάου;M;34;Λάρισα;Θεσσαλία;2025-04-10;Platinum
209428;Ιωάννα;Κωνσταντίνου;F;41;Αθήνα;Αττική;2025-04-09;Bronze
209429;Δημήτρης;Χατζής;M;27;Βόλος;Θεσσαλία;2024-05-16;Bronze
209430;Δήμητρα;Παπανικολάου;F;62;Σέρρες;Κεντρική Μακεδονία;2025-03-30;Platinum
209431;Χριστίνα;Ζαχαρίου;F;25;Θεσσαλονίκη;Κεντρική Μακεδονία;2024-06-15;Gold
209432;Γιώργος;Ιωαννίδης;M;44;Βόλος;Θεσσαλία;2025-12-03;Bronze
209433;Γιώργος;Κωνσταντίνου;M;19;Καβάλα;Ανατολική Μακεδονία & Θράκη;2024-10-11;Bronze
209434;Βασίλης;Σπυρόπουλος;M;28;Σέρρες;Κεντρική Μακεδονία;2025-04-05;Gold
209435;Δήμητρα;Πετρόπουλος;F;63;Ηράκλειο;Κρήτη;2024-08-20;Bronze
209436;Παναγιώτης;Σταματίου;M;30;Χανιά;Κρήτη;2024-11-02;Bronze
209437;Δημήτρης;Νικολάου;M;52;Ρόδος;Νότιο Αιγαίο;2024-01-13;Bronze
209438;Ελένη;Οικονόμου;F;43;Ηράκλειο;Κρήτη;2025-05-13;Silver
209439;Νίκος;Λαμπρόπουλος;M;45;Χανιά;Κρήτη;2025-08-24;Gold
209440;Θανάσης;Παπανικολάου;M;67;Λάρισα;Θεσσαλία;2024-07-14;Bronze
209441;Ιωάννα;Δημητρίου;F;26;Χανιά;Κρήτη;2024-10-18;Bronze
209442;Βασίλης;Κωνσταντίνου;M;66;Αθήνα;Αττική;2025-01-11;Silver
209443;Μαρία;Κωνσταντίνου;F;57;Τρίκαλα;Θεσσαλία;2024-04-04;Silver
209444;Βασίλης;Σπυρόπουλος;M;32;Πάτρα;Δυτική Ελλάδα;2024-08-26;Silver
209445;Ελένη;Χατζής;F;39;Αθήνα;Αττική;2025-09-22;Bronze
209446;Δημήτρης;Βλάχος;M;37;Λάρισα;Θεσσαλία;2024-01-27;Silver
209447;Βασίλης;Πετρόπουλος;M;52;Ηράκλειο;Κρήτη;2024-09-05;Platinum
209448;Μιχάλης;Ζαχαρίου;M;49;Ηράκλειο;Κρήτη;2025-11-15;Silver
209449;Αγγελική;Οικονόμου;F;38;Χανιά;Κρήτη;2024-06-14;Silver
209450;Γεωργία;Ζαχαρίου;F;22;Λάρισα;Θεσσαλία;2025-06-13;Silver
209451;Γεωργία;Παπανικολάου;F;22;Βόλος;Θεσσαλία;2024-12-16;Bronze
209452;Χριστίνα;Αναστασίου;F;26;Πάτρα;Δυτική Ελλάδα;2025-04-18;Bronze
209453;Χρήστος;Βλάχος;M;43;Λάρισα;Θεσσαλία;2025-04-19;Bronze
209454;Μαρία;Αναστασίου;F;71;Πάτρα;Δυτική Ελλάδα;2025-06-27;Gold
209455;Παναγιώτης;Λαμπρόπουλος;M;57;Θεσσαλονίκη;Κεντρική Μακεδονία;2025-09-10;Bronze
209456;Σοφία;Σπυρόπουλος;F;45;Ηράκλειο;Κρήτη;2024-07-19;Silver
209457;Ιωάννα;Πετρόπουλος;F;54;Ηράκλειο;Κρήτη;2025-06-06;Bronze
209458;Ιωάννα;Οικονόμου;F;25;Ηράκλειο;Κρήτη;2024-01-10;Bronze
209459;Χριστίνα;Παπαδόπουλος;F;35;Ρόδος;Νότιο Αιγαίο;2024-04-21;Silver
209460;Μιχάλης;Πετρόπουλος;M;54;Καβάλα;Ανατολική Μακεδονία & Θράκη;2024-01-22;Gold
209461;Γεωργία;Σπυρόπουλος;F;31;Θεσσαλονίκη;Κεντρική Μακεδονία;2024-01-21;Silver
209462;Μιχάλης;Δημητρίου;M;32;Ιωάννινα;Ήπειρος;2024-06-19;Gold
209463;Ανδρέας;Ιωαννίδης;M;49;Χανιά;Κρήτη;2024-10-16;Bronze
209464;Δημήτρης;Νικολάου;M;26;Πάτρα;Δυτική Ελλάδα;2024-03-16;Bronze
209465;Γεωργία;Δημητρίου;F;53;Ιωάννινα;Ήπειρος;2025-03-19;Gold
209466;Μαρία;Πετρόπουλος;F;68;Λάρισα;Θεσσαλία;2024-03-22;Silver
209467;Ιωάννα;Σταματίου;F;67;Λάρισα;Θεσσαλία;2024-03-31;Gold
209468;Αγγελική;Κωνσταντίνου;F;40;Τρίκαλα;Θεσσαλία;2024-08-01;Silver
209469;Γιώργος;Ιωαννίδης;M;30;Τρίκαλα;Θεσσαλία;2024-11-12;Bronze
209470;Παναγιώτης;Καραγιάννης;M;71;Λάρισα;Θεσσαλία;2025-08-06;Bronze
209471;Γιώργος;Λαμπρόπουλος;M;22;Αθήνα;Αττική;2025-04-27;Silver
209472;Παναγιώτης;Ιωαννίδης;M;43;Βόλος;Θεσσαλία;2024-03-14;Gold
209473;Μιχάλης;Σταματίου;M;42;Καβάλα;Ανατολική Μακεδονία & Θράκη;2024-11-03;Gold
209474;Άννα;Βλάχος;F;57;Ιωάννινα;Ήπειρος;2024-05-14;Bronze
209475;Μιχάλης;Λαμπρόπουλος;M;71;Αθήνα;Αττική;2025-10-31;Silver
209476;Μιχάλης;Γεωργίου;M;38;Πάτρα;Δυτική Ελλάδα;2024-05-22;Silver
209477;Κατερίνα;Νικολάου;F;44;Ηράκλειο;Κρήτη;2025-06-24;Platinum
209478;Μιχάλης;Γεωργίου;M;42;Χανιά;Κρήτη;2024-03-05;Bronze
209479;Ανδρέας;Ζαχαρίου;M;24;Καβάλα;Ανατολική Μακεδονία & Θράκη;2025-06-03;Bronze
209480;Κατερίνα;Αναστασίου;F;59;Βόλος;Θεσσαλία;2024-01-13;Bronze
209481;Αγγελική;Αλεξίου;F;41;Λάρισα;Θεσσαλία;2024-07-01;Bronze
209482;Δημήτρης;Παπανικολάου;M;48;Ρόδος;Νότιο Αιγαίο;2025-02-08;Bronze
209483;Σοφία;Παπαδόπουλος;F;21;Βόλος;Θεσσαλία;2025-04-13;Silver
209484;Γεωργία;Λαμπρόπουλος;F;37;Ηράκλειο;Κρήτη;2024-03-25;Gold
209485;Κώστας;Καραγιάννης;M;63;Ρόδος;Νότιο Αιγαίο;2024-03-27;Bronze
209486;Σοφία;Καρράς;F;40;Βόλος;Θεσσαλία;2024-02-11;Bronze
209487;Γιώργος;Σταματίου;M;59;Αθήνα;Αττική;2024-01-27;Bronze
209488;Δήμητρα;Σταματίου;F;30;Πάτρα;Δυτική Ελλάδα;2024-02-21;Bronze
209489;Παναγιώτης;Σταματίου;M;27;Λάρισα;Θεσσαλία;2025-04-21;Gold
209490;Παναγιώτης;Σταματίου;M;51;Λάρισα;Θεσσαλία;2025-05-28;Platinum
209491;Νίκος;Αλεξίου;M;43;Καβάλα;Ανατολική Μακεδονία & Θράκη;2024-05-21;Bronze
209492;Βασίλης;Πετρόπουλος;M;33;Πάτρα;Δυτική Ελλάδα;2024-02-24;Gold
209493;Αγγελική;Σπυρόπουλος;F;38;Πάτρα;Δυτική Ελλάδα;2024-03-07;Gold
209494;Κώστας;Μιχαηλίδης;M;56;Λάρισα;Θεσσαλία;2024-10-10;Silver
209495;Άννα;Γεωργίου;F;19;Πάτρα;Δυτική Ελλάδα;2025-08-25;Bronze
209496;Γιώργος;Χατζής;M;49;Ιωάννινα;Ήπειρος;2025-10-30;Bronze
209497;Ανδρέας;Καραγιάννης;M;25;Σέρρες;Κεντρική Μακεδονία;2025-12-19;Gold
209498;Αγγελική;Καρράς;F;26;Αθήνα;Αττική;2025-06-17;Silver
209499;Μιχάλης;Χατζής;M;54;Καβάλα;Ανατολική Μακεδονία & Θράκη;2025-09-22;Bronze
209500;Κώστας;Χατζής;M;34;Χανιά;Κρήτη;2024-01-17;Silver
209501;Χρήστος;Ζαχαρίου;M;57;Αθήνα;Αττική;2024-05-02;Bronze
209502;Νίκος;Σπυρόπουλος;M;48;Βόλος;Θεσσαλία;2024-10-11;Silver
209503;Μαρία;Βλάχος;F;59;Θεσσαλονίκη;Κεντρική Μακεδονία;2025-03-04;Gold
209504;Ανδρέας;Σπυρόπουλος;M;30;Ιωάννινα;Ήπειρος;2025-03-14;Bronze
209505;Θανάσης;Καρράς;M;53;Αθήνα;Αττική;2024-04-28;Bronze
209506;Δημήτρης;Χατζής;M;19;Χανιά;Κρήτη;2025-10-28;Platinum
209507;Μαρία;Αναστασίου;F;46;Ιωάννινα;Ήπειρος;2024-12-12;Platinum
209508;Σοφία;Αναστασίου;F;20;Χανιά;Κρήτη;2025-07-07;Silver
209509;Μαρία;Αλεξίου;F;69;Καβάλα;Ανατολική Μακεδονία & Θράκη;2024-06-15;Bronze
209510;Γιώργος;Αναστασίου;M;23;Χανιά;Κρήτη;2024-01-18;Silver
209511;Αγγελική;Νικολάου;F;55;Ιωάννινα;Ήπειρος;2024-01-18;Silver
209512;Χριστίνα;Σταματίου;F;21;Χανιά;Κρήτη;2025-05-26;Bronze
209513;Άννα;Νικολάου;F;28;Θεσσαλονίκη;Κεντρική Μακεδονία;2025-01-10;Gold
209514;Παναγιώτης;Αλεξίου;M;56;Τρίκαλα;Θεσσαλία;2025-05-12;Bronze
209515;Ανδρέας;Νικολάου;M;70;Ηράκλειο;Κρήτη;2025-06-03;Bronze
209516;Ιωάννα;Αναστασίου;F;31;Τρίκαλα;Θεσσαλία;2024-06-24;Gold
209517;Δήμητρα;Σπυρόπουλος;F;40;Βόλος;Θεσσαλία;2024-08-31;Gold
209518;Ανδρέας;Παπαδόπουλος;M;45;Βόλος;Θεσσαλία;2025-12-12;Gold
209519;Δημήτρης;Χατζής;M;70;Αθήνα;Αττική;2025-04-27;Silver
209520;Σοφία;Βλάχος;F;26;Ρόδος;Νότιο Αιγαίο;2025-05-11;Silver
209521;Κώστας;Νικολάου;M;29;Θεσσαλονίκη;Κεντρική Μακεδονία;2024-05-27;Bronze
209522;Μαρία;Βλάχος;F;27;Σέρρες;Κεντρική Μακεδονία;2025-10-28;Silver
209523;Μαρία;Σταματίου;F;61;Τρίκαλα;Θεσσαλία;2025-03-20;Bronze
209524;Κατερίνα;Οικονόμου;F;45;Θεσσαλονίκη;Κεντρική Μακεδονία;2024-02-01;Gold
209525;Ελένη;Παπαδόπουλος;F;69;Ιωάννινα;Ήπειρος;2025-08-20;Gold
209526;Ιωάννα;Σπυρόπουλος;F;39;Ηράκλειο;Κρήτη;2024-05-22;Bronze
209527;Άννα;Καραγιάννης;F;48;Ηράκλειο;Κρήτη;2025-02-16;Silver
209528;Νίκος;Σπυρόπουλος;M;52;Βόλος;Θεσσαλία;2025-12-30;Platinum
209529;Κατερίνα;Σταματίου;F;50;Τρίκαλα;Θεσσαλία;2025-11-11;Platinum
209530;Άννα;Μιχαηλίδης;F;56;Θεσσαλονίκη;Κεντρική Μακεδονία;2025-03-25;Platinum
209531;Κατερίνα;Αλεξίου;F;53;Αθήνα;Αττική;2025-10-26;Silver
209532;Θανάσης;Δημητρίου;M;51;Αθήνα;Αττική;2025-08-10;Gold
209533;Μιχάλης;Αναστασίου;M;38;Βόλος;Θεσσαλία;2025-12-19;Bronze
209534;Δήμητρα;Αλεξίου;F;49;Αθήνα;Αττική;2024-01-25;Bronze
209535;Γιώργος;Σταματίου;M;65;Ηράκλειο;Κρήτη;2024-08-12;Gold
209536;Βασίλης;Μιχαηλίδης;M;36;Θεσσαλονίκη;Κεντρική Μακεδονία;2024-03-11;Bronze
209537;Μιχάλης;Καραγιάννης;M;59;Αθήνα;Αττική;2024-09-06;Platinum
209538;Νίκος;Βλάχος;M;62;Σέρρες;Κεντρική Μακεδονία;2025-03-13;Silver
209539;Δημήτρης;Καρράς;M;63;Βόλος;Θεσσαλία;2025-04-06;Bronze
209540;Κατερίνα;Χατζής;F;59;Ηράκλειο;Κρήτη;2024-03-14;Silver
209541;Γιώργος;Δημητρίου;M;52;Βόλος;Θεσσαλία;2024-12-27;Bronze
209542;Ιωάννα;Κωνσταντίνου;F;36;Χανιά;Κρήτη;2025-05-12;Gold
209543;Βασίλης;Δημητρίου;M;62;Καβάλα;Ανατολική Μακεδονία & Θράκη;2024-04-09;Silver
209544;Ιωάννα;Αναστασίου;F;56;Αθήνα;Αττική;2025-04-30;Silver
209545;Κώστας;Ζαχαρίου;M;41;Ηράκλειο;Κρήτη;2024-08-28;Gold
209546;Χρήστος;Νικολάου;M;30;Αθήνα;Αττική;2025-12-10;Bronze
209547;Χριστίνα;Νικολάου;F;69;Τρίκαλα;Θεσσαλία;2024-02-21;Silver
209548;Κατερίνα;Μιχαηλίδης;F;44;Ρόδος;Νότιο Αιγαίο;2024-09-05;Bronze
209549;Αγγελική;Παπανικολάου;F;29;Τρίκαλα;Θεσσαλία;2025-10-28;Bronze
209550;Κατερίνα;Ιωαννίδης;F;32;Ρόδος;Νότιο Αιγαίο;2025-01-01;Gold
209551;Θανάσης;Κωνσταντίνου;M;61;Χανιά;Κρήτη;2025-05-18;Bronze
209552;Παναγιώτης;Αλεξίου;M;64;Λάρισα;Θεσσαλία;2025-08-22;Bronze
209553;Παναγιώτης;Νικολάου;M;42;Ρόδος;Νότιο Αιγαίο;2024-06-09;Bronze
209554;Σοφία;Αναστασίου;F;53;Ηράκλειο;Κρήτη;2024-01-07;Bronze
209555;Ανδρέας;Αναστασίου;M;39;Σέρρες;Κεντρική Μακεδονία;2025-06-26;Silver
209556;Νίκος;Πετρόπουλος;M;32;Σέρρες;Κεντρική Μακεδονία;2025-04-09;Silver
209557;Βασίλης;Μιχαηλίδης;M;49;Βόλος;Θεσσαλία;2025-10-19;Gold
209558;Αγγελική;Παπαδόπουλος;F;68;Καβάλα;Ανατολική Μακεδονία & Θράκη;2024-07-18;Bronze
209559;Ελένη;Παπαδόπουλος;F;47;Θεσσαλονίκη;Κεντρική Μακεδονία;2025-04-14;Silver
209560;Δήμητρα;Παπανικολάου;F;72;Αθήνα;Αττική;2024-06-25;Bronze
209561;Κατερίνα;Νικολάου;F;30;Θεσσαλονίκη;Κεντρική Μακεδονία;2024-09-24;Gold
209562;Κατερίνα;Οικονόμου;F;27;Αθήνα;Αττική;2025-04-01;Bronze
209563;Γεωργία;Καρράς;F;43;Καβάλα;Ανατολική Μακεδονία & Θράκη;2024-12-23;Silver
209564;Παναγιώτης;Βλάχος;M;67;Λάρισα;Θεσσαλία;2025-12-10;Bronze
209565;Χριστίνα;Σταματίου;F;32;Ιωάννινα;Ήπειρος;2025-12-24;Silver
209566;Χριστίνα;Βλάχος;F;46;Χανιά;Κρήτη;2025-03-13;Bronze
209567;Παναγιώτης;Ιωαννίδης;M;57;Καβάλα;Ανατολική Μακεδονία & Θράκη;2025-05-23;Gold
209568;Σοφία;Οικονόμου;F;34;Ρόδος;Νότιο Αιγαίο;2024-12-22;Gold
209569;Χρήστος;Πετρόπουλος;M;28;Βόλος;Θεσσαλία;2024-03-28;Silver
209570;Νίκος;Ιωαννίδης;M;60;Βόλος;Θεσσαλία;2025-03-15;Bronze
209571;Θανάσης;Νικολάου;M;47;Σέρρες;Κεντρική Μακεδονία;2025-07-22;Bronze
209572;Χρήστος;Νικολάου;M;34;Σέρρες;Κεντρική Μακεδονία;2025-07-16;Bronze
209573;Χριστίνα;Καραγιάννης;F;48;Ρόδος;Νότιο Αιγαίο;2024-08-12;Gold
209574;Θανάσης;Παπανικολάου;M;68;Τρίκαλα;Θεσσαλία;2024-02-25;Bronze
209575;Αγγελική;Μιχαηλίδης;F;60;Πάτρα;Δυτική Ελλάδα;2025-11-22;Gold
209576;Νίκος;Κωνσταντίνου;M;23;Ηράκλειο;Κρήτη;2024-11-20;Silver
209577;Δημήτρης;Πετρόπουλος;M;46;Χανιά;Κρήτη;2024-11-16;Bronze
209578;Κώστας;Παπαδόπουλος;M;71;Θεσσαλονίκη;Κεντρική Μακεδονία;2024-03-16;Gold
209579;Χρήστος;Καραγιάννης;M;49;Ηράκλειο;Κρήτη;2025-03-03;Silver
209580;Δημήτρης;Σπυρόπουλος;M;67;Σέρρες;Κεντρική Μακεδονία;2024-11-13;Gold
209581;Χριστίνα;Γεωργίου;F;25;Βόλος;Θεσσαλία;2024-12-16;Silver
209582;Γεωργία;Καραγιάννης;F;67;Ηράκλειο;Κρήτη;2025-06-03;Gold
209583;Γιώργος;Ζαχαρίου;M;25;Θεσσαλονίκη;Κεντρική Μακεδονία;2024-03-04;Bronze
209584;Νίκος;Σταματίου;M;34;Αθήνα;Αττική;2025-11-13;Gold
209585;Χριστίνα;Καραγιάννης;F;51;Ιωάννινα;Ήπειρος;2025-12-19;Gold
209586;Χριστίνα;Αναστασίου;F;40;Ηράκλειο;Κρήτη;2024-09-06;Silver
209587;Άννα;Αλεξίου;F;25;Αθήνα;Αττική;2025-03-25;Gold
209588;Ιωάννα;Μιχαηλίδης;F;19;Ηράκλειο;Κρήτη;2024-03-29;Bronze
209589;Ιωάννα;Αλεξίου;F;59;Βόλος;Θεσσαλία;2024-09-09;Bronze
209590;Σοφία;Δημητρίου;F;35;Λάρισα;Θεσσαλία;2024-04-02;Bronze
209591;Ιωάννα;Χατζής;F;52;Χανιά;Κρήτη;2024-01-15;Bronze
209592;Γιώργος;Πετρόπουλος;M;56;Σέρρες;Κεντρική Μακεδονία;2024-07-20;Bronze
209593;Ελένη;Νικολάου;F;18;Ρόδος;Νότιο Αιγαίο;2025-06-27;Silver
209594;Δήμητρα;Αναστασίου;F;65;Ιωάννινα;Ήπειρος;2025-05-25;Gold
209595;Γιώργος;Αναστασίου;M;48;Βόλος;Θεσσαλία;2025-11-30;Silver
209596;Νίκος;Νικολάου;M;68;Τρίκαλα;Θεσσαλία;2025-06-15;Bronze
209597;Μαρία;Αλεξίου;F;35;Θεσσαλονίκη;Κεντρική Μακεδονία;2024-05-03;Bronze
209598;Ελένη;Οικονόμου;F;23;Αθήνα;Αττική;2025-06-26;Bronze
209599;Ανδρέας;Αλεξίου;M;39;Σέρρες;Κεντρική Μακεδονία;2025-10-11;Bronze
209600;Αγγελική;Παπαδόπουλος;F;20;Τρίκαλα;Θεσσαλία;2024-11-30;Bronze
209601;Βασίλης;Λαμπρόπουλος;M;44;Ηράκλειο;Κρήτη;2025-07-25;Platinum
209602;Ελένη;Πετρόπουλος;F;42;Πάτρα;Δυτική Ελλάδα;2025-07-11;Bronze
209603;Θανάσης;Κωνσταντίνου;M;34;Καβάλα;Ανατολική Μακεδονία & Θράκη;2024-10-15;Bronze
209604;Ανδρέας;Καραγιάννης;M;55;Πάτρα;Δυτική Ελλάδα;2024-09-11;Bronze
209605;Βασίλης;Αλεξίου;M;54;Βόλος;Θεσσαλία;2025-05-07;Bronze
209606;Άννα;Ζαχαρίου;F;56;Ηράκλειο;Κρήτη;2024-07-13;Bronze
209607;Παναγιώτης;Γεωργίου;M;56;Βόλος;Θεσσαλία;2024-03-25;Silver
209608;Άννα;Γεωργίου;F;52;Σέρρες;Κεντρική Μακεδονία;2025-08-19;Gold
209609;Αγγελική;Μιχαηλίδης;F;57;Χανιά;Κρήτη;2025-10-22;Bronze
209610;Γεωργία;Μιχαηλίδης;F;62;Καβάλα;Ανατολική Μακεδονία & Θράκη;2025-12-19;Bronze
209611;Χριστίνα;Λαμπρόπουλος;F;51;Αθήνα;Αττική;2025-06-14;Bronze
209612;Χριστίνα;Ιωαννίδης;F;27;Θεσσαλονίκη;Κεντρική Μακεδονία;2025-01-25;Gold
209613;Παναγιώτης;Ζαχαρίου;M;48;Χανιά;Κρήτη;2025-01-22;Silver
209614;Νίκος;Οικονόμου;M;39;Θεσσαλονίκη;Κεντρική Μακεδονία;2025-10-27;Bronze
209615;Κατερίνα;Μιχαηλίδης;F;37;Θεσσαλονίκη;Κεντρική Μακεδονία;2024-01-05;Bronze
209616;Ανδρέας;Λαμπρόπουλος;M;33;Βόλος;Θεσσαλία;2025-08-15;Gold
209617;Ιωάννα;Λαμπρόπουλος;F;51;Αθήνα;Αττική;2025-12-13;Silver
209618;Κατερίνα;Μιχαηλίδης;F;72;Πάτρα;Δυτική Ελλάδα;2025-04-03;Bronze
209619;Μιχάλης;Μιχαηλίδης;M;70;Αθήνα;Αττική;2025-03-22;Silver
209620;Μαρία;Μιχαηλίδης;F;27;Βόλος;Θεσσαλία;2024-01-05;Platinum
209621;Μιχάλης;Πετρόπουλος;M;28;Ιωάννινα;Ήπειρος;2024-04-10;Bronze
209622;Θανάσης;Παπανικολάου;M;45;Τρίκαλα;Θεσσαλία;2024-03-02;Gold
209623;Κώστας;Βλάχος;M;26;Τρίκαλα;Θεσσαλία;2024-07-17;Bronze
209624;Χρήστος;Παπανικολάου;M;61;Λάρισα;Θεσσαλία;2024-02-18;Bronze
209625;Άννα;Γεωργίου;F;22;Θεσσαλονίκη;Κεντρική Μακεδονία;2024-06-23;Bronze
209626;Μιχάλης;Σταματίου;M;29;Θεσσαλονίκη;Κεντρική Μακεδονία;2025-02-07;Bronze
209627;Μιχάλης;Αναστασίου;M;60;Σέρρες;Κεντρική Μακεδονία;2025-10-03;Bronze
209628;Βασίλης;Χατζής;M;26;Σέρρες;Κεντρική Μακεδονία;2025-04-06;Bronze
209629;Μαρία;Πετρόπουλος;F;63;Βόλος;Θεσσαλία;2025-07-05;Bronze
209630;Σοφία;Καρράς;F;55;Πάτρα;Δυτική Ελλάδα;2024-09-12;Gold
209631;Χριστίνα;Νικολάου;F;34;Πάτρα;Δυτική Ελλάδα;2025-08-18;Silver
209632;Χριστίνα;Βλάχος;F;55;Αθήνα;Αττική;2025-04-04;Bronze
209633;Χριστίνα;Αλεξίου;F;31;Χανιά;Κρήτη;2025-10-04;Silver
209634;Κώστας;Ζαχαρίου;M;19;Αθήνα;Αττική;2024-07-08;Gold
209635;Μαρία;Καρράς;F;19;Ρόδος;Νότιο Αιγαίο;2025-12-02;Bronze
209636;Ελένη;Σπυρόπουλος;F;60;Ηράκλειο;Κρήτη;2025-12-07;Gold
209637;Ελένη;Σταματίου;F;32;Ρόδος;Νότιο Αιγαίο;2024-08-10;Bronze
209638;Βασίλης;Χατζής;M;34;Βόλος;Θεσσαλία;2025-10-08;Bronze
209639;Δήμητρα;Δημητρίου;F;62;Σέρρες;Κεντρική Μακεδονία;2024-12-10;Bronze
209640;Αγγελική;Χατζής;F;46;Πάτρα;Δυτική Ελλάδα;2024-12-22;Bronze
209641;Ιωάννα;Δημητρίου;F;32;Πάτρα;Δυτική Ελλάδα;2024-05-16;Gold
209642;Μιχάλης;Παπαδόπουλος;M;55;Αθήνα;Αττική;2024-08-31;Bronze
209643;Χριστίνα;Αναστασίου;F;36;Ηράκλειο;Κρήτη;2025-09-10;Bronze
209644;Ανδρέας;Βλάχος;M;32;Ρόδος;Νότιο Αιγαίο;2024-12-09;Silver
209645;Κώστας;Καρράς;M;41;Αθήνα;Αττική;2025-09-20;Bronze
209646;Βασίλης;Δημητρίου;M;50;Λάρισα;Θεσσαλία;2025-10-29;Gold
209647;Χρήστος;Αναστασίου;M;39;Ρόδος;Νότιο Αιγαίο;2024-03-04;Bronze
209648;Γιώργος;Μιχαηλίδης;M;47;Ρόδος;Νότιο Αιγαίο;2025-08-29;Bronze
209649;Παναγιώτης;Καρράς;M;53;Τρίκαλα;Θεσσαλία;2024-02-10;Bronze
209650;Χρήστος;Ιωαννίδης;M;43;Θεσσαλονίκη;Κεντρική Μακεδονία;2024-05-28;Bronze
209651;Σοφία;Καραγιάννης;F;26;Ιωάννινα;Ήπειρος;2025-05-11;Bronze
209652;Μαρία;Καρράς;F;52;Χανιά;Κρήτη;2025-03-26;Silver
209653;Δήμητρα;Αλεξίου;F;53;Ιωάννινα;Ήπειρος;2025-02-02;Silver
209654;Μαρία;Σπυρόπουλος;F;31;Τρίκαλα;Θεσσαλία;2024-11-02;Silver
209655;Νίκος;Λαμπρόπουλος;M;19;Τρίκαλα;Θεσσαλία;2025-06-06;Silver
209656;Νίκος;Μιχαηλίδης;M;56;Χανιά;Κρήτη;2024-05-18;Gold
209657;Μιχάλης;Χατζής;M;67;Ρόδος;Νότιο Αιγαίο;2025-01-15;Bronze
209658;Κατερίνα;Παπαδόπουλος;F;39;Ιωάννινα;Ήπειρος;2025-02-19;Silver
209659;Άννα;Ιωαννίδης;F;69;Πάτρα;Δυτική Ελλάδα;2025-02-09;Silver
209660;Δήμητρα;Σταματίου;F;57;Σέρρες;Κεντρική Μακεδονία;2025-12-21;Silver
209661;Ανδρέας;Βλάχος;M;59;Αθήνα;Αττική;2024-07-18;Bronze
209662;Γιώργος;Κωνσταντίνου;M;58;Ιωάννινα;Ήπειρος;2025-10-09;Platinum
209663;Ελένη;Παπαδόπουλος;F;19;Θεσσαλονίκη;Κεντρική Μακεδονία;2025-07-31;Silver
209664;Μαρία;Οικονόμου;F;57;Χανιά;Κρήτη;2025-04-25;Bronze
209665;Χριστίνα;Νικολάου;F;46;Θεσσαλονίκη;Κεντρική Μακεδονία;2025-03-03;Gold
209666;Κατερίνα;Παπαδόπουλος;F;41;Ρόδος;Νότιο Αιγαίο;2024-09-07;Gold
209667;Σοφία;Δημητρίου;F;41;Καβάλα;Ανατολική Μακεδονία & Θράκη;2024-06-10;Bronze
209668;Σοφία;Σταματίου;F;34;Καβάλα;Ανατολική Μακεδονία & Θράκη;2024-10-16;Bronze
209669;Αγγελική;Χατζής;F;24;Ρόδος;Νότιο Αιγαίο;2025-08-18;Silver
209670;Σοφία;Καρράς;F;38;Θεσσαλονίκη;Κεντρική Μακεδονία;2025-08-11;Silver
209671;Δήμητρα;Μιχαηλίδης;F;31;Τρίκαλα;Θεσσαλία;2024-04-22;Gold
209672;Δημήτρης;Σταματίου;M;59;Χανιά;Κρήτη;2025-11-08;Silver
209673;Αγγελική;Χατζής;F;48;Χανιά;Κρήτη;2025-09-18;Bronze
209674;Κατερίνα;Καρράς;F;66;Ηράκλειο;Κρήτη;2025-12-09;Silver
209675;Βασίλης;Λαμπρόπουλος;M;26;Χανιά;Κρήτη;2024-01-11;Silver
209676;Δημήτρης;Γεωργίου;M;37;Ηράκλειο;Κρήτη;2025-11-09;Gold
209677;Κώστας;Ιωαννίδης;M;27;Αθήνα;Αττική;2024-01-12;Silver
209678;Παναγιώτης;Σταματίου;M;60;Ιωάννινα;Ήπειρος;2025-08-10;Silver
209679;Βασίλης;Καραγιάννης;M;52;Πάτρα;Δυτική Ελλάδα;2024-11-19;Bronze
209680;Ιωάννα;Παπαδόπουλος;F;55;Ρόδος;Νότιο Αιγαίο;2025-03-30;Gold
209681;Μαρία;Καρράς;F;22;Ιωάννινα;Ήπειρος;2024-03-09;Bronze
209682;Νίκος;Σπυρόπουλος;M;51;Χανιά;Κρήτη;2025-11-09;Silver
209683;Χρήστος;Σταματίου;M;43;Ιωάννινα;Ήπειρος;2025-02-16;Silver
209684;Σοφία;Νικολάου;F;28;Ηράκλειο;Κρήτη;2024-08-21;Gold
209685;Σοφία;Αναστασίου;F;43;Θεσσαλονίκη;Κεντρική Μακεδονία;2024-04-03;Silver
209686;Σοφία;Πετρόπουλος;F;64;Βόλος;Θεσσαλία;2025-04-14;Gold
209687;Μιχάλης;Παπαδόπουλος;M;36;Ρόδος;Νότιο Αιγαίο;2024-09-19;Silver
209688;Ελένη;Ιωαννίδης;F;30;Ιωάννινα;Ήπειρος;2024-05-04;Bronze
209689;Βασίλης;Αλεξίου;M;22;Ηράκλειο;Κρήτη;2024-06-03;Bronze
209690;Χρήστος;Καραγιάννης;M;69;Αθήνα;Αττική;2024-11-04;Gold
209691;Ανδρέας;Μιχαηλίδης;M;71;Θεσσαλονίκη;Κεντρική Μακεδονία;2024-01-12;Platinum
209692;Κατερίνα;Καρράς;F;21;Καβάλα;Ανατολική Μακεδονία & Θράκη;2025-01-24;Silver
209693;Ελένη;Καρράς;F;36;Τρίκαλα;Θεσσαλία;2024-02-28;Silver
209694;Σοφία;Οικονόμου;F;21;Βόλος;Θεσσαλία;2025-07-18;Gold
209695;Σοφία;Ιωαννίδης;F;24;Τρίκαλα;Θεσσαλία;2024-05-17;Silver
209696;Μιχάλης;Νικολάου;M;57;Λάρισα;Θεσσαλία;2024-06-12;Gold
209697;Νίκος;Καρράς;M;45;Λάρισα;Θεσσαλία;2025-09-03;Silver
209698;Αγγελική;Βλάχος;F;68;Πάτρα;Δυτική Ελλάδα;2024-11-19;Gold
209699;Ιωάννα;Αναστασίου;F;62;Χανιά;Κρήτη;2025-01-09;Silver
209700;Δημήτρης;Καραγιάννης;M;40;Ρόδος;Νότιο Αιγαίο;2025-08-15;Gold
209701;Παναγιώτης;Ιωαννίδης;M;68;Χανιά;Κρήτη;2024-07-10;Gold
209702;Βασίλης;Λαμπρόπουλος;M;23;Χανιά;Κρήτη;2025-05-15;Bronze
209703;Χριστίνα;Σπυρόπουλος;F;67;Βόλος;Θεσσαλία;2025-03-18;Silver
209704;Θανάσης;Σταματίου;M;37;Σέρρες;Κεντρική Μακεδονία;2025-04-12;Bronze
209705;Μιχάλης;Νικολάου;M;39;Καβάλα;Ανατολική Μακεδονία & Θράκη;2025-11-09;Silver
209706;Ελένη;Αλεξίου;F;23;Βόλος;Θεσσαλία;2024-10-12;Bronze
209707;Ιωάννα;Καρράς;F;27;Θεσσαλονίκη;Κεντρική Μακεδονία;2024-08-10;Silver
209708;Χρήστος;Νικολάου;M;57;Λάρισα;Θεσσαλία;2025-12-25;Silver
209709;Ιωάννα;Σταματίου;F;68;Καβάλα;Ανατολική Μακεδονία & Θράκη;2024-05-18;Bronze
209710;Ιωάννα;Μιχαηλίδης;F;56;Ρόδος;Νότιο Αιγαίο;2025-08-21;Silver
209711;Δήμητρα;Δημητρίου;F;24;Ρόδος;Νότιο Αιγαίο;2024-10-19;Silver
209712;Δημήτρης;Βλάχος;M;43;Ηράκλειο;Κρήτη;2025-09-23;Silver
209713;Μαρία;Δημητρίου;F;37;Λάρισα;Θεσσαλία;2025-05-19;Bronze
209714;Ιωάννα;Δημητρίου;F;54;Λάρισα;Θεσσαλία;2025-10-06;Bronze
209715;Γεωργία;Μιχαηλίδης;F;23;Λάρισα;Θεσσαλία;2024-02-09;Gold
209716;Ιωάννα;Αναστασίου;F;23;Χανιά;Κρήτη;2024-10-15;Bronze
209717;Χρήστος;Κωνσταντίνου;M;70;Αθήνα;Αττική;2024-11-29;Gold
209718;Ανδρέας;Νικολάου;M;56;Ηράκλειο;Κρήτη;2024-06-27;Bronze
209719;Χριστίνα;Χατζής;F;62;Καβάλα;Ανατολική Μακεδονία & Θράκη;2024-07-14;Silver
209720;Ανδρέας;Σπυρόπουλος;M;29;Θεσσαλονίκη;Κεντρική Μακεδονία;2025-06-06;Bronze
209721;Άννα;Νικολάου;F;60;Ιωάννινα;Ήπειρος;2024-04-04;Gold
209722;Μιχάλης;Κωνσταντίνου;M;54;Ρόδος;Νότιο Αιγαίο;2024-08-15;Silver
209723;Δήμητρα;Σταματίου;F;28;Καβάλα;Ανατολική Μακεδονία & Θράκη;2025-12-27;Platinum
209724;Βασίλης;Παπαδόπουλος;M;40;Βόλος;Θεσσαλία;2024-09-27;Gold
209725;Γιώργος;Καρράς;M;71;Χανιά;Κρήτη;2025-06-25;Silver
209726;Γιώργος;Νικολάου;M;69;Ρόδος;Νότιο Αιγαίο;2025-03-03;Silver
209727;Ανδρέας;Καρράς;M;59;Ηράκλειο;Κρήτη;2024-08-26;Gold
209728;Μαρία;Χατζής;F;46;Ιωάννινα;Ήπειρος;2024-05-30;Gold
209729;Μιχάλης;Δημητρίου;M;60;Πάτρα;Δυτική Ελλάδα;2025-07-25;Silver
209730;Άννα;Γεωργίου;F;19;Τρίκαλα;Θεσσαλία;2025-08-04;Bronze
209731;Κατερίνα;Ιωαννίδης;F;37;Αθήνα;Αττική;2025-03-26;Silver
209732;Αγγελική;Ζαχαρίου;F;64;Θεσσαλονίκη;Κεντρική Μακεδονία;2025-03-01;Gold
209733;Γιώργος;Κωνσταντίνου;M;31;Πάτρα;Δυτική Ελλάδα;2025-06-15;Bronze
209734;Ιωάννα;Αλεξίου;F;25;Καβάλα;Ανατολική Μακεδονία & Θράκη;2025-04-19;Bronze
209735;Μιχάλης;Λαμπρόπουλος;M;56;Σέρρες;Κεντρική Μακεδονία;2024-09-28;Bronze
209736;Κατερίνα;Κωνσταντίνου;F;26;Καβάλα;Ανατολική Μακεδονία & Θράκη;2024-12-23;Silver
209737;Παναγιώτης;Παπαδόπουλος;M;62;Ιωάννινα;Ήπειρος;2024-12-01;Gold
209738;Αγγελική;Παπαδόπουλος;F;70;Τρίκαλα;Θεσσαλία;2025-08-08;Silver
209739;Νίκος;Καρράς;M;37;Καβάλα;Ανατολική Μακεδονία & Θράκη;2024-02-18;Bronze
209740;Αγγελική;Λαμπρόπουλος;F;47;Βόλος;Θεσσαλία;2024-07-14;Silver
209741;Μιχάλης;Αλεξίου;M;29;Χανιά;Κρήτη;2025-10-12;Bronze
209742;Αγγελική;Ζαχαρίου;F;61;Ρόδος;Νότιο Αιγαίο;2024-08-28;Bronze
209743;Μιχάλης;Δημητρίου;M;71;Αθήνα;Αττική;2025-07-15;Bronze
209744;Θανάσης;Κωνσταντίνου;M;21;Ηράκλειο;Κρήτη;2024-07-26;Bronze
209745;Ιωάννα;Ιωαννίδης;F;58;Σέρρες;Κεντρική Μακεδονία;2025-09-22;Gold
209746;Δημήτρης;Μιχαηλίδης;M;46;Χανιά;Κρήτη;2024-08-25;Bronze
209747;Δήμητρα;Κωνσταντίνου;F;55;Αθήνα;Αττική;2025-11-19;Silver
209748;Αγγελική;Γεωργίου;F;31;Χανιά;Κρήτη;2025-11-22;Gold
209749;Δημήτρης;Γεωργίου;M;63;Τρίκαλα;Θεσσαλία;2024-04-11;Silver
209750;Χριστίνα;Κωνσταντίνου;F;46;Βόλος;Θεσσαλία;2025-11-13;Silver
209751;Δημήτρης;Ιωαννίδης;M;42;Ιωάννινα;Ήπειρος;2024-09-09;Silver
209752;Βασίλης;Σταματίου;M;29;Καβάλα;Ανατολική Μακεδονία & Θράκη;2024-01-10;Platinum
209753;Ιωάννα;Σπυρόπουλος;F;49;Ηράκλειο;Κρήτη;2024-02-03;Silver
209754;Κατερίνα;Χατζής;F;68;Χανιά;Κρήτη;2024-11-16;Gold
209755;Ιωάννα;Οικονόμου;F;58;Πάτρα;Δυτική Ελλάδα;2024-08-05;Bronze
209756;Γιώργος;Κωνσταντίνου;M;45;Ηράκλειο;Κρήτη;2025-01-31;Silver
209757;Γιώργος;Δημητρίου;M;40;Λάρισα;Θεσσαλία;2025-01-19;Bronze
209758;Παναγιώτης;Χατζής;M;72;Θεσσαλονίκη;Κεντρική Μακεδονία;2024-06-28;Silver
209759;Ιωάννα;Αλεξίου;F;24;Σέρρες;Κεντρική Μακεδονία;2025-08-27;Bronze
209760;Θανάσης;Κωνσταντίνου;M;70;Ρόδος;Νότιο Αιγαίο;2024-06-01;Silver
209761;Ελένη;Γεωργίου;F;52;Βόλος;Θεσσαλία;2025-12-17;Platinum
209762;Κώστας;Παπαδόπουλος;M;29;Σέρρες;Κεντρική Μακεδονία;2024-08-05;Bronze
209763;Νίκος;Λαμπρόπουλος;M;18;Ρόδος;Νότιο Αιγαίο;2025-02-24;Bronze
209764;Γεωργία;Νικολάου;F;21;Θεσσαλονίκη;Κεντρική Μακεδονία;2025-07-16;Silver
209765;Άννα;Παπανικολάου;F;64;Τρίκαλα;Θεσσαλία;2025-08-31;Silver
209766;Γιώργος;Πετρόπουλος;M;51;Αθήνα;Αττική;2025-02-23;Bronze
209767;Μιχάλης;Αλεξίου;M;51;Αθήνα;Αττική;2024-04-15;Bronze
209768;Αγγελική;Αναστασίου;F;72;Βόλος;Θεσσαλία;2025-03-04;Bronze
209769;Δήμητρα;Αναστασίου;F;65;Αθήνα;Αττική;2025-01-03;Bronze
209770;Χρήστος;Παπανικολάου;M;45;Χανιά;Κρήτη;2024-04-12;Gold
209771;Μαρία;Πετρόπουλος;F;51;Βόλος;Θεσσαλία;2025-12-01;Bronze
209772;Ιωάννα;Σταματίου;F;58;Ρόδος;Νότιο Αιγαίο;2025-03-23;Bronze
209773;Θανάσης;Σταματίου;M;32;Τρίκαλα;Θεσσαλία;2025-11-24;Bronze
209774;Ιωάννα;Γεωργίου;F;52;Λάρισα;Θεσσαλία;2024-10-05;Bronze
209775;Άννα;Νικολάου;F;46;Λάρισα;Θεσσαλία;2024-09-06;Bronze
209776;Χριστίνα;Μιχαηλίδης;F;46;Σέρρες;Κεντρική Μακεδονία;2024-09-15;Silver
209777;Νίκος;Ζαχαρίου;M;64;Τρίκαλα;Θεσσαλία;2024-11-03;Silver
209778;Χριστίνα;Χατζής;F;56;Τρίκαλα;Θεσσαλία;2025-01-09;Bronze
209779;Μαρία;Σπυρόπουλος;F;23;Πάτρα;Δυτική Ελλάδα;2024-10-07;Gold
209780;Βασίλης;Κωνσταντίνου;M;60;Καβάλα;Ανατολική Μακεδονία & Θράκη;2025-01-26;Bronze
209781;Γιώργος;Ιωαννίδης;M;42;Πάτρα;Δυτική Ελλάδα;2024-07-07;Silver
209782;Ελένη;Λαμπρόπουλος;F;21;Ηράκλειο;Κρήτη;2025-10-14;Platinum
209783;Παναγιώτης;Βλάχος;M;47;Θεσσαλονίκη;Κεντρική Μακεδονία;2024-03-02;Gold
209784;Αγγελική;Σταματίου;F;42;Αθήνα;Αττική;2025-08-28;Bronze
209785;Γιώργος;Σπυρόπουλος;M;38;Αθήνα;Αττική;2025-04-15;Silver
209786;Δήμητρα;Νικολάου;F;28;Θεσσαλονίκη;Κεντρική Μακεδονία;2025-04-11;Silver
209787;Χριστίνα;Καραγιάννης;F;46;Λάρισα;Θεσσαλία;2025-05-27;Bronze
209788;Γιώργος;Δημητρίου;M;43;Ηράκλειο;Κρήτη;2025-12-07;Silver
209789;Αγγελική;Κωνσταντίνου;F;26;Ιωάννινα;Ήπειρος;2024-09-04;Gold
209790;Ελένη;Λαμπρόπουλος;F;72;Ρόδος;Νότιο Αιγαίο;2024-04-06;Platinum
209791;Δήμητρα;Πετρόπουλος;F;66;Τρίκαλα;Θεσσαλία;2025-03-21;Bronze
209792;Μιχάλης;Νικολάου;M;53;Καβάλα;Ανατολική Μακεδονία & Θράκη;2025-07-19;Bronze
209793;Ελένη;Αναστασίου;F;72;Καβάλα;Ανατολική Μακεδονία & Θράκη;2025-01-24;Bronze
209794;Βασίλης;Οικονόμου;M;28;Ιωάννινα;Ήπειρος;2025-05-15;Bronze
209795;Χριστίνα;Δημητρίου;F;53;Ιωάννινα;Ήπειρος;2025-04-18;Silver
209796;Χρήστος;Κωνσταντίνου;M;22;Χανιά;Κρήτη;2024-05-06;Bronze
209797;Μαρία;Κωνσταντίνου;F;60;Σέρρες;Κεντρική Μακεδονία;2025-08-12;Silver
209798;Θανάσης;Βλάχος;M;45;Ηράκλειο;Κρήτη;2024-05-28;Bronze
209799;Κώστας;Πετρόπουλος;M;46;Ρόδος;Νότιο Αιγαίο;2025-06-06;Bronze
209800;Δημήτρης;Αναστασίου;M;49;Πάτρα;Δυτική Ελλάδα;2024-02-13;Platinum
209801;Ιωάννα;Βλάχος;F;52;Τρίκαλα;Θεσσαλία;2025-03-08;Bronze
209802;Ελένη;Πετρόπουλος;F;45;Βόλος;Θεσσαλία;2024-08-02;Bronze
209803;Ιωάννα;Παπαδόπουλος;F;33;Ρόδος;Νότιο Αιγαίο;2024-06-26;Silver
209804;Παναγιώτης;Βλάχος;M;52;Ηράκλειο;Κρήτη;2025-09-23;Platinum
209805;Μαρία;Παπανικολάου;F;32;Αθήνα;Αττική;2025-07-17;Gold
209806;Δημήτρης;Μιχαηλίδης;M;66;Αθήνα;Αττική;2024-04-15;Bronze
209807;Ελένη;Ιωαννίδης;F;22;Θεσσαλονίκη;Κεντρική Μακεδονία;2025-10-13;Silver
209808;Μιχάλης;Οικονόμου;M;33;Πάτρα;Δυτική Ελλάδα;2024-06-22;Bronze
209809;Δημήτρης;Μιχαηλίδης;M;20;Λάρισα;Θεσσαλία;2024-07-18;Bronze
209810;Δήμητρα;Σπυρόπουλος;F;59;Ιωάννινα;Ήπειρος;2025-03-22;Gold
209811;Θανάσης;Αναστασίου;M;19;Χανιά;Κρήτη;2024-03-28;Silver
209812;Μιχάλης;Παπανικολάου;M;50;Λάρισα;Θεσσαλία;2025-12-26;Silver
209813;Μιχάλης;Σπυρόπουλος;M;41;Ρόδος;Νότιο Αιγαίο;2024-11-06;Gold
209814;Γεωργία;Σταματίου;F;72;Πάτρα;Δυτική Ελλάδα;2025-04-20;Silver
209815;Νίκος;Χατζής;M;27;Λάρισα;Θεσσαλία;2025-10-30;Bronze
209816;Γεωργία;Παπανικολάου;F;48;Ρόδος;Νότιο Αιγαίο;2025-10-07;Bronze
209817;Μιχάλης;Γεωργίου;M;62;Θεσσαλονίκη;Κεντρική Μακεδονία;2025-09-07;Bronze
209818;Μιχάλης;Παπαδόπουλος;M;53;Καβάλα;Ανατολική Μακεδονία & Θράκη;2024-04-23;Bronze
209819;Βασίλης;Γεωργίου;M;47;Αθήνα;Αττική;2024-07-27;Gold
209820;Χριστίνα;Δημητρίου;F;31;Βόλος;Θεσσαλία;2024-06-15;Bronze
209821;Χρήστος;Χατζής;M;35;Βόλος;Θεσσαλία;2024-09-03;Gold
209822;Δήμητρα;Παπανικολάου;F;37;Πάτρα;Δυτική Ελλάδα;2025-10-12;Silver
209823;Κατερίνα;Κωνσταντίνου;F;35;Σέρρες;Κεντρική Μακεδονία;2025-03-24;Bronze
209824;Θανάσης;Λαμπρόπουλος;M;46;Σέρρες;Κεντρική Μακεδονία;2025-10-25;Silver
209825;Γιώργος;Δημητρίου;M;36;Χανιά;Κρήτη;2024-05-31;Platinum
209826;Δημήτρης;Καραγιάννης;M;57;Πάτρα;Δυτική Ελλάδα;2025-01-10;Silver
209827;Αγγελική;Καρράς;F;60;Βόλος;Θεσσαλία;2024-01-09;Bronze
209828;Νίκος;Δημητρίου;M;43;Βόλος;Θεσσαλία;2024-12-10;Silver
209829;Δήμητρα;Γεωργίου;F;23;Βόλος;Θεσσαλία;2024-01-30;Bronze
209830;Δήμητρα;Λαμπρόπουλος;F;24;Χανιά;Κρήτη;2025-11-24;Bronze
209831;Χρήστος;Μιχαηλίδης;M;59;Αθήνα;Αττική;2024-12-30;Bronze
209832;Ιωάννα;Σταματίου;F;58;Θεσσαλονίκη;Κεντρική Μακεδονία;2024-07-11;Platinum
209833;Γιώργος;Λαμπρόπουλος;M;68;Λάρισα;Θεσσαλία;2024-08-06;Silver
209834;Χρήστος;Βλάχος;M;64;Ρόδος;Νότιο Αιγαίο;2025-09-09;Gold
209835;Αγγελική;Νικολάου;F;67;Ηράκλειο;Κρήτη;2025-03-08;Silver
209836;Γιώργος;Πετρόπουλος;M;61;Ρόδος;Νότιο Αιγαίο;2025-05-26;Silver
209837;Κατερίνα;Δημητρίου;F;54;Θεσσαλονίκη;Κεντρική Μακεδονία;2025-01-27;Bronze
209838;Θανάσης;Γεωργίου;M;45;Βόλος;Θεσσαλία;2024-04-03;Bronze
209839;Γιώργος;Κωνσταντίνου;M;70;Καβάλα;Ανατολική Μακεδονία & Θράκη;2024-07-07;Bronze
209840;Ανδρέας;Καραγιάννης;M;60;Αθήνα;Αττική;2024-01-21;Silver
209841;Αγγελική;Σπυρόπουλος;F;23;Καβάλα;Ανατολική Μακεδονία & Θράκη;2024-03-01;Gold
209842;Γιώργος;Ιωαννίδης;M;38;Σέρρες;Κεντρική Μακεδονία;2025-01-08;Bronze
209843;Βασίλης;Σπυρόπουλος;M;51;Ρόδος;Νότιο Αιγαίο;2024-01-13;Gold
209844;Ανδρέας;Σταματίου;M;55;Ρόδος;Νότιο Αιγαίο;2024-09-26;Bronze
209845;Ανδρέας;Ιωαννίδης;M;60;Λάρισα;Θεσσαλία;2024-07-25;Silver
209846;Γεωργία;Σταματίου;F;61;Ηράκλειο;Κρήτη;2024-06-27;Silver
209847;Κώστας;Αναστασίου;M;30;Αθήνα;Αττική;2024-05-24;Bronze
209848;Δημήτρης;Παπαδόπουλος;M;31;Ιωάννινα;Ήπειρος;2025-10-06;Bronze
209849;Κώστας;Καραγιάννης;M;45;Τρίκαλα;Θεσσαλία;2025-08-16;Bronze
209850;Ιωάννα;Κωνσταντίνου;F;37;Καβάλα;Ανατολική Μακεδονία & Θράκη;2025-11-01;Gold
209851;Θανάσης;Ζαχαρίου;M;24;Θεσσαλονίκη;Κεντρική Μακεδονία;2024-02-01;Gold
209852;Αγγελική;Παπαδόπουλος;F;69;Τρίκαλα;Θεσσαλία;2025-07-25;Silver
209853;Ιωάννα;Ζαχαρίου;F;37;Βόλος;Θεσσαλία;2024-07-30;Platinum
209854;Παναγιώτης;Αλεξίου;M;64;Ηράκλειο;Κρήτη;2024-12-25;Silver
209855;Αγγελική;Αναστασίου;F;32;Καβάλα;Ανατολική Μακεδονία & Θράκη;2024-02-10;Gold
209856;Βασίλης;Οικονόμου;M;30;Ηράκλειο;Κρήτη;2025-02-12;Gold
209857;Χρήστος;Αλεξίου;M;48;Τρίκαλα;Θεσσαλία;2024-11-30;Bronze
209858;Ανδρέας;Οικονόμου;M;32;Ηράκλειο;Κρήτη;2025-01-18;Bronze
209859;Χρήστος;Βλάχος;M;69;Τρίκαλα;Θεσσαλία;2025-11-07;Gold
209860;Δήμητρα;Σπυρόπουλος;F;58;Ηράκλειο;Κρήτη;2025-02-26;Gold
209861;Ανδρέας;Βλάχος;M;18;Ηράκλειο;Κρήτη;2024-09-30;Silver
209862;Χρήστος;Παπαδόπουλος;M;28;Καβάλα;Ανατολική Μακεδονία & Θράκη;2024-08-29;Bronze
209863;Χρήστος;Πετρόπουλος;M;56;Πάτρα;Δυτική Ελλάδα;2025-04-06;Bronze
209864;Μαρία;Νικολάου;F;29;Ρόδος;Νότιο Αιγαίο;2024-11-05;Silver
209865;Θανάσης;Καραγιάννης;M;39;Θεσσαλονίκη;Κεντρική Μακεδονία;2024-03-12;Bronze
209866;Θανάσης;Βλάχος;M;56;Σέρρες;Κεντρική Μακεδονία;2025-12-20;Bronze
209867;Θανάσης;Χατζής;M;44;Βόλος;Θεσσαλία;2025-03-04;Silver
209868;Χριστίνα;Κωνσταντίνου;F;65;Βόλος;Θεσσαλία;2025-09-12;Platinum
209869;Μιχάλης;Δημητρίου;M;31;Αθήνα;Αττική;2024-08-15;Bronze
209870;Βασίλης;Αναστασίου;M;37;Πάτρα;Δυτική Ελλάδα;2024-06-19;Bronze
209871;Άννα;Αλεξίου;F;26;Θεσσαλονίκη;Κεντρική Μακεδονία;2024-09-05;Gold
209872;Γιώργος;Οικονόμου;M;59;Αθήνα;Αττική;2024-10-23;Silver
209873;Θανάσης;Παπανικολάου;M;42;Αθήνα;Αττική;2024-07-13;Bronze
209874;Θανάσης;Αλεξίου;M;61;Αθήνα;Αττική;2025-08-18;Bronze
209875;Κατερίνα;Παπαδόπουλος;F;28;Αθήνα;Αττική;2025-04-08;Bronze
209876;Γιώργος;Σταματίου;M;38;Βόλος;Θεσσαλία;2025-02-06;Silver
209877;Βασίλης;Καρράς;M;18;Ιωάννινα;Ήπειρος;2025-12-24;Bronze
209878;Παναγιώτης;Βλάχος;M;51;Καβάλα;Ανατολική Μακεδονία & Θράκη;2024-10-15;Bronze
209879;Άννα;Παπαδόπουλος;F;40;Ηράκλειο;Κρήτη;2024-12-26;Silver
209880;Μιχάλης;Καρράς;M;33;Αθήνα;Αττική;2024-02-05;Silver
209881;Χριστίνα;Βλάχος;F;67;Σέρρες;Κεντρική Μακεδονία;2024-07-09;Bronze
209882;Άννα;Πετρόπουλος;F;46;Ιωάννινα;Ήπειρος;2025-05-12;Platinum
209883;Αγγελική;Λαμπρόπουλος;F;23;Ηράκλειο;Κρήτη;2025-08-15;Bronze
209884;Γιώργος;Βλάχος;M;49;Βόλος;Θεσσαλία;2025-02-06;Silver
209885;Ελένη;Αναστασίου;F;33;Θεσσαλονίκη;Κεντρική Μακεδονία;2024-10-31;Bronze
209886;Θανάσης;Ζαχαρίου;M;53;Καβάλα;Ανατολική Μακεδονία & Θράκη;2025-12-16;Silver
209887;Θανάσης;Ιωαννίδης;M;33;Τρίκαλα;Θεσσαλία;2024-07-25;Silver
209888;Ελένη;Ζαχαρίου;F;55;Λάρισα;Θεσσαλία;2024-07-10;Silver
209889;Μαρία;Λαμπρόπουλος;F;62;Σέρρες;Κεντρική Μακεδονία;2025-06-29;Gold
209890;Χριστίνα;Βλάχος;F;50;Αθήνα;Αττική;2024-07-06;Silver
209891;Κατερίνα;Δημητρίου;F;27;Αθήνα;Αττική;2024-02-20;Gold
209892;Χρήστος;Κωνσταντίνου;M;53;Τρίκαλα;Θεσσαλία;2025-01-03;Silver
209893;Δήμητρα;Χατζής;F;72;Ιωάννινα;Ήπειρος;2024-09-24;Silver
209894;Μαρία;Αλεξίου;F;71;Πάτρα;Δυτική Ελλάδα;2024-05-03;Silver
209895;Δημήτρης;Πετρόπουλος;M;41;Τρίκαλα;Θεσσαλία;2024-02-11;Silver
209896;Κατερίνα;Βλάχος;F;60;Βόλος;Θεσσαλία;2025-09-24;Bronze
209897;Νίκος;Καρράς;M;54;Χανιά;Κρήτη;2025-12-11;Bronze
209898;Αγγελική;Δημητρίου;F;32;Βόλος;Θεσσαλία;2025-10-04;Bronze
209899;Κατερίνα;Νικολάου;F;35;Σέρρες;Κεντρική Μακεδονία;2024-10-21;Bronze
209900;Χρήστος;Παπανικολάου;M;41;Ιωάννινα;Ήπειρος;2024-05-04;Bronze
209901;Ιωάννα;Νικολάου;F;70;Ηράκλειο;Κρήτη;2024-12-12;Silver
209902;Μιχάλης;Νικολάου;M;47;Λάρισα;Θεσσαλία;2025-12-06;Silver
209903;Γεωργία;Σταματίου;F;47;Αθήνα;Αττική;2024-12-27;Silver
209904;Σοφία;Μιχαηλίδης;F;24;Καβάλα;Ανατολική Μακεδονία & Θράκη;2024-08-17;Bronze
209905;Μαρία;Καρράς;F;63;Χανιά;Κρήτη;2024-10-20;Platinum
209906;Μαρία;Καρράς;F;64;Τρίκαλα;Θεσσαλία;2025-05-16;Bronze
209907;Κώστας;Μιχαηλίδης;M;19;Πάτρα;Δυτική Ελλάδα;2025-10-13;Silver
209908;Γιώργος;Σπυρόπουλος;M;66;Θεσσαλονίκη;Κεντρική Μακεδονία;2024-04-20;Bronze
209909;Αγγελική;Οικονόμου;F;66;Πάτρα;Δυτική Ελλάδα;2024-07-18;Bronze
209910;Αγγελική;Μιχαηλίδης;F;54;Ρόδος;Νότιο Αιγαίο;2025-10-04;Gold
209911;Γιώργος;Λαμπρόπουλος;M;52;Θεσσαλονίκη;Κεντρική Μακεδονία;2024-10-18;Silver
209912;Χριστίνα;Παπανικολάου;F;34;Θεσσαλονίκη;Κεντρική Μακεδονία;2025-12-17;Bronze
209913;Κατερίνα;Νικολάου;F;56;Ιωάννινα;Ήπειρος;2024-03-01;Bronze
209914;Δημήτρης;Λαμπρόπουλος;M;29;Τρίκαλα;Θεσσαλία;2024-05-02;Silver
209915;Θανάσης;Παπανικολάου;M;70;Πάτρα;Δυτική Ελλάδα;2025-12-05;Bronze
209916;Χριστίνα;Σπυρόπουλος;F;51;Πάτρα;Δυτική Ελλάδα;2024-08-04;Gold
209917;Ιωάννα;Παπανικολάου;F;45;Τρίκαλα;Θεσσαλία;2025-04-10;Bronze
209918;Γεωργία;Αναστασίου;F;61;Χανιά;Κρήτη;2025-02-10;Bronze
209919;Αγγελική;Ιωαννίδης;F;39;Ρόδος;Νότιο Αιγαίο;2025-03-31;Gold
209920;Βασίλης;Πετρόπουλος;M;48;Τρίκαλα;Θεσσαλία;2024-05-14;Bronze
209921;Βασίλης;Σπυρόπουλος;M;19;Ιωάννινα;Ήπειρος;2024-07-22;Bronze
209922;Σοφία;Σπυρόπουλος;F;27;Τρίκαλα;Θεσσαλία;2025-02-25;Gold
209923;Άννα;Σταματίου;F;71;Ιωάννινα;Ήπειρος;2025-06-15;Bronze
209924;Ελένη;Παπανικολάου;F;60;Τρίκαλα;Θεσσαλία;2025-09-22;Bronze
209925;Μαρία;Καραγιάννης;F;62;Ιωάννινα;Ήπειρος;2024-05-16;Bronze
209926;Βασίλης;Νικολάου;M;70;Τρίκαλα;Θεσσαλία;2024-01-30;Silver
209927;Γεωργία;Καρράς;F;29;Τρίκαλα;Θεσσαλία;2024-10-12;Bronze
209928;Κώστας;Κωνσταντίνου;M;39;Ρόδος;Νότιο Αιγαίο;2024-04-21;Silver
209929;Νίκος;Αναστασίου;M;60;Σέρρες;Κεντρική Μακεδονία;2024-03-26;Bronze
209930;Ανδρέας;Ζαχαρίου;M;27;Βόλος;Θεσσαλία;2024-09-18;Platinum
209931;Ελένη;Κωνσταντίνου;F;32;Λάρισα;Θεσσαλία;2024-08-11;Silver
209932;Ανδρέας;Οικονόμου;M;21;Χανιά;Κρήτη;2025-01-26;Platinum
209933;Γιώργος;Ιωαννίδης;M;22;Αθήνα;Αττική;2024-07-16;Bronze
209934;Ανδρέας;Χατζής;M;37;Ρόδος;Νότιο Αιγαίο;2025-11-04;Gold
209935;Παναγιώτης;Χατζής;M;36;Πάτρα;Δυτική Ελλάδα;2025-06-13;Bronze
209936;Μιχάλης;Οικονόμου;M;44;Αθήνα;Αττική;2025-04-01;Silver
209937;Παναγιώτης;Πετρόπουλος;M;71;Καβάλα;Ανατολική Μακεδονία & Θράκη;2025-02-09;Bronze
209938;Χρήστος;Πετρόπουλος;M;24;Καβάλα;Ανατολική Μακεδονία & Θράκη;2025-10-20;Bronze
209939;Παναγιώτης;Σταματίου;M;29;Ηράκλειο;Κρήτη;2024-10-16;Bronze
209940;Ιωάννα;Χατζής;F;63;Πάτρα;Δυτική Ελλάδα;2025-12-07;Silver
209941;Μιχάλης;Οικονόμου;M;20;Βόλος;Θεσσαλία;2024-06-15;Bronze
209942;Μαρία;Πετρόπουλος;F;19;Θεσσαλονίκη;Κεντρική Μακεδονία;2024-06-12;Gold
209943;Μιχάλης;Σταματίου;M;71;Αθήνα;Αττική;2025-07-30;Silver
209944;Μαρία;Σταματίου;F;46;Αθήνα;Αττική;2025-10-20;Gold
209945;Άννα;Δημητρίου;F;40;Πάτρα;Δυτική Ελλάδα;2024-04-29;Bronze
209946;Ελένη;Καραγιάννης;F;51;Ιωάννινα;Ήπειρος;2024-07-06;Bronze
209947;Ελένη;Ιωαννίδης;F;44;Ηράκλειο;Κρήτη;2025-03-08;Silver
209948;Σοφία;Μιχαηλίδης;F;58;Σέρρες;Κεντρική Μακεδονία;2024-12-12;Silver
209949;Δήμητρα;Μιχαηλίδης;F;54;Ιωάννινα;Ήπειρος;2024-01-06;Gold
209950;Κατερίνα;Ζαχαρίου;F;40;Ηράκλειο;Κρήτη;2025-01-30;Platinum
209951;Σοφία;Πετρόπουλος;F;28;Χανιά;Κρήτη;2025-10-06;Gold
209952;Ελένη;Δημητρίου;F;70;Τρίκαλα;Θεσσαλία;2024-07-25;Gold
209953;Άννα;Ιωαννίδης;F;67;Λάρισα;Θεσσαλία;2024-07-14;Platinum
209954;Δημήτρης;Γεωργίου;M;23;Τρίκαλα;Θεσσαλία;2024-05-24;Silver
209955;Μαρία;Καρράς;F;64;Λάρισα;Θεσσαλία;2024-11-23;Bronze
209956;Θανάσης;Χατζής;M;71;Αθήνα;Αττική;2024-10-12;Gold
209957;Γεωργία;Δημητρίου;F;19;Ηράκλειο;Κρήτη;2024-02-10;Silver
209958;Μιχάλης;Χατζής;M;56;Θεσσαλονίκη;Κεντρική Μακεδονία;2025-02-18;Bronze
209959;Μαρία;Σταματίου;F;57;Καβάλα;Ανατολική Μακεδονία & Θράκη;2025-02-12;Bronze
209960;Σοφία;Αναστασίου;F;72;Αθήνα;Αττική;2025-09-03;Bronze
209961;Ανδρέας;Καραγιάννης;M;46;Ιωάννινα;Ήπειρος;2025-10-26;Bronze
209962;Χρήστος;Χατζής;M;65;Πάτρα;Δυτική Ελλάδα;2025-02-05;Bronze
209963;Σοφία;Νικολάου;F;53;Ιωάννινα;Ήπειρος;2024-08-08;Bronze
209964;Σοφία;Οικονόμου;F;70;Χανιά;Κρήτη;2025-05-30;Gold
209965;Ελένη;Σπυρόπουλος;F;37;Λάρισα;Θεσσαλία;2024-10-31;Bronze
209966;Δημήτρης;Ζαχαρίου;M;52;Πάτρα;Δυτική Ελλάδα;2024-11-19;Silver
209967;Δημήτρης;Ιωαννίδης;M;39;Πάτρα;Δυτική Ελλάδα;2025-02-05;Bronze
209968;Δημήτρης;Λαμπρόπουλος;M;67;Αθήνα;Αττική;2025-01-27;Gold
209969;Ιωάννα;Πετρόπουλος;F;56;Χανιά;Κρήτη;2025-07-31;Bronze
209970;Βασίλης;Δημητρίου;M;21;Αθήνα;Αττική;2025-02-10;Bronze
209971;Ανδρέας;Πετρόπουλος;M;58;Τρίκαλα;Θεσσαλία;2024-12-26;Bronze
209972;Ελένη;Κωνσταντίνου;F;18;Σέρρες;Κεντρική Μακεδονία;2024-09-26;Silver
209973;Ελένη;Καρράς;F;56;Αθήνα;Αττική;2025-05-07;Platinum
209974;Δημήτρης;Λαμπρόπουλος;M;27;Θεσσαλονίκη;Κεντρική Μακεδονία;2024-02-28;Silver
209975;Γιώργος;Πετρόπουλος;M;24;Θεσσαλονίκη;Κεντρική Μακεδονία;2024-10-12;Silver
209976;Νίκος;Μιχαηλίδης;M;53;Βόλος;Θεσσαλία;2024-01-24;Silver
209977;Ιωάννα;Πετρόπουλος;F;30;Ρόδος;Νότιο Αιγαίο;2025-06-17;Gold
209978;Χρήστος;Κωνσταντίνου;M;43;Ρόδος;Νότιο Αιγαίο;2024-01-12;Silver
209979;Ελένη;Παπαδόπουλος;F;57;Ιωάννινα;Ήπειρος;2024-02-06;Bronze
209980;Βασίλης;Νικολάου;M;67;Πάτρα;Δυτική Ελλάδα;2025-11-30;Gold
209981;Κώστας;Βλάχος;M;41;Ηράκλειο;Κρήτη;2025-04-14;Bronze
209982;Κατερίνα;Σπυρόπουλος;F;62;Αθήνα;Αττική;2024-12-07;Silver
209983;Μαρία;Δημητρίου;F;52;Σέρρες;Κεντρική Μακεδονία;2025-07-02;Bronze
209984;Χρήστος;Πετρόπουλος;M;43;Βόλος;Θεσσαλία;2025-03-27;Silver
209985;Ιωάννα;Λαμπρόπουλος;F;68;Χανιά;Κρήτη;2025-04-27;Bronze
209986;Βασίλης;Κωνσταντίνου;M;70;Χανιά;Κρήτη;2024-08-03;Silver
209987;Γιώργος;Οικονόμου;M;43;Τρίκαλα;Θεσσαλία;2025-03-11;Bronze
209988;Χριστίνα;Ζαχαρίου;F;54;Χανιά;Κρήτη;2025-01-19;Bronze
209989;Αγγελική;Χατζής;F;66;Ηράκλειο;Κρήτη;2025-02-14;Silver
209990;Χρήστος;Δημητρίου;M;54;Τρίκαλα;Θεσσαλία;2025-05-21;Gold
209991;Γιώργος;Αλεξίου;M;51;Θεσσαλονίκη;Κεντρική Μακεδονία;2024-11-01;Silver
209992;Άννα;Λαμπρόπουλος;F;52;Αθήνα;Αττική;2024-03-31;Bronze
209993;Νίκος;Ιωαννίδης;M;18;Αθήνα;Αττική;2025-01-04;Silver
209994;Ανδρέας;Αλεξίου;M;37;Τρίκαλα;Θεσσαλία;2025-07-08;Bronze
209995;Κατερίνα;Παπανικολάου;F;39;Ιωάννινα;Ήπειρος;2024-03-11;Bronze
209996;Μιχάλης;Ζαχαρίου;M;37;Ηράκλειο;Κρήτη;2025-04-07;Bronze
209997;Βασίλης;Αλεξίου;M;29;Βόλος;Θεσσαλία;2025-05-04;Silver
209998;Χρήστος;Πετρόπουλος;M;40;Τρίκαλα;Θεσσαλία;2025-11-14;Gold
209999;Κατερίνα;Κωνσταντίνου;F;61;Τρίκαλα;Θεσσαλία;2025-02-20;Gold
210000;Χρήστος;Οικονόμου;M;34;Τρίκαλα;Θεσσαλία;2024-07-07;Bronze
