ProductID;ProductName;Category;Brand;UnitCost;ListPrice
100001;Display Max 328;Screens;Aegis;€ 39,19;€ 48,08
100002;HDMI Cable Ultra 130;Cables;Helios;€ 27,96;€ 37,03
100003;Surge Protector S 325;Power;Aegis;€ 115,06;€ 156,33
100004;Dock Ultra 384;Accessories;Orion;€ 43,09;€ 80,49
100005;Mousepad Plus 199;Gaming;Helios;€ 92,95;€ 130,87
100006;Headphones Prime 487;Audio;Aegis;€ 24,31;€ 33,30
100007;Power Bank S 146;Power;Atlas;€ 167,01;€ 288,89
100008;Screen Plus 384;Screens;Nexus;€ 116,09;€ 206,13
100009;HDD Mini 786;Storage;Atlas;€ 70,41;€ 130,43
100010;Display X 267;Screens;Spectra;€ 118,25;€ 159,93
100011;HDMI Cable Mini 334;Cables;Nexus;€ 206,34;€ 361,88
100012;Scanner Plus 680;Office;Kronos;€ 219,71;€ 304,52
100013;Sensor Prime 371;Smart Home;Nova;€ 39,21;€ 67,00
100014;Ethernet Cable Ultra 508;Cables;Kronos;€ 93,69;€ 177,82
100015;SSD Prime 873;Storage;Ion;€ 16,54;€ 20,38
100016;USB Drive Plus 490;Storage;Nova;€ 150,99;€ 226,64
100017;Headphones Pro 798;Audio;Ion;€ 221,77;€ 379,93
100018;Mousepad Max 261;Gaming;Helios;€ 116,16;€ 216,68
100019;Headphones X 991;Audio;Ion;€ 158,20;€ 281,79
100020;HDMI Cable S 482;Cables;Spectra;€ 191,82;€ 298,19
100021;USB-C Cable Mini 119;Cables;Aegis;€ 32,41;€ 46,09
100022;Speaker Pro 999;Audio;Nexus;€ 144,00;€ 174,11
100023;Sensor X 775;Smart Home;Helios;€ 121,44;€ 189,73
100024;Speaker Ultra 652;Audio;Ion;€ 190,04;€ 316,87
100025;Soundbar Mini 629;Audio;Nova;€ 115,61;€ 154,45
100026;Display Pro 702;Screens;Atlas;€ 58,95;€ 70,93
100027;Mouse Plus 980;Accessories;Nexus;€ 85,95;€ 131,99
100028;Speaker S 840;Audio;Aether;€ 234,20;€ 369,63
100029;Plug Prime 294;Smart Home;Nexus;€ 28,11;€ 46,22
100030;Mousepad Ultra 984;Gaming;Nova;€ 183,62;€ 303,90
100031;Panel Ultra 919;Screens;Aegis;€ 216,11;€ 288,83
100032;Switch Prime 532;Networking;Ion;€ 49,95;€ 74,77
100033;Monitor Plus 767;Screens;Aether;€ 249,82;€ 443,94
100034;Screen X 597;Screens;Nexus;€ 122,93;€ 221,09
100035;Mouse Ultra 499;Accessories;Orion;€ 69,97;€ 121,61
100036;Plug Ultra 258;Smart Home;Kronos;€ 51,52;€ 67,66
100037;Stand Pro 421;Accessories;Spectra;€ 19,01;€ 30,19
100038;HDMI Cable X 620;Cables;Ion;€ 24,63;€ 31,76
100039;Surge Protector S 222;Power;Helios;€ 235,69;€ 371,74
100040;Power Bank Pro 529;Power;Spectra;€ 166,06;€ 261,37
100041;Headset S 344;Gaming;Kronos;€ 70,08;€ 87,47
100042;Headphones Mini 109;Audio;Aether;€ 117,28;€ 222,70
100043;Panel S 235;Screens;Helios;€ 233,65;€ 423,06
100044;Switch Max 548;Networking;Atlas;€ 209,27;€ 351,08
100045;UPS Pro 779;Power;Ion;€ 30,38;€ 54,95
100046;Speaker Plus 378;Audio;Helios;€ 74,03;€ 96,83
100047;Mousepad Max 357;Gaming;Nexus;€ 226,81;€ 404,76
100048;Monitor Max 103;Screens;Nova;€ 86,72;€ 108,24
100049;Soundbar Prime 674;Audio;Orion;€ 7,37;€ 8,89
100050;NVMe Pro 696;Storage;Ion;€ 140,37;€ 206,67
100051;Mouse Mini 466;Accessories;Kronos;€ 56,47;€ 75,51
100052;Display Ultra 342;Screens;Atlas;€ 216,83;€ 408,11
100053;HDD Pro 854;Storage;Nova;€ 231,50;€ 402,07
100054;Scanner Max 906;Office;Nexus;€ 176,81;€ 254,06
100055;Keyboard S 936;Accessories;Aether;€ 230,02;€ 324,84
100056;Switch Pro 508;Networking;Nexus;€ 85,42;€ 153,61
100057;Mic Ultra 128;Audio;Atlas;€ 33,26;€ 62,46
100058;SSD Max 211;Storage;Spectra;€ 151,16;€ 213,02
100059;Mousepad Plus 690;Gaming;Nova;€ 51,57;€ 61,02
100060;Webcam S 541;Office;Aegis;€ 22,14;€ 36,49
100061;Controller Mini 837;Gaming;Spectra;€ 225,51;€ 345,11
100062;Webcam Ultra 667;Office;Atlas;€ 36,19;€ 53,03
100063;Chair Max 661;Office;Orion;€ 209,26;€ 288,34
100064;Repeater Mini 552;Networking;Nova;€ 113,33;€ 148,49
100065;Bulb Plus 627;Smart Home;Orion;€ 167,64;€ 270,65
100066;Display Max 925;Screens;Nexus;€ 53,79;€ 62,84
100067;Repeater Plus 524;Networking;Aether;€ 222,10;€ 351,31
100068;Scanner Ultra 251;Office;Aether;€ 165,73;€ 191,28
100069;Display S 923;Screens;Nova;€ 239,70;€ 368,77
100070;Mouse S 567;Accessories;Ion;€ 37,67;€ 56,45
100071;USB-C Cable Mini 727;Cables;Ion;€ 204,68;€ 372,32
100072;Scanner Prime 861;Office;Ion;€ 216,07;€ 321,42
100073;Switch Prime 381;Networking;Kronos;€ 112,77;€ 190,04
100074;Access Point Mini 653;Networking;Kronos;€ 24,74;€ 31,25
100075;Printer S 524;Office;Orion;€ 104,86;€ 163,26
100076;Chair S 498;Office;Aegis;€ 226,69;€ 360,00
100077;Adapter Ultra 106;Accessories;Spectra;€ 235,97;€ 324,21
100078;Chair S 324;Office;Nova;€ 71,87;€ 108,83
100079;Scanner Ultra 960;Office;Atlas;€ 119,51;€ 148,88
100080;Surge Protector Pro 706;Power;Ion;€ 143,28;€ 167,68
100081;Scanner Prime 151;Office;Orion;€ 68,74;€ 95,93
100082;Plug Mini 384;Smart Home;Atlas;€ 189,24;€ 335,70
100083;Headphones Prime 867;Audio;Helios;€ 137,16;€ 260,59
100084;Controller Plus 872;Gaming;Nexus;€ 12,60;€ 16,83
100085;Keyboard X 229;Accessories;Spectra;€ 121,02;€ 149,56
100086;Access Point Max 271;Networking;Aether;€ 153,44;€ 287,36
100087;Monitor Max 692;Screens;Orion;€ 11,29;€ 15,62
100088;Printer S 706;Office;Nova;€ 174,20;€ 282,28
100089;Monitor Plus 455;Screens;Kronos;€ 135,52;€ 223,09
100090;Monitor Mini 969;Screens;Ion;€ 107,91;€ 163,77
100091;Scanner Prime 545;Office;Atlas;€ 48,15;€ 74,21
100092;Soundbar Prime 546;Audio;Spectra;€ 207,30;€ 330,51
100093;Headset Plus 561;Gaming;Nexus;€ 64,75;€ 97,03
100094;Power Bank Mini 606;Power;Nova;€ 213,48;€ 274,62
100095;Access Point Max 386;Networking;Atlas;€ 220,68;€ 369,83
100096;Speaker Pro 187;Audio;Ion;€ 64,13;€ 93,30
100097;Ethernet Cable Prime 828;Cables;Nexus;€ 125,25;€ 218,52
100098;Screen S 808;Screens;Kronos;€ 64,61;€ 106,48
100099;Mousepad Mini 863;Gaming;Aether;€ 139,85;€ 197,73
100100;Bulb Max 336;Smart Home;Kronos;€ 34,56;€ 44,74
100101;Display X 321;Screens;Ion;€ 185,96;€ 252,42
100102;Power Bank Max 952;Power;Ion;€ 52,56;€ 69,41
100103;HDD Pro 380;Storage;Kronos;€ 16,15;€ 19,23
100104;Headphones Prime 993;Audio;Orion;€ 8,01;€ 10,92
100105;Sensor Mini 152;Smart Home;Aether;€ 66,86;€ 120,10
100106;Screen Ultra 175;Screens;Helios;€ 146,37;€ 243,68
100107;SSD Max 354;Storage;Orion;€ 34,02;€ 58,63
100108;Surge Protector S 561;Power;Spectra;€ 227,58;€ 312,47
100109;Power Bank Max 724;Power;Nova;€ 240,23;€ 294,14
100110;Router Max 260;Networking;Nexus;€ 63,77;€ 99,74
100111;USB Drive Ultra 805;Storage;Aegis;€ 150,48;€ 205,92
100112;Repeater Max 172;Networking;Kronos;€ 173,41;€ 319,58
100113;Power Bank Ultra 657;Power;Nexus;€ 60,08;€ 75,81
100114;Headphones Plus 269;Audio;Orion;€ 199,19;€ 317,96
100115;Power Bank Prime 579;Power;Kronos;€ 173,73;€ 290,96
100116;Soundbar Prime 182;Audio;Ion;€ 151,52;€ 275,32
100117;Controller Max 193;Gaming;Spectra;€ 61,09;€ 101,15
100118;UPS Pro 690;Power;Spectra;€ 14,86;€ 25,52
100119;Bulb Prime 285;Smart Home;Ion;€ 249,25;€ 368,12
100120;Bulb Prime 518;Smart Home;Helios;€ 86,66;€ 143,21
100121;USB Drive Ultra 395;Storage;Atlas;€ 167,33;€ 242,69
100122;HDMI Cable Prime 422;Cables;Aegis;€ 66,84;€ 82,68
100123;Chair Pro 523;Office;Ion;€ 18,28;€ 28,13
100124;Power Bank Prime 308;Power;Aether;€ 70,43;€ 87,91
100125;Headphones Prime 129;Audio;Aether;€ 243,42;€ 391,09
100126;Router Max 665;Networking;Orion;€ 104,96;€ 138,39
100127;Display Plus 610;Screens;Aether;€ 233,50;€ 319,64
100128;Soundbar Prime 349;Audio;Nova;€ 116,91;€ 147,13
100129;Router X 382;Networking;Spectra;€ 194,31;€ 347,97
100130;Controller Max 389;Gaming;Ion;€ 182,88;€ 325,18
100131;Surge Protector X 651;Power;Aether;€ 123,66;€ 173,04
100132;USB-C Cable Prime 990;Cables;Nova;€ 51,22;€ 85,70
100133;Surge Protector S 144;Power;Nova;€ 82,95;€ 124,82
100134;Chair X 137;Office;Nova;€ 35,93;€ 67,33
100135;Controller Prime 638;Gaming;Helios;€ 228,06;€ 264,89
100136;SSD X 580;Storage;Nova;€ 196,47;€ 264,99
100137;UPS Plus 972;Power;Nova;€ 170,22;€ 263,88
100138;Controller Pro 340;Gaming;Aether;€ 159,63;€ 293,83
100139;Router Ultra 878;Networking;Helios;€ 160,27;€ 289,20
100140;Camera Max 147;Smart Home;Orion;€ 84,47;€ 100,70
100141;Gamepad Ultra 350;Gaming;Atlas;€ 135,14;€ 212,77
100142;SSD X 724;Storage;Orion;€ 218,36;€ 352,60
100143;Switch X 572;Networking;Aether;€ 161,29;€ 241,08
100144;Stand Max 659;Accessories;Aether;€ 43,70;€ 64,73
100145;Mousepad Max 806;Gaming;Spectra;€ 66,27;€ 118,22
100146;Router Prime 342;Networking;Nova;€ 98,43;€ 139,69
100147;Soundbar Pro 381;Audio;Kronos;€ 6,98;€ 12,56
100148;Dock Prime 894;Accessories;Spectra;€ 200,72;€ 322,22
100149;Headset S 794;Gaming;Nexus;€ 190,12;€ 328,07
100150;NVMe Pro 907;Storage;Helios;€ 113,00;€ 179,07
100151;NVMe Max 865;Storage;Helios;€ 106,80;€ 138,90
100152;HDMI Cable Max 363;Cables;Atlas;€ 228,94;€ 425,40
100153;Soundbar Plus 177;Audio;Atlas;€ 39,49;€ 74,04
100154;Printer Mini 909;Office;Ion;€ 101,67;€ 137,09
100155;Panel Mini 698;Screens;Aether;€ 98,35;€ 160,20
100156;Mousepad S 125;Gaming;Helios;€ 156,79;€ 291,22
100157;Controller S 750;Gaming;Spectra;€ 206,84;€ 378,94
100158;Speaker Plus 146;Audio;Nova;€ 236,83;€ 326,42
100159;Sensor Plus 650;Smart Home;Helios;€ 38,24;€ 56,99
100160;USB-C Cable X 770;Cables;Nova;€ 29,26;€ 44,39
100161;Webcam Pro 322;Office;Kronos;€ 113,63;€ 211,68
100162;Headset Mini 162;Gaming;Helios;€ 102,54;€ 132,52
100163;Display Plus 757;Screens;Aether;€ 161,68;€ 303,69
100164;Keyboard S 905;Accessories;Atlas;€ 143,32;€ 172,19
100165;HDMI Cable S 436;Cables;Nexus;€ 194,72;€ 339,10
100166;Charger Max 233;Power;Aegis;€ 137,35;€ 240,21
100167;Monitor X 466;Screens;Aegis;€ 198,55;€ 263,76
100168;Headset X 153;Gaming;Aegis;€ 36,06;€ 52,85
100169;Screen Prime 896;Screens;Helios;€ 93,70;€ 149,47
100170;Camera S 844;Smart Home;Ion;€ 196,89;€ 354,45
100171;Ethernet Cable Prime 131;Cables;Kronos;€ 19,90;€ 30,03
100172;Chair Plus 829;Office;Nova;€ 227,88;€ 274,62
100173;Monitor X 229;Screens;Atlas;€ 72,38;€ 117,60
100174;Ethernet Cable Ultra 643;Cables;Atlas;€ 77,25;€ 118,13
100175;Scanner Plus 540;Office;Helios;€ 115,63;€ 152,79
100176;Mousepad Ultra 847;Gaming;Aether;€ 28,30;€ 41,60
100177;Soundbar X 168;Audio;Atlas;€ 27,35;€ 33,20
100178;Scanner Mini 669;Office;Helios;€ 19,70;€ 36,79
100179;USB-C Cable Plus 462;Cables;Atlas;€ 219,03;€ 406,49
100180;Webcam Max 460;Office;Aegis;€ 30,38;€ 46,50
100181;SSD S 458;Storage;Aether;€ 212,12;€ 302,41
100182;Soundbar S 965;Audio;Spectra;€ 142,44;€ 245,79
100183;UPS Pro 129;Power;Spectra;€ 49,20;€ 82,51
100184;Headphones Mini 285;Audio;Atlas;€ 218,12;€ 343,48
100185;Printer X 193;Office;Helios;€ 187,80;€ 246,27
100186;Scanner Mini 478;Office;Aether;€ 81,35;€ 113,34
100187;Power Bank Plus 259;Power;Spectra;€ 43,57;€ 70,29
100188;Screen Prime 597;Screens;Kronos;€ 153,73;€ 224,54
100189;Access Point Plus 540;Networking;Ion;€ 32,17;€ 53,36
100190;Power Bank Max 325;Power;Aether;€ 101,84;€ 162,89
100191;Keyboard Max 885;Accessories;Nexus;€ 38,62;€ 51,81
100192;Mousepad Pro 864;Gaming;Helios;€ 110,51;€ 137,79
100193;HDMI Cable Mini 506;Cables;Nexus;€ 216,13;€ 255,41
100194;Dock Plus 689;Accessories;Aether;€ 110,17;€ 160,11
100195;Chair Plus 121;Office;Kronos;€ 241,72;€ 309,14
100196;Power Bank Mini 547;Power;Aether;€ 211,90;€ 282,35
100197;Surge Protector Plus 991;Power;Nova;€ 81,02;€ 113,80
100198;Controller Plus 643;Gaming;Orion;€ 129,94;€ 237,72
100199;Gamepad X 205;Gaming;Atlas;€ 40,88;€ 53,06
100200;Charger Plus 891;Power;Orion;€ 158,85;€ 237,95
100201;UPS Prime 984;Power;Spectra;€ 242,89;€ 336,91
100202;Plug Prime 746;Smart Home;Helios;€ 79,19;€ 107,38
100203;Dock Plus 572;Accessories;Atlas;€ 115,72;€ 138,02
100204;Soundbar Plus 573;Audio;Helios;€ 147,18;€ 274,59
100205;Dock S 719;Accessories;Aether;€ 121,53;€ 153,51
100206;Dock Plus 831;Accessories;Aether;€ 25,66;€ 41,94
100207;Adapter Prime 636;Accessories;Nexus;€ 133,07;€ 168,87
100208;Mousepad Ultra 893;Gaming;Kronos;€ 87,90;€ 140,50
100209;Controller Mini 671;Gaming;Helios;€ 171,20;€ 233,36
100210;Power Bank Mini 696;Power;Orion;€ 167,58;€ 307,94
100211;Headphones X 417;Audio;Nova;€ 141,94;€ 231,73
100212;Mousepad Plus 620;Gaming;Orion;€ 93,65;€ 133,17
100213;USB Drive Mini 296;Storage;Nexus;€ 60,50;€ 75,82
100214;Monitor Plus 777;Screens;Kronos;€ 87,51;€ 150,93
100215;HDD Ultra 266;Storage;Spectra;€ 49,31;€ 82,33
100216;Power Bank Prime 520;Power;Orion;€ 94,25;€ 159,25
100217;Plug Max 339;Smart Home;Spectra;€ 135,83;€ 187,73
100218;Plug Mini 572;Smart Home;Nexus;€ 193,51;€ 335,47
100219;HDMI Cable Ultra 936;Cables;Ion;€ 53,93;€ 86,48
100220;Mic Prime 667;Audio;Aegis;€ 233,90;€ 393,78
100221;HDMI Cable Max 881;Cables;Helios;€ 44,28;€ 65,84
100222;HDMI Cable Ultra 327;Cables;Orion;€ 205,09;€ 371,93
100223;Adapter Pro 614;Accessories;Nova;€ 96,62;€ 139,10
100224;Monitor S 426;Screens;Atlas;€ 233,05;€ 414,69
100225;Controller X 393;Gaming;Orion;€ 229,76;€ 345,64
100226;SSD Prime 181;Storage;Aether;€ 9,66;€ 12,67
100227;SSD Ultra 894;Storage;Ion;€ 75,58;€ 103,99
100228;Stand Ultra 912;Accessories;Nexus;€ 157,59;€ 188,65
100229;Sensor Pro 835;Smart Home;Spectra;€ 40,18;€ 59,14
100230;Surge Protector S 291;Power;Atlas;€ 167,77;€ 203,71
100231;Mousepad Pro 994;Gaming;Helios;€ 120,18;€ 195,50
100232;Headset Pro 907;Gaming;Kronos;€ 21,55;€ 28,68
100233;Display Mini 145;Screens;Spectra;€ 91,31;€ 128,19
100234;HDD Prime 930;Storage;Aether;€ 38,04;€ 64,17
100235;Sensor Max 144;Smart Home;Aegis;€ 198,82;€ 360,73
100236;Mousepad Ultra 359;Gaming;Kronos;€ 13,97;€ 22,84
100237;Mic Pro 379;Audio;Atlas;€ 35,50;€ 50,62
100238;Webcam Ultra 291;Office;Aether;€ 126,57;€ 192,78
100239;Ethernet Cable Plus 534;Cables;Kronos;€ 24,34;€ 38,99
100240;NVMe Max 205;Storage;Ion;€ 24,62;€ 40,52
100241;Speaker Ultra 806;Audio;Aether;€ 113,76;€ 168,97
100242;Headset Ultra 754;Gaming;Spectra;€ 245,11;€ 456,13
100243;Display Mini 131;Screens;Nova;€ 39,98;€ 64,20
100244;Camera X 341;Smart Home;Aegis;€ 195,74;€ 278,88
100245;Scanner Pro 795;Office;Spectra;€ 115,23;€ 164,57
100246;Bulb X 507;Smart Home;Helios;€ 82,02;€ 111,47
100247;Screen X 630;Screens;Aegis;€ 99,81;€ 156,83
100248;Speaker Prime 726;Audio;Kronos;€ 74,97;€ 137,75
100249;Sensor Plus 973;Smart Home;Nexus;€ 23,14;€ 29,61
100250;Bulb Mini 826;Smart Home;Helios;€ 20,91;€ 32,55
100251;Mic X 620;Audio;Orion;€ 59,94;€ 113,22
100252;SSD Prime 469;Storage;Nexus;€ 140,74;€ 200,79
100253;HDMI Cable Plus 416;Cables;Orion;€ 102,55;€ 173,07
100254;Plug Ultra 943;Smart Home;Ion;€ 145,85;€ 181,44
100255;Mousepad Prime 796;Gaming;Helios;€ 131,75;€ 164,19
100256;HDMI Cable X 543;Cables;Spectra;€ 128,20;€ 230,91
100257;Panel X 268;Screens;Ion;€ 44,68;€ 82,71
100258;Router Max 356;Networking;Atlas;€ 53,09;€ 99,13
100259;Headphones Max 614;Audio;Orion;€ 162,04;€ 258,27
100260;UPS X 962;Power;Orion;€ 231,36;€ 273,21
100261;Stand Pro 889;Accessories;Helios;€ 146,31;€ 239,71
100262;Surge Protector Pro 742;Power;Nova;€ 138,67;€ 226,23
100263;Soundbar S 404;Audio;Aether;€ 116,12;€ 193,51
100264;USB Drive Ultra 575;Storage;Aether;€ 54,99;€ 88,26
100265;Mousepad Mini 233;Gaming;Atlas;€ 191,36;€ 293,97
100266;Screen S 225;Screens;Atlas;€ 70,53;€ 94,22
100267;Screen Max 984;Screens;Aegis;€ 155,77;€ 208,14
100268;HDD Mini 881;Storage;Atlas;€ 44,04;€ 83,54
100269;Plug Max 123;Smart Home;Aether;€ 27,06;€ 39,10
100270;Bulb S 149;Smart Home;Nexus;€ 17,38;€ 26,44
100271;Camera Pro 541;Smart Home;Kronos;€ 37,81;€ 50,98
100272;Controller Mini 510;Gaming;Nova;€ 17,53;€ 27,55
100273;Controller Max 495;Gaming;Ion;€ 128,54;€ 221,51
100274;Speaker Plus 199;Audio;Spectra;€ 101,51;€ 177,25
100275;Gamepad Mini 303;Gaming;Ion;€ 152,60;€ 221,43
100276;Keyboard Pro 830;Accessories;Aegis;€ 86,59;€ 130,34
100277;Bulb X 727;Smart Home;Orion;€ 83,04;€ 119,97
100278;Surge Protector Mini 825;Power;Kronos;€ 142,92;€ 215,26
100279;Stand Mini 212;Accessories;Atlas;€ 245,08;€ 389,13
100280;Dock Prime 771;Accessories;Spectra;€ 196,81;€ 340,90
100281;Surge Protector Pro 274;Power;Nexus;€ 133,44;€ 225,63
100282;Printer S 686;Office;Orion;€ 237,31;€ 292,47
100283;Adapter Mini 255;Accessories;Aether;€ 106,18;€ 138,34
100284;Ethernet Cable Prime 844;Cables;Spectra;€ 20,26;€ 25,40
100285;Repeater Mini 638;Networking;Ion;€ 97,32;€ 181,75
100286;Bulb Mini 792;Smart Home;Ion;€ 194,14;€ 328,23
100287;Speaker Prime 352;Audio;Spectra;€ 73,36;€ 100,79
100288;Soundbar S 424;Audio;Kronos;€ 122,55;€ 192,45
100289;Soundbar Plus 504;Audio;Kronos;€ 205,50;€ 383,45
100290;NVMe Pro 831;Storage;Kronos;€ 24,36;€ 44,90
100291;Speaker S 947;Audio;Aether;€ 136,95;€ 253,33
100292;Speaker Plus 348;Audio;Orion;€ 17,44;€ 31,90
100293;Router Pro 523;Networking;Nexus;€ 85,92;€ 129,25
100294;USB Drive X 768;Storage;Aegis;€ 234,08;€ 423,40
100295;Bulb Max 392;Smart Home;Nexus;€ 163,24;€ 298,88
100296;Monitor S 279;Screens;Spectra;€ 107,38;€ 190,94
100297;Keyboard Prime 866;Accessories;Nova;€ 240,72;€ 444,02
100298;Hub Max 717;Accessories;Aegis;€ 31,29;€ 59,05
100299;Speaker Prime 971;Audio;Aether;€ 128,53;€ 174,11
100300;Screen X 763;Screens;Atlas;€ 68,03;€ 87,73
100301;Gamepad S 725;Gaming;Kronos;€ 214,76;€ 391,46
100302;Printer Mini 510;Office;Ion;€ 168,97;€ 217,73
100303;HDD Mini 106;Storage;Aether;€ 68,89;€ 91,39
100304;Headphones Max 367;Audio;Atlas;€ 165,15;€ 275,73
100305;Dock Prime 263;Accessories;Helios;€ 104,33;€ 159,30
100306;Mic Max 729;Audio;Helios;€ 59,11;€ 110,42
100307;Bulb Prime 525;Smart Home;Orion;€ 176,98;€ 324,69
100308;Ethernet Cable S 872;Cables;Nexus;€ 150,97;€ 262,77
100309;HDMI Cable Mini 677;Cables;Aether;€ 32,49;€ 57,56
100310;HDMI Cable X 435;Cables;Nexus;€ 214,35;€ 317,53
100311;Router Prime 622;Networking;Spectra;€ 114,14;€ 136,02
100312;USB Drive Ultra 677;Storage;Ion;€ 19,15;€ 28,66
100313;Mic Ultra 936;Audio;Aegis;€ 5,74;€ 7,54
100314;Panel Ultra 817;Screens;Aegis;€ 20,62;€ 39,09
100315;Panel Pro 518;Screens;Aether;€ 49,10;€ 61,45
100316;Chair Ultra 990;Office;Atlas;€ 229,69;€ 329,17
100317;Panel X 221;Screens;Ion;€ 48,73;€ 75,67
100318;HDMI Cable S 874;Cables;Orion;€ 10,57;€ 14,52
100319;HDMI Cable Ultra 353;Cables;Nova;€ 117,85;€ 149,24
100320;Repeater Pro 729;Networking;Helios;€ 192,68;€ 349,29
100321;Mouse S 203;Accessories;Nexus;€ 150,52;€ 223,50
100322;Adapter Pro 549;Accessories;Nexus;€ 62,41;€ 81,94
100323;Keyboard Max 935;Accessories;Orion;€ 229,52;€ 363,12
100324;Charger Mini 409;Power;Spectra;€ 219,68;€ 415,04
100325;USB-C Cable Ultra 381;Cables;Nexus;€ 19,93;€ 37,10
100326;SSD Prime 452;Storage;Nova;€ 235,69;€ 389,72
100327;USB-C Cable Ultra 252;Cables;Atlas;€ 78,47;€ 101,06
100328;HDMI Cable S 407;Cables;Aether;€ 215,10;€ 270,65
100329;Plug Ultra 670;Smart Home;Aegis;€ 134,85;€ 194,36
100330;Headphones Mini 560;Audio;Nexus;€ 212,55;€ 259,17
100331;Repeater Max 789;Networking;Aegis;€ 153,22;€ 180,75
100332;Screen S 313;Screens;Nexus;€ 218,02;€ 305,17
100333;Stand S 220;Accessories;Nexus;€ 187,99;€ 322,54
100334;Repeater S 345;Networking;Spectra;€ 140,26;€ 242,88
100335;Webcam Mini 367;Office;Aether;€ 93,11;€ 168,73
100336;Bulb Prime 308;Smart Home;Helios;€ 95,82;€ 139,94
100337;Power Bank X 367;Power;Nexus;€ 140,56;€ 223,21
100338;Scanner X 437;Office;Kronos;€ 61,35;€ 96,77
100339;Access Point Mini 881;Networking;Aether;€ 206,29;€ 386,77
100340;Bulb X 273;Smart Home;Aether;€ 39,29;€ 61,29
100341;SSD Pro 959;Storage;Ion;€ 212,44;€ 394,90
100342;Keyboard Ultra 962;Accessories;Aegis;€ 159,52;€ 191,58
100343;USB Drive S 482;Storage;Aegis;€ 19,81;€ 32,26
100344;Power Bank Prime 106;Power;Aether;€ 135,39;€ 197,47
100345;Hub Max 393;Accessories;Ion;€ 9,20;€ 16,19
100346;Printer Plus 636;Office;Orion;€ 41,48;€ 53,67
100347;USB-C Cable Mini 914;Cables;Kronos;€ 102,24;€ 146,18
100348;Scanner S 407;Office;Aether;€ 172,59;€ 308,23
100349;Adapter Ultra 486;Accessories;Helios;€ 140,41;€ 167,38
100350;Adapter Plus 965;Accessories;Orion;€ 111,31;€ 193,49
100351;Charger Pro 316;Power;Helios;€ 225,81;€ 376,93
100352;Power Bank Max 176;Power;Aether;€ 172,69;€ 234,91
100353;HDMI Cable Pro 970;Cables;Spectra;€ 82,05;€ 153,52
100354;Power Bank Ultra 406;Power;Orion;€ 44,80;€ 59,60
100355;Chair Mini 873;Office;Ion;€ 186,24;€ 324,59
100356;Monitor Mini 200;Screens;Ion;€ 112,09;€ 199,41
100357;Headset Ultra 130;Gaming;Spectra;€ 160,36;€ 278,65
100358;Bulb S 666;Smart Home;Aether;€ 235,58;€ 347,22
100359;UPS Plus 917;Power;Nova;€ 65,38;€ 78,79
100360;Speaker Ultra 857;Audio;Orion;€ 100,46;€ 142,71
100361;Screen Max 468;Screens;Aegis;€ 191,53;€ 234,94
100362;Screen Ultra 670;Screens;Orion;€ 140,91;€ 205,17
100363;Hub Mini 195;Accessories;Helios;€ 151,25;€ 262,92
100364;Chair Max 497;Office;Aegis;€ 195,90;€ 331,78
100365;Ethernet Cable X 489;Cables;Nexus;€ 46,53;€ 62,89
100366;Headphones X 271;Audio;Aether;€ 111,50;€ 163,44
100367;Bulb Mini 352;Smart Home;Helios;€ 181,62;€ 276,40
100368;Power Bank Prime 238;Power;Nexus;€ 79,64;€ 148,26
100369;Headset Ultra 550;Gaming;Spectra;€ 87,01;€ 153,28
100370;UPS Max 717;Power;Orion;€ 237,08;€ 308,36
100371;Headset Ultra 398;Gaming;Orion;€ 185,04;€ 300,63
100372;Surge Protector Mini 387;Power;Nexus;€ 205,04;€ 296,22
100373;Display S 798;Screens;Spectra;€ 193,07;€ 225,93
100374;Bulb Prime 951;Smart Home;Nexus;€ 174,74;€ 308,28
100375;Webcam X 347;Office;Aether;€ 66,91;€ 84,68
100376;Chair Plus 712;Office;Nova;€ 122,41;€ 177,57
100377;USB-C Cable Pro 818;Cables;Nova;€ 224,40;€ 348,42
100378;Panel S 270;Screens;Helios;€ 163,51;€ 193,47
100379;Printer Ultra 110;Office;Atlas;€ 29,16;€ 38,39
100380;USB-C Cable S 483;Cables;Ion;€ 100,83;€ 174,36
100381;UPS X 125;Power;Ion;€ 123,28;€ 169,09
100382;Panel X 419;Screens;Helios;€ 89,05;€ 154,79
100383;USB-C Cable Mini 199;Cables;Aether;€ 112,35;€ 187,91
100384;Controller Max 929;Gaming;Helios;€ 179,14;€ 209,05
100385;Gamepad X 628;Gaming;Helios;€ 47,74;€ 60,63
100386;HDMI Cable Prime 916;Cables;Nova;€ 104,24;€ 134,30
100387;Scanner Pro 560;Office;Nova;€ 150,09;€ 216,37
100388;Router Max 691;Networking;Nexus;€ 29,93;€ 53,99
100389;HDD Mini 568;Storage;Atlas;€ 32,92;€ 54,42
100390;Plug Mini 725;Smart Home;Ion;€ 101,17;€ 125,01
100391;Headset X 729;Gaming;Aether;€ 149,59;€ 247,43
100392;Headset S 219;Gaming;Helios;€ 49,85;€ 83,25
100393;Ethernet Cable Ultra 241;Cables;Nova;€ 145,83;€ 213,97
100394;Sensor X 601;Smart Home;Ion;€ 75,76;€ 97,75
100395;Bulb Pro 109;Smart Home;Spectra;€ 123,73;€ 160,40
100396;Chair Prime 801;Office;Ion;€ 125,47;€ 211,12
100397;Camera X 678;Smart Home;Aether;€ 12,56;€ 21,61
100398;Speaker Max 650;Audio;Aegis;€ 75,72;€ 131,42
100399;Power Bank Plus 374;Power;Aether;€ 194,90;€ 344,48
100400;Mousepad Pro 659;Gaming;Ion;€ 58,54;€ 85,99
100401;Repeater Pro 369;Networking;Kronos;€ 90,40;€ 159,33
100402;Sensor S 930;Smart Home;Helios;€ 185,72;€ 309,57
100403;Charger X 903;Power;Nova;€ 55,62;€ 72,60
100404;Hub Mini 387;Accessories;Spectra;€ 151,23;€ 193,01
100405;Headphones Max 238;Audio;Kronos;€ 240,88;€ 418,95
100406;Stand X 986;Accessories;Kronos;€ 37,51;€ 47,25
100407;Mousepad Ultra 245;Gaming;Nexus;€ 146,47;€ 197,96
100408;Printer Prime 748;Office;Nova;€ 199,68;€ 344,78
100409;Webcam Max 565;Office;Ion;€ 237,81;€ 331,86
100410;Stand Prime 780;Accessories;Helios;€ 175,84;€ 314,33
100411;USB-C Cable S 944;Cables;Nova;€ 56,90;€ 76,89
100412;Soundbar X 907;Audio;Atlas;€ 89,22;€ 148,28
100413;Stand Plus 902;Accessories;Aegis;€ 209,99;€ 244,05
100414;SSD Prime 538;Storage;Aether;€ 54,57;€ 90,94
100415;NVMe X 195;Storage;Kronos;€ 165,37;€ 221,23
100416;Mousepad Pro 740;Gaming;Orion;€ 79,85;€ 133,72
100417;Router Plus 101;Networking;Nova;€ 57,29;€ 69,23
100418;Power Bank Prime 108;Power;Nexus;€ 175,42;€ 309,24
100419;Printer Prime 334;Office;Orion;€ 98,85;€ 167,85
100420;Panel Mini 406;Screens;Helios;€ 38,60;€ 66,78
100421;SSD Plus 724;Storage;Orion;€ 164,25;€ 243,10
100422;Repeater Ultra 980;Networking;Orion;€ 58,22;€ 106,10
100423;NVMe Ultra 539;Storage;Helios;€ 82,05;€ 102,96
100424;Mic S 897;Audio;Helios;€ 235,61;€ 275,69
100425;Soundbar S 402;Audio;Nexus;€ 163,31;€ 283,81
100426;Router Ultra 346;Networking;Aether;€ 127,40;€ 203,26
100427;USB-C Cable Mini 235;Cables;Aegis;€ 99,78;€ 177,53
100428;Chair X 888;Office;Atlas;€ 22,88;€ 36,39
100429;Mouse S 161;Accessories;Kronos;€ 237,43;€ 343,91
100430;Soundbar Ultra 818;Audio;Ion;€ 103,56;€ 168,84
100431;USB-C Cable X 185;Cables;Spectra;€ 80,93;€ 124,10
100432;Repeater Mini 700;Networking;Orion;€ 160,40;€ 284,85
100433;Display Ultra 159;Screens;Kronos;€ 64,90;€ 119,64
100434;Panel Pro 782;Screens;Aether;€ 186,71;€ 318,43
100435;Monitor X 267;Screens;Aegis;€ 126,62;€ 178,54
100436;USB-C Cable X 229;Cables;Kronos;€ 188,70;€ 340,62
100437;Screen Mini 378;Screens;Aegis;€ 133,34;€ 179,64
100438;Surge Protector Prime 623;Power;Helios;€ 93,23;€ 142,15
100439;Charger Mini 361;Power;Orion;€ 194,47;€ 354,07
100440;Monitor Pro 979;Screens;Nexus;€ 216,42;€ 288,58
100441;Sensor Ultra 283;Smart Home;Atlas;€ 233,13;€ 418,03
100442;USB-C Cable S 354;Cables;Nova;€ 106,98;€ 180,82
100443;Headphones Mini 614;Audio;Helios;€ 169,96;€ 202,17
100444;Repeater Pro 170;Networking;Ion;€ 219,86;€ 395,64
100445;Soundbar Plus 108;Audio;Atlas;€ 95,39;€ 130,56
100446;Soundbar S 477;Audio;Spectra;€ 149,96;€ 227,94
100447;Switch S 106;Networking;Ion;€ 233,44;€ 272,64
100448;USB-C Cable Pro 101;Cables;Atlas;€ 190,94;€ 273,47
100449;Speaker S 529;Audio;Helios;€ 125,55;€ 150,02
100450;SSD Plus 337;Storage;Kronos;€ 224,84;€ 346,21
100451;Controller Plus 617;Gaming;Aether;€ 37,71;€ 66,56
100452;Screen Pro 778;Screens;Spectra;€ 241,23;€ 320,25
100453;Mic Ultra 425;Audio;Atlas;€ 115,93;€ 153,63
100454;Switch Plus 208;Networking;Orion;€ 45,27;€ 67,88
100455;Scanner Mini 562;Office;Helios;€ 80,54;€ 108,63
100456;Panel X 946;Screens;Helios;€ 177,65;€ 284,68
100457;Router X 828;Networking;Atlas;€ 65,81;€ 93,24
100458;USB-C Cable Max 939;Cables;Aegis;€ 247,72;€ 290,65
100459;Printer S 573;Office;Aether;€ 29,97;€ 52,31
100460;Display Pro 233;Screens;Aegis;€ 53,54;€ 77,66
100461;Monitor Max 122;Screens;Spectra;€ 249,30;€ 323,67
100462;Bulb Plus 225;Smart Home;Orion;€ 15,46;€ 23,12
100463;USB Drive Ultra 608;Storage;Spectra;€ 12,22;€ 20,31
100464;HDD S 381;Storage;Atlas;€ 73,56;€ 133,33
100465;Stand S 402;Accessories;Spectra;€ 127,23;€ 230,55
100466;Bulb Plus 492;Smart Home;Aegis;€ 38,62;€ 50,19
100467;USB-C Cable Pro 900;Cables;Nexus;€ 179,78;€ 271,43
100468;Plug Mini 376;Smart Home;Atlas;€ 49,05;€ 68,14
100469;Router Max 928;Networking;Aegis;€ 247,93;€ 383,57
100470;Power Bank X 353;Power;Nexus;€ 165,93;€ 223,99
100471;Dock Ultra 959;Accessories;Nexus;€ 247,93;€ 317,42
100472;Access Point Mini 705;Networking;Spectra;€ 11,91;€ 19,95
100473;Charger X 956;Power;Spectra;€ 247,06;€ 447,48
100474;Sensor Max 602;Smart Home;Ion;€ 14,30;€ 17,05
100475;Surge Protector Pro 100;Power;Nexus;€ 86,27;€ 138,95
100476;NVMe X 160;Storage;Atlas;€ 10,37;€ 16,49
100477;SSD Mini 482;Storage;Helios;€ 177,61;€ 292,45
100478;UPS Mini 430;Power;Helios;€ 38,43;€ 48,73
100479;Scanner Mini 824;Office;Aether;€ 242,34;€ 404,75
100480;Charger S 487;Power;Atlas;€ 80,17;€ 133,59
100481;USB Drive Pro 971;Storage;Orion;€ 248,60;€ 465,85
100482;Hub Mini 326;Accessories;Orion;€ 161,71;€ 198,59
100483;Camera Mini 343;Smart Home;Orion;€ 89,97;€ 125,03
100484;Monitor Prime 371;Screens;Atlas;€ 56,37;€ 94,13
100485;Controller Plus 149;Gaming;Kronos;€ 99,55;€ 169,18
100486;USB Drive Prime 459;Storage;Nova;€ 138,78;€ 170,15
100487;Sensor S 562;Smart Home;Spectra;€ 23,06;€ 41,15
100488;Mic Mini 207;Audio;Aegis;€ 23,18;€ 29,61
100489;Printer Plus 446;Office;Orion;€ 150,54;€ 242,40
100490;Sensor Ultra 721;Smart Home;Aegis;€ 222,99;€ 282,71
100491;Display S 519;Screens;Atlas;€ 175,81;€ 297,39
100492;USB-C Cable Max 343;Cables;Kronos;€ 28,50;€ 41,17
100493;HDMI Cable X 469;Cables;Aether;€ 5,93;€ 7,21
100494;Power Bank S 126;Power;Aether;€ 55,70;€ 90,72
100495;Panel Plus 903;Screens;Aether;€ 102,38;€ 155,29
100496;Speaker Ultra 479;Audio;Helios;€ 221,95;€ 316,73
100497;Plug Max 576;Smart Home;Aegis;€ 69,53;€ 123,61
100498;Power Bank X 187;Power;Aegis;€ 168,69;€ 296,24
100499;Printer S 960;Office;Spectra;€ 99,84;€ 153,95
100500;USB-C Cable S 406;Cables;Aether;€ 24,34;€ 44,47
100501;Mouse X 875;Accessories;Ion;€ 115,01;€ 214,13
100502;HDD S 143;Storage;Nexus;€ 108,73;€ 205,63
100503;Webcam X 427;Office;Nexus;€ 228,15;€ 418,80
100504;Screen Ultra 665;Screens;Helios;€ 84,90;€ 115,22
100505;Camera Ultra 524;Smart Home;Aegis;€ 41,66;€ 65,61
100506;Power Bank Plus 904;Power;Helios;€ 75,09;€ 116,52
100507;Mousepad Max 770;Gaming;Nova;€ 123,97;€ 199,19
100508;Adapter Max 247;Accessories;Orion;€ 156,47;€ 259,84
100509;Webcam Ultra 807;Office;Aegis;€ 63,21;€ 108,05
100510;Mic Pro 937;Audio;Atlas;€ 199,44;€ 275,87
100511;Sensor S 407;Smart Home;Helios;€ 243,68;€ 361,21
100512;Controller Ultra 292;Gaming;Kronos;€ 113,22;€ 207,77
100513;Printer Mini 627;Office;Aether;€ 198,92;€ 238,55
100514;Ethernet Cable X 682;Cables;Nova;€ 12,09;€ 15,65
100515;Router S 567;Networking;Aegis;€ 17,39;€ 24,70
100516;Repeater Mini 617;Networking;Kronos;€ 102,25;€ 188,38
100517;Adapter Mini 708;Accessories;Nexus;€ 114,30;€ 213,79
100518;Bulb Mini 267;Smart Home;Spectra;€ 210,23;€ 282,55
100519;Screen Pro 150;Screens;Kronos;€ 44,91;€ 70,92
100520;Switch S 375;Networking;Nexus;€ 164,64;€ 252,72
100521;Stand X 277;Accessories;Aether;€ 152,28;€ 176,09
100522;Mic Max 533;Audio;Spectra;€ 224,39;€ 401,36
100523;Plug S 409;Smart Home;Kronos;€ 170,91;€ 302,21
100524;Printer Plus 623;Office;Spectra;€ 249,86;€ 468,45
100525;Headset Max 800;Gaming;Ion;€ 31,49;€ 37,72
100526;Mic Max 771;Audio;Atlas;€ 179,22;€ 326,05
100527;Speaker X 158;Audio;Nexus;€ 202,33;€ 354,44
100528;Charger Mini 838;Power;Nova;€ 11,24;€ 17,12
100529;Soundbar Ultra 497;Audio;Kronos;€ 185,50;€ 294,44
100530;Charger Mini 802;Power;Nexus;€ 135,99;€ 236,44
100531;Gamepad Max 960;Gaming;Ion;€ 166,12;€ 260,59
100532;Speaker Prime 858;Audio;Helios;€ 68,37;€ 120,08
100533;HDD Plus 463;Storage;Atlas;€ 59,72;€ 107,71
100534;Webcam Mini 699;Office;Atlas;€ 77,04;€ 137,78
100535;Plug Plus 299;Smart Home;Aegis;€ 127,62;€ 229,80
100536;Chair Max 155;Office;Ion;€ 218,36;€ 275,81
100537;Repeater Ultra 246;Networking;Atlas;€ 82,51;€ 139,17
100538;Display Mini 420;Screens;Aether;€ 160,45;€ 185,08
100539;Speaker X 601;Audio;Nexus;€ 197,38;€ 342,42
100540;USB Drive Ultra 513;Storage;Spectra;€ 110,11;€ 166,05
100541;Stand S 482;Accessories;Aegis;€ 237,77;€ 432,50
100542;Ethernet Cable Pro 104;Cables;Nexus;€ 158,54;€ 211,91
100543;Controller X 492;Gaming;Kronos;€ 128,32;€ 177,03
100544;Panel Max 566;Screens;Aegis;€ 183,32;€ 292,81
100545;Headset X 601;Gaming;Nova;€ 93,02;€ 120,12
100546;Scanner S 844;Office;Aegis;€ 246,30;€ 322,26
100547;Mouse X 475;Accessories;Spectra;€ 179,22;€ 312,58
100548;Printer Pro 777;Office;Kronos;€ 31,49;€ 55,96
100549;Adapter Ultra 489;Accessories;Helios;€ 35,28;€ 47,26
100550;NVMe Pro 530;Storage;Nexus;€ 167,11;€ 275,21
100551;Soundbar X 950;Audio;Spectra;€ 225,16;€ 345,33
100552;Power Bank Max 903;Power;Helios;€ 31,03;€ 40,31
100553;Access Point S 820;Networking;Kronos;€ 105,39;€ 133,87
100554;Ethernet Cable S 592;Cables;Aether;€ 86,00;€ 99,08
100555;Display Prime 192;Screens;Helios;€ 195,98;€ 236,41
100556;Screen S 403;Screens;Kronos;€ 69,71;€ 82,78
100557;NVMe Max 920;Storage;Aegis;€ 170,81;€ 251,00
100558;Monitor Pro 972;Screens;Helios;€ 38,91;€ 63,63
100559;Headset Prime 999;Gaming;Atlas;€ 184,60;€ 263,88
100560;Mousepad Plus 509;Gaming;Orion;€ 240,77;€ 325,97
100561;Scanner Ultra 215;Office;Aether;€ 37,47;€ 63,50
100562;USB Drive Ultra 921;Storage;Helios;€ 144,39;€ 213,50
100563;Power Bank Mini 983;Power;Nova;€ 172,69;€ 307,20
100564;SSD Prime 521;Storage;Aether;€ 112,97;€ 135,28
100565;Headset S 631;Gaming;Aegis;€ 133,16;€ 223,10
100566;Screen S 454;Screens;Nova;€ 167,61;€ 273,38
100567;SSD Pro 758;Storage;Ion;€ 233,92;€ 357,70
100568;Camera X 869;Smart Home;Aether;€ 125,45;€ 166,93
100569;Soundbar S 512;Audio;Aegis;€ 205,19;€ 248,10
100570;Camera Prime 977;Smart Home;Spectra;€ 127,12;€ 176,32
100571;Plug Plus 522;Smart Home;Aegis;€ 13,78;€ 21,52
100572;Display Max 770;Screens;Spectra;€ 169,51;€ 315,76
100573;Mousepad S 439;Gaming;Aegis;€ 142,24;€ 229,69
100574;Camera Prime 199;Smart Home;Atlas;€ 191,03;€ 251,45
100575;Headset Max 818;Gaming;Atlas;€ 31,05;€ 56,59
100576;Camera Ultra 360;Smart Home;Orion;€ 154,66;€ 199,61
100577;Scanner Prime 833;Office;Nexus;€ 87,79;€ 150,81
100578;Adapter Plus 568;Accessories;Spectra;€ 166,32;€ 310,54
100579;SSD Pro 666;Storage;Aether;€ 234,15;€ 416,58
100580;Sensor X 848;Smart Home;Ion;€ 204,73;€ 251,34
100581;Surge Protector Mini 528;Power;Spectra;€ 244,98;€ 450,01
100582;Access Point Ultra 401;Networking;Kronos;€ 115,95;€ 144,94
100583;Webcam Max 828;Office;Spectra;€ 185,52;€ 290,37
100584;Access Point S 803;Networking;Nexus;€ 89,60;€ 148,22
100585;SSD Mini 879;Storage;Ion;€ 91,30;€ 137,89
100586;Surge Protector Max 927;Power;Nova;€ 8,13;€ 10,00
100587;Printer Pro 304;Office;Orion;€ 70,41;€ 122,45
100588;Headphones X 807;Audio;Kronos;€ 197,17;€ 256,91
100589;USB-C Cable Mini 204;Cables;Aegis;€ 155,95;€ 258,35
100590;HDMI Cable Ultra 623;Cables;Nexus;€ 197,16;€ 344,86
100591;Soundbar Ultra 526;Audio;Aegis;€ 239,39;€ 450,50
100592;Controller Pro 861;Gaming;Ion;€ 66,58;€ 107,55
100593;Sensor Mini 894;Smart Home;Nexus;€ 182,60;€ 236,49
100594;Sensor Plus 277;Smart Home;Orion;€ 185,09;€ 229,42
100595;Hub Max 370;Accessories;Nova;€ 36,87;€ 58,55
100596;Soundbar Mini 826;Audio;Aegis;€ 234,69;€ 276,92
100597;Headset Pro 602;Gaming;Spectra;€ 198,53;€ 310,23
100598;Display S 633;Screens;Atlas;€ 21,70;€ 33,18
100599;Printer Ultra 457;Office;Ion;€ 59,19;€ 77,54
100600;Headset Mini 323;Gaming;Atlas;€ 237,83;€ 383,79
100601;Camera Pro 784;Smart Home;Ion;€ 89,77;€ 119,42
100602;Power Bank S 798;Power;Spectra;€ 221,99;€ 318,78
100603;Panel Max 125;Screens;Nova;€ 228,28;€ 403,28
100604;Mousepad Prime 144;Gaming;Ion;€ 77,63;€ 127,21
100605;Controller Plus 271;Gaming;Ion;€ 243,05;€ 420,47
100606;HDMI Cable Plus 786;Cables;Aegis;€ 159,23;€ 208,57
100607;Chair S 762;Office;Helios;€ 205,10;€ 246,96
100608;NVMe Prime 138;Storage;Aegis;€ 26,44;€ 31,48
100609;Speaker Plus 364;Audio;Ion;€ 104,87;€ 156,08
100610;Printer Mini 498;Office;Nova;€ 169,96;€ 263,63
100611;Power Bank Pro 466;Power;Helios;€ 232,37;€ 285,72
100612;Mic Plus 883;Audio;Spectra;€ 232,04;€ 333,22
100613;Hub X 325;Accessories;Aether;€ 38,41;€ 55,44
100614;USB-C Cable X 793;Cables;Kronos;€ 222,31;€ 416,61
100615;Controller X 142;Gaming;Aegis;€ 6,23;€ 9,95
100616;USB-C Cable Plus 315;Cables;Ion;€ 188,33;€ 344,20
100617;Gamepad Ultra 264;Gaming;Nexus;€ 50,08;€ 80,76
100618;Speaker Plus 787;Audio;Nexus;€ 200,92;€ 359,48
100619;USB-C Cable Plus 787;Cables;Aether;€ 21,50;€ 26,31
100620;UPS Mini 231;Power;Aether;€ 169,47;€ 224,70
100621;Speaker Plus 425;Audio;Spectra;€ 124,04;€ 173,19
100622;Mic X 927;Audio;Spectra;€ 82,50;€ 121,38
100623;Keyboard S 829;Accessories;Atlas;€ 186,25;€ 275,11
100624;Mousepad Mini 573;Gaming;Orion;€ 114,11;€ 197,53
100625;Sensor Plus 761;Smart Home;Ion;€ 153,62;€ 273,65
100626;NVMe S 851;Storage;Ion;€ 222,15;€ 268,21
100627;Screen Pro 887;Screens;Aegis;€ 149,56;€ 273,65
100628;Ethernet Cable Prime 893;Cables;Kronos;€ 41,42;€ 59,83
100629;Surge Protector X 613;Power;Kronos;€ 130,05;€ 188,26
100630;Ethernet Cable S 800;Cables;Aegis;€ 45,63;€ 70,07
100631;Sensor X 853;Smart Home;Orion;€ 184,34;€ 341,84
100632;Keyboard Prime 164;Accessories;Nexus;€ 69,77;€ 92,48
100633;Repeater Mini 580;Networking;Ion;€ 229,89;€ 416,37
100634;Stand Plus 633;Accessories;Atlas;€ 160,22;€ 217,12
100635;Soundbar X 769;Audio;Spectra;€ 97,74;€ 155,48
100636;Screen Max 328;Screens;Ion;€ 131,51;€ 186,04
100637;Controller Prime 613;Gaming;Aether;€ 221,10;€ 327,21
100638;Switch Max 253;Networking;Helios;€ 50,79;€ 72,21
100639;Panel Ultra 837;Screens;Nexus;€ 32,77;€ 54,28
100640;Plug X 122;Smart Home;Nexus;€ 64,70;€ 80,61
100641;Power Bank X 686;Power;Orion;€ 40,98;€ 52,24
100642;SSD Ultra 999;Storage;Ion;€ 181,29;€ 298,46
100643;Soundbar S 721;Audio;Helios;€ 248,23;€ 446,93
100644;HDD Ultra 913;Storage;Nexus;€ 147,75;€ 254,96
100645;Charger Max 841;Power;Ion;€ 172,97;€ 318,57
100646;Charger Plus 487;Power;Spectra;€ 99,44;€ 122,45
100647;Switch Ultra 720;Networking;Ion;€ 28,59;€ 43,08
100648;Power Bank Pro 195;Power;Spectra;€ 123,15;€ 153,66
100649;Surge Protector Pro 634;Power;Ion;€ 108,07;€ 195,19
100650;USB-C Cable S 908;Cables;Nova;€ 193,32;€ 273,14
100651;Charger Ultra 360;Power;Helios;€ 121,90;€ 161,44
100652;Panel Ultra 293;Screens;Kronos;€ 6,34;€ 10,83
100653;Hub Plus 107;Accessories;Spectra;€ 96,88;€ 126,34
100654;Controller Mini 258;Gaming;Nova;€ 109,39;€ 173,82
100655;Mic Ultra 726;Audio;Ion;€ 72,51;€ 120,40
100656;Switch Prime 479;Networking;Nova;€ 141,98;€ 214,79
100657;Soundbar Mini 853;Audio;Spectra;€ 38,83;€ 69,81
100658;Display Prime 202;Screens;Nexus;€ 57,54;€ 83,46
100659;Gamepad Pro 498;Gaming;Ion;€ 241,32;€ 278,48
100660;Screen Prime 190;Screens;Orion;€ 20,70;€ 27,25
100661;Screen Pro 510;Screens;Spectra;€ 155,42;€ 239,46
100662;Surge Protector X 549;Power;Aegis;€ 7,62;€ 13,62
100663;HDMI Cable S 902;Cables;Kronos;€ 151,88;€ 233,42
100664;Router X 468;Networking;Spectra;€ 63,62;€ 73,18
100665;USB Drive Max 461;Storage;Helios;€ 169,07;€ 245,84
100666;Router Pro 192;Networking;Ion;€ 139,65;€ 236,65
100667;USB-C Cable Mini 935;Cables;Spectra;€ 72,74;€ 116,73
100668;Router Ultra 367;Networking;Aether;€ 47,88;€ 73,24
100669;USB-C Cable Max 219;Cables;Helios;€ 201,72;€ 376,72
100670;Ethernet Cable Max 553;Cables;Spectra;€ 241,68;€ 380,01
100671;Repeater Prime 700;Networking;Atlas;€ 216,20;€ 326,78
100672;Speaker Ultra 793;Audio;Helios;€ 176,79;€ 309,40
100673;Webcam Pro 354;Office;Atlas;€ 75,39;€ 109,26
100674;Mousepad X 421;Gaming;Helios;€ 91,62;€ 166,82
100675;Soundbar S 854;Audio;Orion;€ 53,92;€ 91,75
100676;Speaker S 954;Audio;Nexus;€ 66,18;€ 106,81
100677;SSD Plus 792;Storage;Helios;€ 239,17;€ 363,42
100678;Adapter Pro 480;Accessories;Ion;€ 157,06;€ 238,61
100679;Charger Prime 882;Power;Kronos;€ 229,42;€ 312,06
100680;Router X 638;Networking;Spectra;€ 200,82;€ 302,99
100681;USB-C Cable Mini 981;Cables;Aegis;€ 173,15;€ 221,82
100682;Panel Prime 805;Screens;Ion;€ 7,06;€ 11,69
100683;Webcam Plus 470;Office;Spectra;€ 155,13;€ 208,62
100684;USB-C Cable S 582;Cables;Kronos;€ 239,84;€ 337,53
100685;HDD Ultra 529;Storage;Aether;€ 176,67;€ 252,50
100686;Scanner Prime 685;Office;Kronos;€ 37,13;€ 58,74
100687;Switch Max 668;Networking;Helios;€ 110,89;€ 159,20
100688;SSD Prime 280;Storage;Orion;€ 108,27;€ 135,43
100689;USB-C Cable Mini 407;Cables;Ion;€ 66,49;€ 119,27
100690;Stand Plus 267;Accessories;Nova;€ 19,71;€ 34,70
100691;Bulb Prime 366;Smart Home;Helios;€ 93,44;€ 146,73
100692;Soundbar Pro 224;Audio;Atlas;€ 91,02;€ 151,06
100693;UPS X 463;Power;Nexus;€ 84,65;€ 129,75
100694;Bulb Ultra 574;Smart Home;Helios;€ 159,77;€ 201,09
100695;USB Drive Ultra 969;Storage;Atlas;€ 227,23;€ 274,80
100696;Headset Mini 768;Gaming;Nexus;€ 76,38;€ 103,16
100697;Webcam Prime 865;Office;Kronos;€ 148,80;€ 278,87
100698;Printer X 228;Office;Orion;€ 183,30;€ 301,81
100699;Screen X 205;Screens;Nexus;€ 28,41;€ 52,63
100700;Camera Pro 889;Smart Home;Ion;€ 102,27;€ 176,29
100701;Display Max 186;Screens;Helios;€ 165,43;€ 300,11
100702;Mic S 553;Audio;Nexus;€ 158,49;€ 197,87
100703;NVMe Pro 981;Storage;Aegis;€ 229,24;€ 412,21
100704;Plug Max 238;Smart Home;Ion;€ 242,54;€ 405,82
100705;USB Drive Prime 636;Storage;Spectra;€ 161,75;€ 250,77
100706;Controller S 552;Gaming;Aether;€ 80,43;€ 117,36
100707;SSD Pro 635;Storage;Kronos;€ 204,77;€ 365,71
100708;Controller Prime 804;Gaming;Kronos;€ 230,91;€ 429,54
100709;Plug Pro 917;Smart Home;Kronos;€ 76,77;€ 101,60
100710;Keyboard Mini 521;Accessories;Ion;€ 221,13;€ 326,79
100711;Repeater Ultra 325;Networking;Orion;€ 69,43;€ 101,83
100712;Access Point Max 764;Networking;Ion;€ 187,02;€ 328,52
100713;Scanner Plus 239;Office;Nexus;€ 75,95;€ 123,62
100714;Surge Protector Max 292;Power;Aether;€ 83,56;€ 105,63
100715;HDMI Cable X 388;Cables;Aegis;€ 70,95;€ 119,65
100716;Keyboard Plus 115;Accessories;Nexus;€ 125,93;€ 177,11
100717;Soundbar Mini 813;Audio;Aether;€ 198,90;€ 278,00
100718;USB Drive Max 173;Storage;Aegis;€ 138,08;€ 177,60
100719;Headphones Pro 886;Audio;Nova;€ 180,10;€ 259,09
100720;Sensor Pro 571;Smart Home;Nexus;€ 185,15;€ 225,97
100721;Access Point Ultra 430;Networking;Aether;€ 43,86;€ 74,39
100722;USB-C Cable Plus 592;Cables;Ion;€ 161,44;€ 209,72
100723;Keyboard Plus 748;Accessories;Nexus;€ 111,37;€ 129,33
100724;Soundbar Plus 908;Audio;Spectra;€ 64,56;€ 121,15
100725;UPS X 889;Power;Aether;€ 26,92;€ 34,14
100726;Monitor Mini 161;Screens;Spectra;€ 92,10;€ 116,55
100727;USB-C Cable X 338;Cables;Helios;€ 82,60;€ 129,58
100728;Controller S 805;Gaming;Aether;€ 97,55;€ 165,18
100729;Soundbar Prime 672;Audio;Aegis;€ 77,21;€ 129,16
100730;Access Point X 431;Networking;Spectra;€ 184,44;€ 250,19
100731;Power Bank X 643;Power;Ion;€ 42,98;€ 58,96
100732;Soundbar Mini 100;Audio;Ion;€ 195,10;€ 298,40
100733;HDD Mini 428;Storage;Aegis;€ 181,65;€ 298,58
100734;Ethernet Cable S 799;Cables;Nova;€ 126,90;€ 198,42
100735;Surge Protector Mini 756;Power;Kronos;€ 83,90;€ 102,54
100736;Display X 994;Screens;Aegis;€ 12,66;€ 15,58
100737;Repeater Pro 773;Networking;Helios;€ 125,03;€ 202,30
100738;UPS Pro 326;Power;Kronos;€ 153,46;€ 184,64
100739;Repeater Plus 920;Networking;Aether;€ 161,53;€ 229,48
100740;Webcam Pro 641;Office;Atlas;€ 14,96;€ 17,99
100741;Headphones S 203;Audio;Helios;€ 182,67;€ 282,91
100742;Switch S 671;Networking;Nexus;€ 188,55;€ 275,54
100743;Screen Mini 819;Screens;Spectra;€ 167,98;€ 304,40
100744;NVMe Ultra 773;Storage;Orion;€ 43,75;€ 83,07
100745;Bulb Mini 965;Smart Home;Atlas;€ 96,07;€ 165,54
100746;Scanner S 484;Office;Atlas;€ 192,60;€ 355,27
100747;Soundbar Prime 506;Audio;Atlas;€ 5,05;€ 5,94
100748;Speaker Pro 409;Audio;Spectra;€ 6,61;€ 12,48
100749;Access Point Pro 666;Networking;Atlas;€ 130,26;€ 205,55
100750;Power Bank Plus 571;Power;Orion;€ 92,14;€ 115,53
100751;Gamepad S 362;Gaming;Spectra;€ 203,71;€ 248,31
100752;Printer S 840;Office;Spectra;€ 84,55;€ 127,83
100753;Bulb Plus 138;Smart Home;Spectra;€ 184,04;€ 291,19
100754;Panel Mini 936;Screens;Aegis;€ 111,40;€ 205,83
100755;Screen Pro 155;Screens;Nexus;€ 79,67;€ 94,08
100756;USB-C Cable X 614;Cables;Spectra;€ 175,95;€ 222,56
100757;Scanner Plus 542;Office;Aether;€ 76,00;€ 109,88
100758;USB Drive Plus 685;Storage;Atlas;€ 187,60;€ 292,87
100759;Soundbar Ultra 892;Audio;Helios;€ 175,98;€ 302,95
100760;Plug S 504;Smart Home;Ion;€ 164,80;€ 213,76
100761;Charger S 173;Power;Ion;€ 70,23;€ 103,42
100762;Surge Protector Plus 533;Power;Helios;€ 94,49;€ 122,16
100763;Headset Pro 273;Gaming;Spectra;€ 246,97;€ 398,16
100764;Plug X 145;Smart Home;Spectra;€ 231,43;€ 306,67
100765;Controller Plus 857;Gaming;Orion;€ 18,36;€ 34,18
100766;NVMe Pro 810;Storage;Kronos;€ 202,05;€ 278,59
100767;Sensor Mini 857;Smart Home;Aegis;€ 136,81;€ 178,24
100768;Ethernet Cable Prime 847;Cables;Kronos;€ 248,11;€ 414,67
100769;Dock Pro 274;Accessories;Nova;€ 19,73;€ 25,66
100770;Surge Protector Pro 770;Power;Kronos;€ 236,57;€ 283,87
100771;Headphones Plus 399;Audio;Atlas;€ 217,52;€ 356,09
100772;Access Point Plus 596;Networking;Nova;€ 217,36;€ 336,62
100773;SSD Prime 140;Storage;Nexus;€ 65,61;€ 101,50
100774;Gamepad Ultra 118;Gaming;Aether;€ 89,96;€ 127,20
100775;Headphones Max 740;Audio;Nexus;€ 68,13;€ 98,13
100776;Keyboard Max 255;Accessories;Ion;€ 88,74;€ 128,20
100777;HDD Ultra 527;Storage;Helios;€ 63,89;€ 80,79
100778;Soundbar Mini 655;Audio;Spectra;€ 37,28;€ 61,12
100779;Charger S 416;Power;Ion;€ 173,69;€ 316,81
100780;HDD X 425;Storage;Nova;€ 21,61;€ 33,49
100781;Display Mini 844;Screens;Orion;€ 12,22;€ 16,97
100782;Chair Max 863;Office;Nova;€ 233,77;€ 425,60
100783;Headphones S 234;Audio;Orion;€ 50,26;€ 86,54
100784;Charger Max 710;Power;Spectra;€ 61,88;€ 103,06
100785;Gamepad Prime 614;Gaming;Helios;€ 212,30;€ 318,78
100786;Mousepad Ultra 585;Gaming;Orion;€ 38,69;€ 50,10
100787;Dock Pro 522;Accessories;Nova;€ 59,53;€ 98,43
100788;Switch Plus 549;Networking;Nexus;€ 217,45;€ 329,97
100789;Mousepad S 514;Gaming;Aether;€ 195,17;€ 313,43
100790;Printer Ultra 633;Office;Atlas;€ 31,78;€ 47,44
100791;Stand Ultra 140;Accessories;Nexus;€ 141,64;€ 217,71
100792;Adapter Max 507;Accessories;Nexus;€ 221,68;€ 383,56
100793;Soundbar X 401;Audio;Aether;€ 155,22;€ 184,85
100794;Ethernet Cable Prime 562;Cables;Orion;€ 27,16;€ 41,43
100795;USB Drive X 523;Storage;Spectra;€ 84,25;€ 98,46
100796;Plug S 192;Smart Home;Spectra;€ 66,27;€ 110,59
100797;SSD Plus 823;Storage;Helios;€ 115,10;€ 163,70
100798;USB-C Cable X 663;Cables;Nova;€ 98,25;€ 169,60
100799;Gamepad X 989;Gaming;Spectra;€ 40,43;€ 69,82
100800;Dock Max 847;Accessories;Nova;€ 193,31;€ 287,01
100801;HDD X 103;Storage;Helios;€ 157,53;€ 211,06
100802;Camera Prime 722;Smart Home;Aether;€ 221,26;€ 293,92
100803;Surge Protector Prime 552;Power;Aether;€ 24,45;€ 39,12
100804;Switch Max 150;Networking;Ion;€ 50,29;€ 59,91
100805;Controller X 783;Gaming;Aegis;€ 146,63;€ 234,97
100806;Controller Pro 526;Gaming;Helios;€ 248,47;€ 315,81
100807;Soundbar X 867;Audio;Spectra;€ 146,85;€ 271,47
100808;Panel Mini 488;Screens;Kronos;€ 205,96;€ 354,01
100809;USB-C Cable Max 237;Cables;Helios;€ 34,90;€ 62,63
100810;Gamepad Ultra 812;Gaming;Ion;€ 56,22;€ 67,11
100811;Surge Protector Plus 841;Power;Ion;€ 173,72;€ 321,45
100812;Mic Mini 638;Audio;Nova;€ 145,91;€ 236,00
100813;USB Drive Prime 604;Storage;Spectra;€ 202,96;€ 367,92
100814;Router S 221;Networking;Kronos;€ 10,88;€ 17,62
100815;Screen Ultra 146;Screens;Nexus;€ 86,78;€ 136,27
100816;Access Point S 360;Networking;Aegis;€ 198,60;€ 274,23
100817;HDMI Cable Mini 216;Cables;Ion;€ 173,03;€ 243,28
100818;Charger Pro 298;Power;Spectra;€ 85,98;€ 120,67
100819;Sensor Pro 593;Smart Home;Aether;€ 43,07;€ 64,41
100820;USB-C Cable Prime 860;Cables;Atlas;€ 18,73;€ 28,86
100821;Charger Pro 691;Power;Atlas;€ 172,95;€ 302,60
100822;Headset X 960;Gaming;Helios;€ 12,64;€ 23,86
100823;HDMI Cable Ultra 709;Cables;Orion;€ 33,63;€ 58,41
100824;Mic Pro 523;Audio;Atlas;€ 26,27;€ 47,49
100825;Gamepad Max 637;Gaming;Aether;€ 79,07;€ 97,59
100826;Adapter Plus 618;Accessories;Nexus;€ 11,11;€ 16,80
100827;USB-C Cable S 595;Cables;Orion;€ 184,45;€ 284,55
100828;Gamepad Plus 310;Gaming;Orion;€ 182,52;€ 272,78
100829;USB-C Cable Pro 145;Cables;Helios;€ 173,33;€ 276,59
100830;Monitor Prime 205;Screens;Atlas;€ 132,54;€ 217,93
100831;Speaker Max 428;Audio;Aegis;€ 54,14;€ 73,90
100832;Ethernet Cable Prime 220;Cables;Atlas;€ 71,80;€ 91,05
100833;Display Plus 655;Screens;Aegis;€ 90,83;€ 126,15
100834;HDD S 172;Storage;Kronos;€ 81,29;€ 147,88
100835;HDMI Cable Pro 129;Cables;Aether;€ 120,33;€ 199,34
100836;Monitor Pro 536;Screens;Nova;€ 101,02;€ 169,56
100837;UPS Mini 440;Power;Aether;€ 205,27;€ 345,81
100838;Ethernet Cable Prime 234;Cables;Helios;€ 27,76;€ 48,63
100839;Bulb Prime 800;Smart Home;Helios;€ 162,88;€ 280,95
100840;Sensor S 981;Smart Home;Nexus;€ 224,45;€ 301,56
100841;Headset X 907;Gaming;Nova;€ 215,89;€ 300,86
100842;Plug Plus 215;Smart Home;Aegis;€ 91,10;€ 136,28
100843;HDD Mini 620;Storage;Kronos;€ 30,22;€ 53,28
100844;Panel Plus 645;Screens;Atlas;€ 117,94;€ 187,87
100845;Switch S 593;Networking;Spectra;€ 99,04;€ 139,20
100846;UPS Ultra 657;Power;Nova;€ 175,06;€ 224,04
100847;Monitor Prime 706;Screens;Spectra;€ 151,04;€ 210,55
100848;Panel X 515;Screens;Aether;€ 22,05;€ 27,16
100849;Surge Protector Mini 760;Power;Nova;€ 166,74;€ 203,07
100850;HDD Pro 776;Storage;Spectra;€ 41,56;€ 64,35
100851;Scanner Prime 310;Office;Spectra;€ 171,97;€ 238,60
100852;UPS Ultra 191;Power;Kronos;€ 147,77;€ 237,71
100853;USB-C Cable X 163;Cables;Nova;€ 95,46;€ 149,08
100854;Mouse Mini 981;Accessories;Aegis;€ 74,14;€ 87,00
100855;Webcam Ultra 828;Office;Spectra;€ 98,78;€ 141,87
100856;USB-C Cable X 242;Cables;Nexus;€ 51,12;€ 73,53
100857;Headset X 993;Gaming;Nova;€ 169,17;€ 211,58
100858;Screen X 773;Screens;Aegis;€ 112,00;€ 211,98
100859;Screen Ultra 907;Screens;Orion;€ 175,37;€ 324,04
100860;Surge Protector Prime 665;Power;Orion;€ 205,92;€ 296,22
100861;Router Ultra 691;Networking;Orion;€ 127,05;€ 215,75
100862;Ethernet Cable Ultra 690;Cables;Kronos;€ 94,91;€ 178,78
100863;Power Bank Mini 694;Power;Aether;€ 122,98;€ 205,12
100864;USB Drive Max 629;Storage;Ion;€ 24,17;€ 43,93
100865;Monitor Prime 800;Screens;Nexus;€ 160,25;€ 280,21
100866;Mic Pro 647;Audio;Spectra;€ 195,74;€ 293,93
100867;USB-C Cable Mini 461;Cables;Aether;€ 240,34;€ 420,27
100868;Mic Pro 844;Audio;Orion;€ 197,33;€ 265,47
100869;Camera X 772;Smart Home;Spectra;€ 247,64;€ 435,02
100870;Surge Protector Max 184;Power;Aegis;€ 36,07;€ 43,56
100871;Mic X 381;Audio;Kronos;€ 215,18;€ 249,75
100872;Display X 774;Screens;Spectra;€ 114,43;€ 200,93
100873;Speaker Prime 918;Audio;Nexus;€ 134,21;€ 157,67
100874;Screen X 870;Screens;Orion;€ 248,43;€ 429,23
100875;Switch X 691;Networking;Aether;€ 184,92;€ 260,52
100876;Speaker Pro 575;Audio;Helios;€ 102,69;€ 141,30
100877;Ethernet Cable Ultra 822;Cables;Nexus;€ 100,57;€ 135,46
100878;USB-C Cable Pro 916;Cables;Nova;€ 114,96;€ 190,70
100879;Ethernet Cable Plus 752;Cables;Aegis;€ 91,69;€ 163,50
100880;UPS Mini 373;Power;Kronos;€ 201,57;€ 270,41
100881;Charger Prime 851;Power;Nova;€ 169,61;€ 293,06
100882;USB-C Cable X 660;Cables;Atlas;€ 7,59;€ 8,78
100883;Monitor Ultra 637;Screens;Aegis;€ 30,46;€ 45,22
100884;Switch Max 134;Networking;Kronos;€ 10,81;€ 13,18
100885;Power Bank Plus 188;Power;Nexus;€ 214,83;€ 267,99
100886;Charger Plus 359;Power;Orion;€ 77,17;€ 126,97
100887;Screen Max 808;Screens;Aether;€ 226,33;€ 390,96
100888;Controller X 383;Gaming;Kronos;€ 195,39;€ 280,79
100889;Headset Max 282;Gaming;Aegis;€ 112,94;€ 171,53
100890;Switch Ultra 760;Networking;Spectra;€ 125,55;€ 157,93
100891;Chair Plus 832;Office;Nexus;€ 68,45;€ 80,51
100892;Screen Max 119;Screens;Spectra;€ 224,65;€ 283,43
100893;Dock Ultra 255;Accessories;Aegis;€ 176,51;€ 322,74
100894;Surge Protector Prime 546;Power;Aegis;€ 103,96;€ 176,30
100895;Monitor S 493;Screens;Ion;€ 238,77;€ 421,07
100896;Bulb Mini 798;Smart Home;Helios;€ 79,19;€ 94,35
100897;Monitor Mini 961;Screens;Atlas;€ 117,61;€ 202,86
100898;Repeater Pro 776;Networking;Orion;€ 51,80;€ 86,61
100899;Monitor Prime 747;Screens;Atlas;€ 112,31;€ 145,12
100900;Stand Pro 707;Accessories;Nexus;€ 63,43;€ 91,44
100901;Ethernet Cable Prime 954;Cables;Kronos;€ 203,89;€ 382,28
100902;Mouse Mini 445;Accessories;Aegis;€ 198,01;€ 234,07
100903;Display Prime 858;Screens;Nexus;€ 146,94;€ 270,90
100904;Stand Prime 119;Accessories;Orion;€ 120,45;€ 221,45
100905;Mouse X 276;Accessories;Nexus;€ 160,00;€ 292,56
100906;Monitor X 937;Screens;Aether;€ 205,28;€ 253,65
100907;Power Bank S 923;Power;Spectra;€ 54,65;€ 76,67
100908;Scanner Plus 429;Office;Atlas;€ 209,92;€ 366,27
100909;Dock X 164;Accessories;Spectra;€ 34,58;€ 43,43
100910;Scanner Mini 549;Office;Orion;€ 64,69;€ 102,63
100911;HDD Ultra 116;Storage;Helios;€ 220,51;€ 266,94
100912;Stand Plus 767;Accessories;Orion;€ 150,46;€ 205,05
100913;Sensor S 755;Smart Home;Orion;€ 71,38;€ 106,20
100914;Switch Pro 834;Networking;Orion;€ 127,47;€ 237,44
100915;Headphones Ultra 671;Audio;Atlas;€ 62,73;€ 77,67
100916;Ethernet Cable Mini 619;Cables;Helios;€ 58,72;€ 101,45
100917;Switch Pro 215;Networking;Kronos;€ 200,17;€ 333,07
100918;Sensor X 786;Smart Home;Aether;€ 231,05;€ 275,07
100919;Mousepad S 357;Gaming;Kronos;€ 86,90;€ 152,41
100920;Camera Plus 650;Smart Home;Aegis;€ 48,09;€ 83,63
100921;Camera Plus 340;Smart Home;Ion;€ 181,74;€ 289,79
100922;Headset S 335;Gaming;Nova;€ 195,85;€ 273,13
100923;Display Ultra 484;Screens;Nexus;€ 223,38;€ 269,21
100924;Surge Protector Pro 248;Power;Aether;€ 57,96;€ 93,15
100925;HDD Mini 568;Storage;Nova;€ 181,36;€ 294,53
100926;Speaker Mini 132;Audio;Nexus;€ 174,59;€ 208,59
100927;USB Drive Prime 528;Storage;Helios;€ 46,94;€ 66,08
100928;Speaker X 691;Audio;Spectra;€ 242,68;€ 434,70
100929;Display Prime 705;Screens;Nova;€ 121,00;€ 181,15
100930;Keyboard S 435;Accessories;Nova;€ 111,39;€ 146,68
100931;Surge Protector Pro 145;Power;Orion;€ 14,81;€ 22,26
100932;Ethernet Cable Ultra 503;Cables;Aegis;€ 122,42;€ 214,05
100933;Display Prime 185;Screens;Aether;€ 141,83;€ 164,43
100934;Webcam X 402;Office;Nexus;€ 63,57;€ 120,73
100935;Keyboard Max 820;Accessories;Aether;€ 117,52;€ 185,42
100936;Surge Protector Prime 890;Power;Aegis;€ 38,96;€ 65,35
100937;SSD Prime 981;Storage;Atlas;€ 158,69;€ 228,30
100938;Headset Pro 536;Gaming;Ion;€ 189,46;€ 317,07
100939;Power Bank S 735;Power;Ion;€ 220,81;€ 375,78
100940;Mouse Mini 213;Accessories;Ion;€ 98,82;€ 148,13
100941;Keyboard Mini 763;Accessories;Atlas;€ 141,90;€ 170,32
100942;Switch Mini 652;Networking;Orion;€ 32,82;€ 49,52
100943;UPS S 461;Power;Nexus;€ 224,99;€ 343,71
100944;Printer Pro 481;Office;Kronos;€ 89,58;€ 135,68
100945;Ethernet Cable Prime 644;Cables;Helios;€ 171,19;€ 265,28
100946;Headphones Mini 292;Audio;Aether;€ 223,52;€ 333,81
100947;Panel X 178;Screens;Nova;€ 31,79;€ 43,14
100948;HDD X 633;Storage;Aether;€ 238,27;€ 278,07
100949;Chair X 455;Office;Ion;€ 107,93;€ 183,84
100950;Mouse S 122;Accessories;Kronos;€ 218,59;€ 289,47
100951;Ethernet Cable Ultra 451;Cables;Atlas;€ 165,66;€ 288,27
100952;Plug Prime 411;Smart Home;Spectra;€ 143,98;€ 262,58
100953;Speaker Max 595;Audio;Orion;€ 96,12;€ 131,31
100954;Dock Mini 566;Accessories;Orion;€ 239,27;€ 386,18
100955;HDD Max 279;Storage;Ion;€ 210,64;€ 351,69
100956;SSD S 142;Storage;Orion;€ 248,47;€ 392,80
100957;Sensor Mini 310;Smart Home;Kronos;€ 142,81;€ 167,95
100958;Headset X 559;Gaming;Atlas;€ 137,27;€ 174,60
100959;Soundbar Pro 611;Audio;Helios;€ 193,29;€ 359,68
100960;Headset Pro 762;Gaming;Orion;€ 177,84;€ 267,73
100961;Soundbar X 446;Audio;Spectra;€ 173,84;€ 295,31
100962;Dock Plus 125;Accessories;Orion;€ 103,40;€ 184,12
100963;Bulb Plus 156;Smart Home;Atlas;€ 154,00;€ 199,64
100964;HDMI Cable Max 123;Cables;Nexus;€ 25,48;€ 45,54
100965;Display Ultra 602;Screens;Ion;€ 82,85;€ 132,88
100966;Keyboard Ultra 833;Accessories;Atlas;€ 214,18;€ 305,68
100967;Headset Max 459;Gaming;Aegis;€ 80,48;€ 119,45
100968;Ethernet Cable S 554;Cables;Helios;€ 186,67;€ 272,86
100969;Plug X 846;Smart Home;Kronos;€ 224,63;€ 281,84
100970;Charger Plus 312;Power;Spectra;€ 79,29;€ 149,96
100971;Ethernet Cable Plus 874;Cables;Atlas;€ 97,06;€ 112,10
100972;Soundbar X 827;Audio;Nova;€ 144,14;€ 264,66
100973;Access Point Ultra 667;Networking;Orion;€ 125,19;€ 221,22
100974;Soundbar Max 672;Audio;Spectra;€ 186,26;€ 245,56
100975;Dock Max 755;Accessories;Orion;€ 209,39;€ 315,01
100976;Soundbar X 804;Audio;Nova;€ 162,97;€ 190,89
100977;Mic Plus 695;Audio;Aether;€ 122,72;€ 181,26
100978;Mic Plus 624;Audio;Aether;€ 184,57;€ 214,68
100979;Speaker Pro 427;Audio;Orion;€ 117,96;€ 196,99
100980;Headset Pro 469;Gaming;Orion;€ 107,78;€ 197,68
100981;Headset Max 642;Gaming;Aegis;€ 161,54;€ 195,08
100982;Switch Plus 656;Networking;Orion;€ 84,04;€ 116,58
100983;Headphones Mini 647;Audio;Kronos;€ 147,11;€ 260,01
100984;Dock Max 897;Accessories;Orion;€ 123,80;€ 173,97
100985;HDD S 615;Storage;Helios;€ 59,17;€ 76,41
100986;USB-C Cable Plus 571;Cables;Spectra;€ 229,43;€ 283,90
100987;NVMe Prime 419;Storage;Aegis;€ 174,31;€ 218,63
100988;Sensor Mini 826;Smart Home;Spectra;€ 79,65;€ 136,07
100989;Display X 804;Screens;Nexus;€ 60,51;€ 75,27
100990;SSD Ultra 179;Storage;Helios;€ 9,61;€ 14,54
100991;Printer S 133;Office;Aegis;€ 199,30;€ 305,95
100992;Dock Plus 144;Accessories;Aether;€ 21,23;€ 35,04
100993;Display S 289;Screens;Helios;€ 169,30;€ 198,41
100994;NVMe Mini 264;Storage;Kronos;€ 214,51;€ 372,30
100995;Power Bank Plus 939;Power;Nexus;€ 146,64;€ 170,17
100996;Switch Max 872;Networking;Nexus;€ 136,60;€ 256,83
100997;Panel Prime 814;Screens;Nexus;€ 149,40;€ 221,07
100998;Screen Mini 534;Screens;Orion;€ 57,50;€ 75,94
100999;Screen Plus 212;Screens;Atlas;€ 132,33;€ 201,39
101000;Controller Pro 435;Gaming;Kronos;€ 125,96;€ 181,20
101001;Plug Max 331;Smart Home;Spectra;€ 140,71;€ 192,48
101002;Chair Plus 795;Office;Nexus;€ 95,02;€ 110,18
101003;Plug Ultra 635;Smart Home;Helios;€ 166,34;€ 201,90
101004;SSD Ultra 859;Storage;Nova;€ 231,70;€ 436,38
101005;Panel S 305;Screens;Atlas;€ 150,77;€ 285,41
101006;Screen Ultra 385;Screens;Nexus;€ 192,38;€ 331,76
101007;UPS Ultra 587;Power;Kronos;€ 168,34;€ 313,55
101008;Sensor Max 886;Smart Home;Ion;€ 116,39;€ 144,51
101009;Sensor S 130;Smart Home;Aether;€ 29,40;€ 34,98
101010;Display Pro 491;Screens;Aether;€ 153,12;€ 213,64
101011;Headphones Plus 776;Audio;Spectra;€ 189,14;€ 326,39
101012;Plug Max 602;Smart Home;Nexus;€ 128,67;€ 200,32
101013;HDMI Cable Pro 540;Cables;Ion;€ 220,63;€ 273,44
101014;Plug Ultra 570;Smart Home;Atlas;€ 13,82;€ 17,73
101015;Soundbar Prime 237;Audio;Orion;€ 81,55;€ 117,58
101016;Screen Prime 587;Screens;Spectra;€ 142,75;€ 180,90
101017;Adapter Max 705;Accessories;Nova;€ 242,86;€ 391,66
101018;Controller Mini 128;Gaming;Kronos;€ 149,66;€ 186,50
101019;Headset Pro 489;Gaming;Atlas;€ 28,85;€ 40,65
101020;Controller Mini 777;Gaming;Nova;€ 64,84;€ 85,98
101021;Headphones Plus 989;Audio;Spectra;€ 79,70;€ 111,83
101022;Mouse Mini 571;Accessories;Ion;€ 166,15;€ 243,72
101023;HDMI Cable Max 812;Cables;Nova;€ 120,08;€ 140,09
101024;Headset Ultra 686;Gaming;Nova;€ 28,94;€ 43,88
101025;Access Point Prime 270;Networking;Atlas;€ 155,63;€ 221,38
101026;Printer Prime 960;Office;Nexus;€ 213,33;€ 279,58
101027;Soundbar Max 923;Audio;Aegis;€ 60,34;€ 103,01
101028;Panel Plus 379;Screens;Spectra;€ 21,48;€ 37,61
101029;Bulb S 914;Smart Home;Nova;€ 23,78;€ 42,04
101030;Ethernet Cable Ultra 652;Cables;Kronos;€ 81,77;€ 119,44
101031;Speaker Prime 119;Audio;Spectra;€ 158,82;€ 244,13
101032;HDD Prime 776;Storage;Spectra;€ 240,72;€ 410,83
101033;Camera Ultra 634;Smart Home;Kronos;€ 54,16;€ 81,07
101034;Repeater Max 520;Networking;Orion;€ 83,07;€ 147,25
101035;Panel Ultra 943;Screens;Nexus;€ 75,33;€ 95,70
101036;Charger Ultra 216;Power;Nexus;€ 41,74;€ 48,87
101037;Soundbar Prime 532;Audio;Aether;€ 163,50;€ 192,56
101038;SSD X 364;Storage;Kronos;€ 198,47;€ 269,59
101039;Ethernet Cable Pro 597;Cables;Orion;€ 196,65;€ 234,31
101040;Monitor Max 516;Screens;Atlas;€ 224,71;€ 371,62
101041;Display X 214;Screens;Nova;€ 144,89;€ 220,98
101042;Screen Max 192;Screens;Ion;€ 63,33;€ 78,64
101043;Gamepad Ultra 533;Gaming;Atlas;€ 58,41;€ 71,85
101044;Repeater Prime 360;Networking;Kronos;€ 216,41;€ 257,95
101045;USB-C Cable Plus 658;Cables;Atlas;€ 108,83;€ 180,88
101046;Soundbar Mini 832;Audio;Orion;€ 95,10;€ 131,35
101047;Charger Pro 359;Power;Aegis;€ 140,42;€ 194,05
101048;Mousepad S 497;Gaming;Helios;€ 6,93;€ 12,96
101049;Speaker Plus 404;Audio;Kronos;€ 56,54;€ 102,77
101050;Camera Ultra 380;Smart Home;Atlas;€ 217,28;€ 384,02
101051;Bulb Ultra 834;Smart Home;Aether;€ 108,48;€ 199,48
101052;Monitor Max 460;Screens;Orion;€ 108,11;€ 183,45
101053;Ethernet Cable Prime 128;Cables;Atlas;€ 191,68;€ 312,64
101054;SSD X 510;Storage;Aether;€ 54,02;€ 74,50
101055;Charger Plus 355;Power;Helios;€ 131,51;€ 246,88
101056;NVMe Ultra 562;Storage;Spectra;€ 122,20;€ 207,91
101057;Mic Mini 303;Audio;Orion;€ 25,68;€ 36,61
101058;Printer S 123;Office;Nova;€ 231,16;€ 378,02
101059;Switch Prime 368;Networking;Helios;€ 176,81;€ 225,71
101060;Webcam Ultra 252;Office;Spectra;€ 26,82;€ 38,24
101061;Surge Protector Pro 891;Power;Helios;€ 230,40;€ 343,36
101062;Sensor S 295;Smart Home;Helios;€ 236,78;€ 416,75
101063;Soundbar Prime 233;Audio;Kronos;€ 110,67;€ 144,42
101064;Repeater S 284;Networking;Kronos;€ 105,09;€ 132,36
101065;Soundbar S 354;Audio;Kronos;€ 95,56;€ 158,94
101066;Plug Pro 236;Smart Home;Helios;€ 218,50;€ 410,95
101067;Chair Ultra 853;Office;Nexus;€ 151,31;€ 182,30
101068;USB-C Cable Pro 340;Cables;Aegis;€ 120,38;€ 170,43
101069;Power Bank Pro 359;Power;Spectra;€ 128,61;€ 184,65
101070;Printer X 694;Office;Atlas;€ 48,95;€ 62,53
101071;Sensor Prime 191;Smart Home;Atlas;€ 82,74;€ 128,07
101072;NVMe Plus 145;Storage;Kronos;€ 244,74;€ 373,08
101073;Mic Ultra 997;Audio;Atlas;€ 69,49;€ 123,15
101074;Soundbar Mini 268;Audio;Ion;€ 82,31;€ 156,05
101075;SSD Prime 293;Storage;Ion;€ 41,41;€ 54,76
101076;Keyboard Max 822;Accessories;Aether;€ 119,45;€ 147,76
101077;Bulb Prime 826;Smart Home;Aegis;€ 142,41;€ 212,66
101078;Panel Plus 195;Screens;Orion;€ 54,91;€ 74,85
101079;HDD Max 697;Storage;Ion;€ 249,51;€ 287,71
101080;Power Bank Ultra 352;Power;Orion;€ 193,22;€ 320,30
101081;Controller Max 503;Gaming;Aegis;€ 96,52;€ 178,26
101082;Monitor X 183;Screens;Atlas;€ 117,76;€ 197,93
101083;Camera Max 437;Smart Home;Aether;€ 242,59;€ 398,36
101084;Sensor X 983;Smart Home;Atlas;€ 16,93;€ 27,64
101085;Mousepad Plus 194;Gaming;Aegis;€ 102,72;€ 131,84
101086;Scanner Pro 266;Office;Helios;€ 100,18;€ 145,44
101087;USB Drive Max 920;Storage;Helios;€ 110,93;€ 194,66
101088;Mic X 781;Audio;Spectra;€ 28,55;€ 40,70
101089;Repeater Prime 587;Networking;Aether;€ 70,78;€ 113,27
101090;Display Mini 544;Screens;Nova;€ 159,52;€ 194,57
101091;Ethernet Cable Prime 329;Cables;Atlas;€ 163,66;€ 275,80
101092;Bulb Plus 579;Smart Home;Ion;€ 112,15;€ 205,28
101093;Sensor X 800;Smart Home;Kronos;€ 226,21;€ 402,91
101094;Ethernet Cable Max 148;Cables;Nova;€ 139,99;€ 257,30
101095;USB-C Cable Ultra 196;Cables;Helios;€ 118,84;€ 200,87
101096;Headphones Max 887;Audio;Atlas;€ 128,34;€ 158,56
101097;Plug X 146;Smart Home;Orion;€ 25,41;€ 45,93
101098;Soundbar Prime 738;Audio;Atlas;€ 202,92;€ 285,31
101099;SSD X 864;Storage;Nexus;€ 245,64;€ 330,26
101100;Monitor Pro 504;Screens;Nova;€ 33,59;€ 42,95
101101;Plug Ultra 410;Smart Home;Aether;€ 156,53;€ 294,35
101102;Controller Max 228;Gaming;Nova;€ 38,10;€ 49,27
101103;Keyboard Pro 592;Accessories;Nexus;€ 163,91;€ 268,37
101104;Printer S 408;Office;Ion;€ 193,58;€ 244,13
101105;Scanner Plus 256;Office;Aegis;€ 186,00;€ 276,01
101106;Plug Pro 699;Smart Home;Aether;€ 64,44;€ 88,36
101107;Printer Mini 205;Office;Aegis;€ 159,45;€ 268,64
101108;Printer Max 599;Office;Aether;€ 102,92;€ 157,98
101109;Power Bank S 640;Power;Aether;€ 9,66;€ 15,29
101110;Ethernet Cable Max 527;Cables;Helios;€ 222,84;€ 275,81
101111;Surge Protector Prime 121;Power;Atlas;€ 44,53;€ 75,46
101112;Sensor Prime 619;Smart Home;Atlas;€ 58,83;€ 107,76
101113;Gamepad Prime 400;Gaming;Spectra;€ 182,13;€ 262,77
101114;Scanner Prime 736;Office;Atlas;€ 55,77;€ 93,03
101115;Display X 304;Screens;Aether;€ 43,30;€ 65,78
101116;Scanner Max 314;Office;Aether;€ 141,42;€ 268,62
101117;Gamepad Mini 278;Gaming;Kronos;€ 207,85;€ 378,46
101118;Adapter Mini 216;Accessories;Helios;€ 156,30;€ 193,89
101119;Access Point Max 903;Networking;Aether;€ 92,03;€ 109,06
101120;Ethernet Cable X 994;Cables;Kronos;€ 131,27;€ 216,87
101121;Mouse Prime 208;Accessories;Aether;€ 196,50;€ 315,82
101122;Monitor Pro 271;Screens;Ion;€ 159,33;€ 287,30
101123;Mousepad Max 880;Gaming;Orion;€ 128,94;€ 219,12
101124;Panel Mini 938;Screens;Orion;€ 38,75;€ 69,22
101125;Sensor Pro 954;Smart Home;Nova;€ 203,24;€ 285,75
101126;USB-C Cable Plus 481;Cables;Orion;€ 180,22;€ 263,35
101127;Switch Ultra 241;Networking;Orion;€ 201,43;€ 294,10
101128;Printer Mini 553;Office;Aether;€ 40,67;€ 47,07
101129;USB-C Cable Plus 422;Cables;Helios;€ 103,40;€ 178,81
101130;Printer Ultra 776;Office;Aegis;€ 231,02;€ 291,83
101131;Surge Protector Max 511;Power;Aegis;€ 222,02;€ 372,02
101132;Headphones Mini 946;Audio;Atlas;€ 73,55;€ 113,70
101133;HDD Prime 657;Storage;Nova;€ 157,97;€ 254,91
101134;Sensor Ultra 408;Smart Home;Atlas;€ 25,65;€ 39,84
101135;Scanner Max 195;Office;Orion;€ 130,36;€ 180,44
101136;Controller Pro 915;Gaming;Orion;€ 137,28;€ 184,51
101137;Headphones Plus 961;Audio;Nova;€ 96,38;€ 156,16
101138;Controller Pro 559;Gaming;Helios;€ 78,00;€ 132,81
101139;Sensor S 458;Smart Home;Atlas;€ 78,30;€ 129,21
101140;Charger Ultra 207;Power;Orion;€ 85,32;€ 135,38
101141;Gamepad Plus 828;Gaming;Aether;€ 109,29;€ 159,46
101142;Display Ultra 587;Screens;Aegis;€ 57,62;€ 69,64
101143;USB-C Cable Ultra 698;Cables;Nova;€ 127,21;€ 186,69
101144;Sensor Ultra 247;Smart Home;Aether;€ 128,92;€ 195,13
101145;Sensor Plus 566;Smart Home;Orion;€ 120,97;€ 206,84
101146;Ethernet Cable Plus 972;Cables;Atlas;€ 105,11;€ 130,40
101147;Charger Pro 220;Power;Kronos;€ 96,01;€ 181,77
101148;Headphones Prime 910;Audio;Kronos;€ 40,00;€ 69,51
101149;Webcam Max 320;Office;Aegis;€ 49,85;€ 84,98
101150;Mouse Mini 991;Accessories;Helios;€ 15,95;€ 24,10
101151;Mic Prime 900;Audio;Spectra;€ 97,44;€ 173,04
101152;Surge Protector X 879;Power;Orion;€ 115,23;€ 171,32
101153;Mousepad Ultra 338;Gaming;Helios;€ 225,56;€ 316,74
101154;Stand Max 190;Accessories;Aether;€ 217,16;€ 364,92
101155;Power Bank Plus 297;Power;Kronos;€ 239,02;€ 372,00
101156;Adapter S 614;Accessories;Spectra;€ 224,73;€ 278,71
101157;USB-C Cable Pro 905;Cables;Orion;€ 55,42;€ 98,22
101158;UPS Plus 511;Power;Aether;€ 149,28;€ 226,70
101159;Keyboard Ultra 524;Accessories;Atlas;€ 10,89;€ 16,84
101160;Printer Plus 201;Office;Kronos;€ 137,74;€ 187,88
101161;HDD Plus 414;Storage;Kronos;€ 238,28;€ 395,30
101162;Keyboard Mini 127;Accessories;Spectra;€ 179,76;€ 246,90
101163;Screen X 431;Screens;Atlas;€ 68,19;€ 126,57
101164;Display S 870;Screens;Aegis;€ 151,27;€ 200,79
101165;HDMI Cable Ultra 375;Cables;Ion;€ 19,85;€ 29,75
101166;Printer Prime 517;Office;Helios;€ 160,22;€ 294,05
101167;Keyboard Plus 881;Accessories;Kronos;€ 140,90;€ 245,01
101168;Soundbar Ultra 185;Audio;Spectra;€ 212,34;€ 323,89
101169;HDD X 650;Storage;Atlas;€ 238,39;€ 446,03
101170;HDMI Cable Pro 932;Cables;Aether;€ 118,84;€ 210,59
101171;Headphones Pro 593;Audio;Orion;€ 71,96;€ 96,29
101172;Webcam S 146;Office;Atlas;€ 44,55;€ 69,08
101173;Screen Plus 815;Screens;Kronos;€ 35,13;€ 44,08
101174;HDMI Cable Ultra 725;Cables;Kronos;€ 128,68;€ 225,39
101175;Headset Prime 351;Gaming;Kronos;€ 167,26;€ 232,70
101176;Router Mini 808;Networking;Aether;€ 37,76;€ 69,54
101177;Power Bank Pro 788;Power;Aether;€ 47,52;€ 74,46
101178;Camera Plus 651;Smart Home;Nova;€ 12,58;€ 22,32
101179;Plug Mini 947;Smart Home;Helios;€ 152,32;€ 219,35
101180;Dock Prime 297;Accessories;Helios;€ 113,92;€ 149,93
101181;Keyboard Mini 192;Accessories;Kronos;€ 204,99;€ 331,86
101182;Access Point Prime 137;Networking;Nexus;€ 73,79;€ 134,92
101183;Charger Pro 940;Power;Nexus;€ 161,42;€ 199,06
101184;Speaker Prime 665;Audio;Spectra;€ 52,47;€ 89,41
101185;Power Bank X 702;Power;Spectra;€ 36,42;€ 43,66
101186;Mic S 296;Audio;Spectra;€ 212,68;€ 248,27
101187;Ethernet Cable Max 673;Cables;Spectra;€ 221,36;€ 254,89
101188;Chair Mini 964;Office;Aegis;€ 248,80;€ 337,26
101189;USB-C Cable Prime 629;Cables;Aether;€ 190,96;€ 346,18
101190;Repeater Max 645;Networking;Aegis;€ 114,97;€ 132,66
101191;Router Plus 855;Networking;Atlas;€ 60,28;€ 100,50
101192;Display S 437;Screens;Nexus;€ 81,15;€ 131,42
101193;Screen Prime 927;Screens;Aegis;€ 10,89;€ 19,03
101194;Controller S 584;Gaming;Kronos;€ 63,40;€ 89,12
101195;Mouse S 894;Accessories;Atlas;€ 151,99;€ 224,78
101196;Monitor Plus 162;Screens;Aether;€ 229,60;€ 329,03
101197;Screen Pro 156;Screens;Orion;€ 78,86;€ 127,72
101198;Monitor Pro 401;Screens;Helios;€ 213,23;€ 309,45
101199;Power Bank S 564;Power;Nova;€ 99,06;€ 173,00
101200;UPS Plus 766;Power;Spectra;€ 234,71;€ 407,74
101201;Sensor Mini 210;Smart Home;Ion;€ 30,16;€ 48,15
101202;Display S 752;Screens;Spectra;€ 129,68;€ 183,70
101203;Sensor Prime 348;Smart Home;Spectra;€ 38,73;€ 45,82
101204;NVMe Ultra 418;Storage;Kronos;€ 148,00;€ 230,27
101205;NVMe Prime 717;Storage;Orion;€ 89,01;€ 126,98
101206;Mouse X 343;Accessories;Ion;€ 129,24;€ 229,58
101207;Keyboard Mini 305;Accessories;Nova;€ 161,94;€ 210,68
101208;Screen S 811;Screens;Atlas;€ 174,50;€ 261,85
101209;Headset Mini 528;Gaming;Spectra;€ 85,51;€ 105,06
101210;Mouse S 754;Accessories;Aether;€ 59,64;€ 78,89
101211;Surge Protector S 852;Power;Nexus;€ 193,25;€ 340,31
101212;Scanner Ultra 945;Office;Nexus;€ 247,52;€ 352,00
101213;Monitor Pro 245;Screens;Atlas;€ 76,19;€ 98,73
101214;Power Bank Pro 303;Power;Atlas;€ 53,47;€ 68,47
101215;Speaker Mini 282;Audio;Orion;€ 53,02;€ 67,97
101216;Speaker Pro 488;Audio;Helios;€ 165,44;€ 300,07
101217;Mousepad Max 345;Gaming;Nexus;€ 95,56;€ 136,58
101218;SSD Ultra 221;Storage;Ion;€ 40,39;€ 74,44
101219;Access Point Ultra 425;Networking;Nexus;€ 151,89;€ 285,97
101220;Access Point S 908;Networking;Aegis;€ 41,40;€ 55,28
101221;Speaker Prime 844;Audio;Orion;€ 24,94;€ 37,48
101222;Surge Protector X 869;Power;Helios;€ 221,19;€ 378,98
101223;Gamepad Prime 429;Gaming;Aether;€ 179,56;€ 277,26
101224;Bulb Prime 695;Smart Home;Aether;€ 103,23;€ 190,03
101225;Charger S 307;Power;Aegis;€ 115,76;€ 153,47
101226;Repeater Ultra 685;Networking;Kronos;€ 43,52;€ 77,54
101227;Speaker Plus 869;Audio;Ion;€ 25,59;€ 37,96
101228;Mousepad Pro 624;Gaming;Nexus;€ 157,18;€ 230,99
101229;Bulb Ultra 923;Smart Home;Nova;€ 126,90;€ 171,92
101230;Keyboard Prime 371;Accessories;Orion;€ 163,11;€ 231,51
101231;Panel Plus 333;Screens;Kronos;€ 29,11;€ 35,03
101232;Dock S 301;Accessories;Ion;€ 170,40;€ 227,91
101233;Mic X 108;Audio;Nexus;€ 193,67;€ 263,66
101234;Controller Ultra 583;Gaming;Nova;€ 165,25;€ 312,65
101235;HDD S 840;Storage;Nova;€ 188,54;€ 283,91
101236;Ethernet Cable Prime 933;Cables;Spectra;€ 118,04;€ 205,85
101237;Mousepad Ultra 314;Gaming;Nexus;€ 112,48;€ 201,31
101238;Hub X 994;Accessories;Atlas;€ 36,44;€ 67,69
101239;Dock Mini 330;Accessories;Aether;€ 107,69;€ 179,23
101240;Webcam Max 701;Office;Ion;€ 10,69;€ 18,59
101241;USB Drive Mini 490;Storage;Orion;€ 55,03;€ 79,41
101242;USB-C Cable S 211;Cables;Nova;€ 85,57;€ 160,14
101243;Headphones X 791;Audio;Helios;€ 140,46;€ 164,91
101244;Charger Pro 303;Power;Aether;€ 22,03;€ 41,25
101245;Mic S 775;Audio;Nexus;€ 133,48;€ 199,02
101246;Gamepad Pro 434;Gaming;Ion;€ 215,63;€ 314,42
101247;USB Drive X 589;Storage;Helios;€ 187,07;€ 269,71
101248;Access Point S 542;Networking;Orion;€ 205,38;€ 338,59
101249;HDD Max 614;Storage;Spectra;€ 180,61;€ 269,87
101250;Repeater X 165;Networking;Aegis;€ 207,02;€ 331,98
101251;Repeater Mini 571;Networking;Ion;€ 118,36;€ 139,58
101252;Panel Prime 817;Screens;Kronos;€ 211,45;€ 368,82
101253;Chair X 355;Office;Spectra;€ 49,00;€ 79,05
101254;Scanner Ultra 815;Office;Aether;€ 144,31;€ 208,55
101255;Dock X 743;Accessories;Nexus;€ 136,75;€ 225,64
101256;Screen Prime 880;Screens;Nexus;€ 140,44;€ 266,34
101257;Screen Mini 561;Screens;Helios;€ 45,39;€ 59,26
101258;Mouse Pro 754;Accessories;Aether;€ 175,15;€ 299,91
101259;Scanner Ultra 506;Office;Atlas;€ 14,25;€ 19,07
101260;USB Drive Prime 572;Storage;Atlas;€ 21,72;€ 33,91
101261;Repeater X 940;Networking;Aether;€ 73,39;€ 93,28
101262;Keyboard Plus 401;Accessories;Spectra;€ 35,42;€ 60,43
101263;NVMe Pro 257;Storage;Helios;€ 112,96;€ 144,98
101264;Adapter S 813;Accessories;Ion;€ 16,70;€ 27,16
101265;Ethernet Cable Ultra 415;Cables;Helios;€ 113,78;€ 181,89
101266;Keyboard S 483;Accessories;Nova;€ 227,65;€ 295,94
101267;Mouse Pro 445;Accessories;Nova;€ 206,03;€ 342,00
101268;Display Plus 841;Screens;Nexus;€ 45,93;€ 67,14
101269;Display Mini 739;Screens;Atlas;€ 55,74;€ 86,75
101270;Scanner S 208;Office;Helios;€ 92,36;€ 118,24
101271;Chair Pro 317;Office;Atlas;€ 117,40;€ 140,82
101272;Headphones Mini 168;Audio;Spectra;€ 221,94;€ 323,66
101273;Charger Plus 357;Power;Aether;€ 239,96;€ 383,91
101274;Scanner Mini 750;Office;Orion;€ 191,62;€ 319,19
101275;Camera Mini 723;Smart Home;Helios;€ 228,47;€ 339,66
101276;HDMI Cable Pro 121;Cables;Nexus;€ 156,01;€ 284,34
101277;Speaker Ultra 734;Audio;Nexus;€ 24,45;€ 30,64
101278;Sensor S 484;Smart Home;Kronos;€ 55,07;€ 64,90
101279;Charger Mini 384;Power;Aether;€ 82,80;€ 144,09
101280;Stand Ultra 932;Accessories;Ion;€ 75,67;€ 88,37
101281;Gamepad S 652;Gaming;Atlas;€ 18,25;€ 33,55
101282;Access Point Ultra 287;Networking;Nexus;€ 113,38;€ 130,90
101283;Camera S 749;Smart Home;Helios;€ 248,04;€ 459,79
101284;HDD X 341;Storage;Helios;€ 129,32;€ 190,06
101285;Sensor X 350;Smart Home;Kronos;€ 108,88;€ 174,69
101286;Speaker Prime 378;Audio;Kronos;€ 216,29;€ 326,79
101287;Gamepad Ultra 582;Gaming;Nova;€ 113,14;€ 172,99
101288;Printer Prime 880;Office;Orion;€ 98,45;€ 176,28
101289;Speaker X 363;Audio;Spectra;€ 98,21;€ 135,47
101290;Headphones Prime 441;Audio;Nova;€ 38,48;€ 57,79
101291;SSD Pro 982;Storage;Nexus;€ 127,67;€ 216,27
101292;Plug Ultra 860;Smart Home;Nova;€ 96,42;€ 146,28
101293;Power Bank Ultra 227;Power;Helios;€ 99,28;€ 156,29
101294;Access Point Max 621;Networking;Nova;€ 178,74;€ 290,67
101295;Mousepad Ultra 853;Gaming;Aegis;€ 65,46;€ 98,73
101296;Headset X 719;Gaming;Aegis;€ 116,59;€ 193,63
101297;Headphones X 219;Audio;Nexus;€ 193,89;€ 316,68
101298;Scanner Plus 997;Office;Nova;€ 108,62;€ 192,51
101299;Mic Ultra 851;Audio;Kronos;€ 105,84;€ 191,28
101300;Display Mini 375;Screens;Helios;€ 188,44;€ 348,15
101301;Scanner Pro 935;Office;Kronos;€ 125,47;€ 153,41
101302;Webcam Ultra 850;Office;Ion;€ 110,58;€ 141,80
101303;USB Drive S 286;Storage;Orion;€ 128,14;€ 157,96
101304;Charger X 160;Power;Nexus;€ 188,73;€ 331,58
101305;Repeater Ultra 741;Networking;Kronos;€ 228,68;€ 281,71
101306;SSD Max 486;Storage;Helios;€ 35,55;€ 42,60
101307;Adapter S 596;Accessories;Spectra;€ 169,84;€ 208,16
101308;Stand Pro 696;Accessories;Kronos;€ 198,36;€ 234,34
101309;Repeater Pro 717;Networking;Ion;€ 132,42;€ 247,83
101310;Mic Prime 718;Audio;Aether;€ 110,22;€ 157,40
101311;Headset S 781;Gaming;Atlas;€ 102,63;€ 165,04
101312;Controller Plus 567;Gaming;Atlas;€ 218,28;€ 316,80
101313;NVMe Plus 816;Storage;Aegis;€ 189,10;€ 252,71
101314;Plug Prime 776;Smart Home;Spectra;€ 51,04;€ 96,45
101315;Controller Mini 926;Gaming;Aegis;€ 185,27;€ 307,26
101316;Repeater Prime 856;Networking;Spectra;€ 155,09;€ 187,82
101317;Chair Plus 400;Office;Aether;€ 153,76;€ 258,93
101318;HDMI Cable Pro 609;Cables;Spectra;€ 200,22;€ 275,50
101319;USB-C Cable X 218;Cables;Aether;€ 123,13;€ 191,53
101320;Router X 208;Networking;Nexus;€ 111,55;€ 188,17
101321;NVMe Ultra 325;Storage;Atlas;€ 181,20;€ 298,88
101322;Monitor Prime 914;Screens;Orion;€ 174,49;€ 314,77
101323;UPS Plus 486;Power;Spectra;€ 227,99;€ 389,23
101324;Scanner Ultra 328;Office;Ion;€ 68,48;€ 93,70
101325;Display Mini 862;Screens;Helios;€ 235,79;€ 372,46
101326;SSD Ultra 418;Storage;Atlas;€ 20,16;€ 31,28
101327;Webcam Mini 916;Office;Nova;€ 171,43;€ 299,56
101328;HDMI Cable S 504;Cables;Spectra;€ 7,25;€ 12,97
101329;Gamepad Max 611;Gaming;Orion;€ 171,60;€ 216,31
101330;Mic Pro 416;Audio;Orion;€ 128,08;€ 213,44
101331;Speaker Prime 606;Audio;Spectra;€ 76,42;€ 143,28
101332;Stand X 315;Accessories;Atlas;€ 212,78;€ 393,82
101333;Repeater X 844;Networking;Aegis;€ 100,99;€ 190,70
101334;NVMe Ultra 532;Storage;Aegis;€ 171,09;€ 323,83
101335;Webcam Plus 389;Office;Nova;€ 175,61;€ 227,65
101336;HDMI Cable Plus 431;Cables;Nova;€ 189,31;€ 300,11
101337;Stand Prime 267;Accessories;Kronos;€ 146,40;€ 216,88
101338;Sensor X 323;Smart Home;Kronos;€ 202,07;€ 262,03
101339;Stand Plus 904;Accessories;Atlas;€ 247,18;€ 311,62
101340;Printer Pro 464;Office;Orion;€ 243,67;€ 313,05
101341;Hub Mini 544;Accessories;Helios;€ 242,58;€ 393,04
101342;Printer Pro 346;Office;Nexus;€ 102,18;€ 140,70
101343;Power Bank Ultra 896;Power;Orion;€ 118,60;€ 209,17
101344;Webcam Prime 111;Office;Kronos;€ 34,40;€ 41,69
101345;Camera S 700;Smart Home;Ion;€ 145,38;€ 229,62
101346;Soundbar X 595;Audio;Helios;€ 249,99;€ 419,25
101347;Headphones X 433;Audio;Spectra;€ 20,56;€ 37,66
101348;Ethernet Cable Ultra 120;Cables;Orion;€ 101,48;€ 178,92
101349;Ethernet Cable Plus 957;Cables;Aether;€ 148,26;€ 249,86
101350;Display Plus 982;Screens;Nexus;€ 151,78;€ 195,03
101351;HDMI Cable Mini 140;Cables;Aether;€ 36,56;€ 47,70
101352;SSD Max 186;Storage;Helios;€ 245,08;€ 374,88
101353;Mousepad X 773;Gaming;Ion;€ 5,02;€ 6,90
101354;HDMI Cable Prime 690;Cables;Kronos;€ 125,16;€ 173,31
101355;Controller S 778;Gaming;Spectra;€ 205,84;€ 273,32
101356;Switch Max 237;Networking;Orion;€ 152,53;€ 200,12
101357;Mousepad X 176;Gaming;Kronos;€ 139,71;€ 187,98
101358;SSD Prime 360;Storage;Nova;€ 170,75;€ 316,77
101359;SSD S 744;Storage;Ion;€ 184,51;€ 349,93
101360;Repeater X 941;Networking;Atlas;€ 42,61;€ 80,72
101361;Scanner Pro 179;Office;Nova;€ 71,18;€ 110,23
101362;USB-C Cable Plus 755;Cables;Nova;€ 26,80;€ 49,10
101363;Mic S 110;Audio;Orion;€ 29,00;€ 54,65
101364;Router Plus 279;Networking;Nova;€ 133,99;€ 242,07
101365;UPS Plus 817;Power;Aether;€ 145,18;€ 197,66
101366;Headphones Plus 274;Audio;Spectra;€ 82,91;€ 142,10
101367;USB Drive Ultra 706;Storage;Atlas;€ 36,26;€ 41,96
101368;HDMI Cable X 487;Cables;Orion;€ 144,05;€ 194,54
101369;Mousepad Ultra 287;Gaming;Nexus;€ 112,55;€ 159,31
101370;Bulb Max 538;Smart Home;Ion;€ 132,55;€ 223,86
101371;Access Point Plus 516;Networking;Kronos;€ 193,79;€ 345,71
101372;Monitor S 269;Screens;Helios;€ 145,95;€ 177,10
101373;Headphones Prime 534;Audio;Ion;€ 170,87;€ 316,00
101374;SSD Prime 515;Storage;Aether;€ 8,41;€ 10,87
101375;Keyboard Mini 856;Accessories;Nova;€ 166,99;€ 307,32
101376;Ethernet Cable Pro 559;Cables;Spectra;€ 241,34;€ 399,63
101377;HDMI Cable X 475;Cables;Nexus;€ 210,66;€ 323,42
101378;Adapter Prime 274;Accessories;Nova;€ 96,45;€ 119,11
101379;Access Point Plus 406;Networking;Ion;€ 123,37;€ 166,37
101380;Keyboard Ultra 412;Accessories;Spectra;€ 232,63;€ 434,87
101381;Ethernet Cable Prime 968;Cables;Aegis;€ 124,63;€ 176,58
101382;UPS Mini 462;Power;Aether;€ 31,26;€ 44,15
101383;SSD Mini 203;Storage;Nova;€ 110,55;€ 143,51
101384;USB-C Cable X 226;Cables;Ion;€ 228,71;€ 264,20
101385;Soundbar Prime 483;Audio;Nexus;€ 78,32;€ 115,23
101386;SSD Max 549;Storage;Ion;€ 165,79;€ 245,29
101387;SSD Ultra 467;Storage;Atlas;€ 221,48;€ 372,51
101388;Monitor Max 236;Screens;Nexus;€ 101,66;€ 173,63
101389;Adapter S 781;Accessories;Orion;€ 245,82;€ 304,59
101390;Sensor Prime 432;Smart Home;Ion;€ 189,02;€ 328,00
101391;Scanner Ultra 212;Office;Ion;€ 239,63;€ 418,04
101392;SSD Mini 885;Storage;Orion;€ 172,69;€ 205,33
101393;Mousepad Pro 591;Gaming;Nova;€ 75,92;€ 114,98
101394;Scanner X 355;Office;Nexus;€ 73,88;€ 91,34
101395;Speaker Ultra 585;Audio;Nexus;€ 178,08;€ 312,97
101396;HDMI Cable X 975;Cables;Spectra;€ 149,84;€ 243,62
101397;Repeater X 139;Networking;Helios;€ 72,10;€ 93,31
101398;HDD Pro 193;Storage;Nova;€ 216,77;€ 311,12
101399;HDMI Cable S 444;Cables;Kronos;€ 109,39;€ 130,83
101400;Printer Max 375;Office;Aegis;€ 94,08;€ 174,73
101401;Printer Mini 286;Office;Nexus;€ 15,02;€ 17,86
101402;Mousepad Max 386;Gaming;Nexus;€ 227,58;€ 278,92
101403;NVMe Prime 442;Storage;Kronos;€ 79,57;€ 97,29
101404;Dock X 469;Accessories;Ion;€ 186,62;€ 265,19
101405;Charger Mini 765;Power;Ion;€ 72,61;€ 115,32
101406;Monitor X 142;Screens;Helios;€ 148,71;€ 272,75
101407;Router Prime 176;Networking;Nexus;€ 235,75;€ 380,56
101408;Speaker S 144;Audio;Aether;€ 36,32;€ 53,16
101409;Mic Mini 559;Audio;Ion;€ 159,32;€ 197,25
101410;Chair Prime 636;Office;Helios;€ 233,18;€ 356,28
101411;Stand Max 232;Accessories;Orion;€ 75,97;€ 141,82
101412;Adapter Ultra 801;Accessories;Nexus;€ 135,46;€ 207,95
101413;Screen Prime 675;Screens;Orion;€ 195,95;€ 284,25
101414;Headphones X 263;Audio;Nexus;€ 145,12;€ 231,33
101415;Hub Prime 824;Accessories;Ion;€ 181,54;€ 244,01
101416;Router Max 275;Networking;Kronos;€ 59,86;€ 92,79
101417;Mic X 236;Audio;Aegis;€ 71,26;€ 124,20
101418;Router Plus 764;Networking;Nexus;€ 90,13;€ 144,56
101419;Headset Plus 839;Gaming;Atlas;€ 37,73;€ 68,81
101420;Headphones Pro 943;Audio;Atlas;€ 92,09;€ 156,36
101421;Headphones Max 650;Audio;Orion;€ 166,04;€ 299,04
101422;UPS Ultra 990;Power;Helios;€ 158,43;€ 254,00
101423;Access Point S 375;Networking;Aether;€ 54,96;€ 89,16
101424;Scanner Prime 847;Office;Orion;€ 182,94;€ 260,96
101425;Sensor Prime 570;Smart Home;Helios;€ 50,33;€ 90,43
101426;Switch Prime 763;Networking;Spectra;€ 74,10;€ 102,45
101427;SSD S 246;Storage;Nova;€ 22,65;€ 30,21
101428;Printer X 717;Office;Helios;€ 29,43;€ 42,32
101429;Display Pro 354;Screens;Aegis;€ 193,68;€ 261,61
101430;Power Bank Pro 655;Power;Aegis;€ 185,35;€ 260,19
101431;Screen X 877;Screens;Nexus;€ 142,90;€ 211,96
101432;USB Drive Mini 258;Storage;Kronos;€ 64,73;€ 100,83
101433;Headphones Plus 944;Audio;Ion;€ 15,91;€ 24,80
101434;Display Ultra 101;Screens;Ion;€ 228,48;€ 266,86
101435;Webcam X 771;Office;Nova;€ 75,28;€ 138,61
101436;Scanner Prime 212;Office;Helios;€ 60,01;€ 112,06
101437;Mic Plus 221;Audio;Atlas;€ 93,32;€ 172,04
101438;Display X 538;Screens;Aegis;€ 134,97;€ 215,91
101439;Webcam Max 456;Office;Orion;€ 219,47;€ 297,01
101440;Camera Max 907;Smart Home;Atlas;€ 5,53;€ 10,23
101441;HDD Mini 499;Storage;Orion;€ 114,44;€ 200,00
101442;Plug Plus 844;Smart Home;Helios;€ 73,23;€ 89,18
101443;NVMe Ultra 426;Storage;Orion;€ 126,08;€ 190,50
101444;Scanner Mini 921;Office;Spectra;€ 236,29;€ 435,06
101445;Chair Prime 645;Office;Nova;€ 136,37;€ 180,36
101446;Display Ultra 819;Screens;Spectra;€ 26,38;€ 37,49
101447;Repeater Mini 236;Networking;Aegis;€ 230,62;€ 275,52
101448;Headset X 571;Gaming;Atlas;€ 40,31;€ 72,15
101449;Scanner S 157;Office;Nexus;€ 188,01;€ 232,74
101450;USB Drive Pro 480;Storage;Nova;€ 18,25;€ 22,44
101451;Charger Prime 130;Power;Helios;€ 40,99;€ 51,48
101452;Repeater Pro 253;Networking;Helios;€ 192,53;€ 289,24
101453;USB Drive Max 521;Storage;Ion;€ 182,03;€ 269,95
101454;Keyboard Plus 161;Accessories;Kronos;€ 220,88;€ 259,33
101455;SSD X 505;Storage;Ion;€ 209,01;€ 346,94
101456;Bulb Max 826;Smart Home;Ion;€ 60,69;€ 112,19
101457;Speaker Ultra 860;Audio;Helios;€ 56,91;€ 91,87
101458;Router X 936;Networking;Nova;€ 174,64;€ 263,37
101459;Printer X 922;Office;Nova;€ 96,01;€ 140,96
101460;Headphones Plus 471;Audio;Helios;€ 152,78;€ 272,71
101461;Keyboard Max 654;Accessories;Nexus;€ 31,08;€ 40,68
101462;Hub S 306;Accessories;Kronos;€ 161,41;€ 189,54
101463;Soundbar Pro 146;Audio;Helios;€ 16,77;€ 20,46
101464;Mic Mini 507;Audio;Aegis;€ 127,55;€ 176,77
101465;Printer X 439;Office;Atlas;€ 104,79;€ 178,78
101466;Monitor X 701;Screens;Ion;€ 200,04;€ 301,60
101467;Keyboard X 798;Accessories;Kronos;€ 118,46;€ 214,87
101468;Display S 887;Screens;Nexus;€ 181,05;€ 343,10
101469;USB-C Cable Mini 904;Cables;Ion;€ 37,14;€ 50,81
101470;Surge Protector Pro 344;Power;Nova;€ 56,16;€ 90,29
101471;Monitor Prime 924;Screens;Orion;€ 8,66;€ 14,94
101472;Soundbar Plus 196;Audio;Ion;€ 116,43;€ 148,71
101473;Mic Plus 690;Audio;Orion;€ 94,02;€ 114,41
101474;USB Drive Max 362;Storage;Aether;€ 191,97;€ 284,41
101475;SSD Prime 472;Storage;Helios;€ 215,46;€ 312,57
101476;UPS Prime 624;Power;Orion;€ 211,98;€ 395,14
101477;Mousepad Ultra 369;Gaming;Helios;€ 219,97;€ 416,50
101478;Stand Pro 909;Accessories;Spectra;€ 64,98;€ 114,75
101479;Dock Plus 484;Accessories;Orion;€ 43,76;€ 63,43
101480;Screen Ultra 785;Screens;Nexus;€ 27,91;€ 41,85
101481;HDMI Cable Plus 284;Cables;Aether;€ 184,29;€ 338,74
101482;Chair S 436;Office;Nova;€ 20,80;€ 29,26
101483;Surge Protector S 217;Power;Aether;€ 73,20;€ 86,28
101484;HDD X 427;Storage;Aether;€ 144,21;€ 272,68
101485;Chair Mini 584;Office;Aegis;€ 57,29;€ 74,97
101486;Dock Max 750;Accessories;Nova;€ 48,15;€ 60,49
101487;Mic Plus 994;Audio;Nova;€ 179,49;€ 323,70
101488;HDMI Cable Max 950;Cables;Nexus;€ 18,17;€ 33,09
101489;Scanner Max 303;Office;Atlas;€ 90,57;€ 132,62
101490;Plug X 463;Smart Home;Ion;€ 228,59;€ 360,66
101491;Mouse S 840;Accessories;Ion;€ 168,65;€ 271,93
101492;Gamepad Pro 569;Gaming;Atlas;€ 233,79;€ 356,43
101493;Headset Ultra 633;Gaming;Helios;€ 181,96;€ 344,12
101494;SSD Plus 323;Storage;Aether;€ 187,70;€ 242,27
101495;HDMI Cable Ultra 456;Cables;Orion;€ 56,39;€ 72,93
101496;UPS Mini 116;Power;Aegis;€ 78,98;€ 109,01
101497;Screen Prime 520;Screens;Aether;€ 91,17;€ 161,47
101498;Printer Mini 280;Office;Ion;€ 117,41;€ 167,88
101499;Ethernet Cable X 546;Cables;Spectra;€ 98,48;€ 175,67
101500;Printer Plus 925;Office;Kronos;€ 210,12;€ 255,76
101501;Mouse Ultra 608;Accessories;Spectra;€ 188,74;€ 305,36
101502;Ethernet Cable Prime 695;Cables;Helios;€ 202,44;€ 334,18
101503;Chair S 664;Office;Nexus;€ 98,36;€ 127,54
101504;Plug Mini 522;Smart Home;Helios;€ 227,46;€ 371,59
101505;Scanner Mini 619;Office;Aegis;€ 74,48;€ 134,79
101506;Speaker Ultra 104;Audio;Kronos;€ 225,55;€ 329,51
101507;Dock X 960;Accessories;Aegis;€ 205,09;€ 361,99
101508;Charger Mini 685;Power;Atlas;€ 248,24;€ 330,50
101509;Printer Ultra 920;Office;Nexus;€ 233,33;€ 343,42
101510;Webcam Ultra 629;Office;Orion;€ 43,82;€ 57,98
101511;USB Drive Plus 963;Storage;Ion;€ 191,73;€ 352,30
101512;HDMI Cable Mini 195;Cables;Orion;€ 27,85;€ 41,16
101513;Power Bank Pro 685;Power;Orion;€ 98,69;€ 168,44
101514;HDD Mini 345;Storage;Aether;€ 164,87;€ 217,02
101515;Repeater S 888;Networking;Ion;€ 68,82;€ 81,81
101516;Monitor Pro 213;Screens;Orion;€ 117,49;€ 187,62
101517;Panel Max 284;Screens;Orion;€ 27,73;€ 42,17
101518;Controller Ultra 602;Gaming;Nexus;€ 199,88;€ 291,89
101519;Plug S 484;Smart Home;Helios;€ 222,98;€ 362,38
101520;Bulb X 110;Smart Home;Orion;€ 226,39;€ 372,35
101521;UPS Plus 455;Power;Aegis;€ 123,56;€ 198,99
101522;Ethernet Cable X 859;Cables;Aegis;€ 67,35;€ 83,59
101523;Charger Pro 321;Power;Aegis;€ 217,38;€ 268,70
101524;Switch Mini 325;Networking;Aegis;€ 25,44;€ 42,45
101525;USB Drive Max 304;Storage;Kronos;€ 238,54;€ 336,68
101526;Ethernet Cable Prime 928;Cables;Kronos;€ 126,47;€ 194,07
101527;Scanner Max 302;Office;Nexus;€ 173,33;€ 314,68
101528;Mic Plus 269;Audio;Nova;€ 199,55;€ 372,22
101529;Plug Prime 710;Smart Home;Nova;€ 188,03;€ 331,29
101530;Surge Protector Ultra 304;Power;Helios;€ 143,95;€ 205,92
101531;Monitor X 623;Screens;Aether;€ 67,00;€ 97,64
101532;Surge Protector Mini 130;Power;Ion;€ 33,09;€ 58,13
101533;Scanner Mini 174;Office;Orion;€ 57,72;€ 82,47
101534;SSD Plus 426;Storage;Atlas;€ 173,63;€ 293,02
101535;Switch Mini 675;Networking;Aether;€ 21,23;€ 28,93
101536;Router S 674;Networking;Ion;€ 73,12;€ 117,43
101537;Screen Ultra 425;Screens;Spectra;€ 204,28;€ 265,28
101538;Mouse Prime 381;Accessories;Aether;€ 108,20;€ 134,50
101539;USB Drive Mini 342;Storage;Spectra;€ 146,22;€ 199,41
101540;UPS Prime 234;Power;Aegis;€ 211,20;€ 306,69
101541;USB-C Cable Pro 760;Cables;Ion;€ 8,99;€ 13,51
101542;Webcam Max 871;Office;Kronos;€ 89,73;€ 108,56
101543;Mousepad Pro 405;Gaming;Aether;€ 175,63;€ 261,85
101544;Monitor Plus 329;Screens;Atlas;€ 16,72;€ 19,36
101545;Display Ultra 274;Screens;Atlas;€ 26,56;€ 44,97
101546;Controller Pro 365;Gaming;Ion;€ 221,41;€ 261,77
101547;Dock Plus 437;Accessories;Kronos;€ 173,54;€ 302,61
101548;Scanner X 697;Office;Kronos;€ 117,87;€ 146,71
101549;USB Drive Ultra 784;Storage;Spectra;€ 34,98;€ 54,07
101550;UPS Prime 429;Power;Aether;€ 194,30;€ 293,79
101551;Monitor Max 461;Screens;Kronos;€ 141,84;€ 255,97
101552;Repeater Plus 161;Networking;Helios;€ 57,06;€ 94,31
101553;Plug S 207;Smart Home;Nova;€ 88,41;€ 155,65
101554;USB-C Cable Mini 825;Cables;Ion;€ 116,24;€ 147,10
101555;HDMI Cable X 472;Cables;Helios;€ 99,47;€ 148,14
101556;Surge Protector S 292;Power;Ion;€ 21,82;€ 32,02
101557;Speaker Plus 572;Audio;Spectra;€ 219,67;€ 375,37
101558;Switch Prime 373;Networking;Aegis;€ 12,00;€ 19,76
101559;Camera Max 663;Smart Home;Atlas;€ 25,60;€ 37,72
101560;NVMe Ultra 154;Storage;Nova;€ 113,13;€ 161,47
101561;Keyboard Ultra 401;Accessories;Nova;€ 51,42;€ 65,95
101562;Soundbar Prime 211;Audio;Ion;€ 171,88;€ 280,98
101563;Monitor Plus 136;Screens;Nexus;€ 145,93;€ 193,95
101564;HDMI Cable Max 735;Cables;Helios;€ 176,38;€ 256,35
101565;Webcam S 607;Office;Helios;€ 55,40;€ 96,36
101566;Controller Max 196;Gaming;Kronos;€ 50,34;€ 92,16
101567;Charger Max 274;Power;Aether;€ 82,20;€ 98,81
101568;HDD Prime 113;Storage;Atlas;€ 168,18;€ 247,38
101569;Mouse Max 274;Accessories;Orion;€ 171,40;€ 306,77
101570;Power Bank Prime 600;Power;Atlas;€ 218,94;€ 329,38
101571;Keyboard Max 637;Accessories;Aegis;€ 128,27;€ 220,14
101572;Panel Max 563;Screens;Helios;€ 125,21;€ 176,93
101573;USB-C Cable Prime 473;Cables;Kronos;€ 117,39;€ 207,88
101574;Headphones Prime 376;Audio;Atlas;€ 173,02;€ 293,47
101575;Keyboard Ultra 775;Accessories;Orion;€ 248,55;€ 352,42
101576;Dock Ultra 311;Accessories;Nexus;€ 187,37;€ 242,72
101577;Chair Max 997;Office;Helios;€ 134,09;€ 180,88
101578;Mousepad Ultra 382;Gaming;Atlas;€ 80,78;€ 95,39
101579;USB-C Cable Plus 914;Cables;Atlas;€ 116,48;€ 218,53
101580;Controller Plus 610;Gaming;Kronos;€ 232,17;€ 292,62
101581;HDD Max 410;Storage;Ion;€ 124,27;€ 148,93
101582;Headphones Prime 322;Audio;Aegis;€ 74,34;€ 118,56
101583;Mouse Max 540;Accessories;Aether;€ 91,30;€ 162,11
101584;Dock X 999;Accessories;Kronos;€ 74,40;€ 133,49
101585;Ethernet Cable Plus 377;Cables;Orion;€ 39,95;€ 67,91
101586;Webcam Plus 324;Office;Spectra;€ 12,87;€ 23,81
101587;Repeater Ultra 200;Networking;Nova;€ 223,79;€ 411,81
101588;Surge Protector X 795;Power;Kronos;€ 219,60;€ 385,02
101589;HDD Max 526;Storage;Nexus;€ 140,80;€ 193,71
101590;Display Prime 484;Screens;Kronos;€ 196,69;€ 349,20
101591;Panel Prime 615;Screens;Orion;€ 234,05;€ 394,25
101592;Plug Ultra 530;Smart Home;Atlas;€ 240,55;€ 359,85
101593;HDMI Cable Ultra 873;Cables;Aegis;€ 39,44;€ 72,18
101594;Switch Mini 735;Networking;Spectra;€ 138,10;€ 217,39
101595;Speaker Ultra 512;Audio;Aegis;€ 169,17;€ 253,27
101596;HDMI Cable Pro 156;Cables;Aether;€ 71,19;€ 134,52
101597;Panel Plus 679;Screens;Atlas;€ 122,96;€ 171,96
101598;Stand Pro 309;Accessories;Helios;€ 131,48;€ 206,63
101599;Sensor S 408;Smart Home;Orion;€ 158,92;€ 268,47
101600;Mouse S 168;Accessories;Aether;€ 5,01;€ 8,03
101601;Display Plus 309;Screens;Ion;€ 30,38;€ 35,50
101602;HDMI Cable Ultra 224;Cables;Aether;€ 78,48;€ 118,72
101603;USB Drive Max 979;Storage;Nexus;€ 166,25;€ 206,55
101604;HDD X 938;Storage;Aegis;€ 187,43;€ 249,38
101605;USB-C Cable S 591;Cables;Ion;€ 76,06;€ 125,55
101606;UPS Mini 500;Power;Aether;€ 99,53;€ 174,17
101607;Sensor Ultra 128;Smart Home;Nova;€ 74,44;€ 92,31
101608;Printer Max 760;Office;Aegis;€ 164,35;€ 270,01
101609;Sensor Mini 579;Smart Home;Aegis;€ 221,19;€ 330,41
101610;Hub Mini 976;Accessories;Orion;€ 215,95;€ 282,48
101611;HDMI Cable Plus 771;Cables;Nova;€ 42,09;€ 69,11
101612;Charger Prime 385;Power;Atlas;€ 197,32;€ 324,36
101613;Chair Prime 583;Office;Helios;€ 153,43;€ 197,20
101614;HDMI Cable Max 814;Cables;Ion;€ 84,40;€ 157,52
101615;Controller Ultra 146;Gaming;Spectra;€ 12,23;€ 20,79
101616;Repeater Plus 795;Networking;Helios;€ 121,72;€ 209,35
101617;Repeater X 873;Networking;Helios;€ 243,46;€ 448,40
101618;Mouse Max 138;Accessories;Spectra;€ 212,47;€ 255,95
101619;Gamepad Pro 428;Gaming;Spectra;€ 31,38;€ 46,67
101620;HDD S 358;Storage;Spectra;€ 125,32;€ 207,92
101621;Repeater X 933;Networking;Nexus;€ 134,49;€ 234,35
101622;Monitor Pro 308;Screens;Spectra;€ 13,14;€ 16,50
101623;Hub Ultra 659;Accessories;Atlas;€ 216,80;€ 304,72
101624;HDMI Cable S 684;Cables;Aether;€ 207,76;€ 316,97
101625;Controller X 549;Gaming;Spectra;€ 109,74;€ 157,16
101626;Display Plus 901;Screens;Spectra;€ 131,73;€ 161,46
101627;Bulb Pro 123;Smart Home;Nexus;€ 59,89;€ 111,12
101628;Headphones Mini 993;Audio;Nova;€ 218,51;€ 409,94
101629;Panel S 508;Screens;Ion;€ 156,57;€ 244,16
101630;Panel Prime 768;Screens;Spectra;€ 12,34;€ 17,32
101631;Headphones Mini 242;Audio;Nexus;€ 55,04;€ 97,01
101632;Mousepad S 174;Gaming;Aegis;€ 202,39;€ 318,34
101633;Power Bank Mini 526;Power;Aegis;€ 151,55;€ 243,89
101634;Display Prime 377;Screens;Ion;€ 182,22;€ 223,77
101635;Bulb S 541;Smart Home;Ion;€ 122,01;€ 211,83
101636;Router Pro 892;Networking;Aegis;€ 196,55;€ 254,95
101637;Surge Protector Pro 153;Power;Nova;€ 99,85;€ 143,08
101638;HDD Ultra 218;Storage;Nova;€ 112,30;€ 204,71
101639;Headset S 547;Gaming;Atlas;€ 229,93;€ 305,49
101640;Display Pro 522;Screens;Spectra;€ 188,13;€ 341,69
101641;HDMI Cable Pro 994;Cables;Spectra;€ 181,36;€ 319,10
101642;Screen X 284;Screens;Aegis;€ 74,24;€ 102,87
101643;Charger Max 720;Power;Nexus;€ 102,47;€ 168,38
101644;Display Max 606;Screens;Helios;€ 177,79;€ 312,92
101645;Access Point Max 898;Networking;Aether;€ 140,09;€ 252,40
101646;Access Point Max 814;Networking;Ion;€ 137,65;€ 169,07
101647;Headset Prime 180;Gaming;Nova;€ 54,87;€ 68,74
101648;Ethernet Cable Max 666;Cables;Nexus;€ 56,64;€ 80,96
101649;USB Drive S 765;Storage;Aegis;€ 192,23;€ 358,47
101650;Dock Pro 384;Accessories;Aether;€ 149,12;€ 205,09
101651;Screen Max 607;Screens;Aegis;€ 9,62;€ 13,82
101652;Sensor S 488;Smart Home;Aegis;€ 50,18;€ 73,93
101653;Hub Pro 881;Accessories;Kronos;€ 90,21;€ 105,50
101654;Charger Max 875;Power;Atlas;€ 11,70;€ 19,82
101655;Power Bank Ultra 926;Power;Nova;€ 31,76;€ 45,77
101656;Soundbar Prime 686;Audio;Ion;€ 181,21;€ 312,91
101657;Soundbar Ultra 863;Audio;Orion;€ 248,19;€ 329,76
101658;Mouse Max 355;Accessories;Kronos;€ 193,98;€ 266,12
101659;UPS Pro 470;Power;Nova;€ 70,84;€ 94,78
101660;UPS Plus 682;Power;Aegis;€ 166,89;€ 296,56
101661;SSD Prime 550;Storage;Aether;€ 7,17;€ 8,44
101662;Mousepad S 159;Gaming;Aether;€ 146,99;€ 177,81
101663;Power Bank Mini 551;Power;Ion;€ 49,05;€ 84,59
101664;Speaker Prime 332;Audio;Kronos;€ 159,43;€ 200,91
101665;Power Bank S 770;Power;Aegis;€ 14,43;€ 24,00
101666;Camera Mini 666;Smart Home;Spectra;€ 180,75;€ 216,11
101667;Mic Pro 653;Audio;Kronos;€ 180,99;€ 289,66
101668;Mousepad Plus 215;Gaming;Helios;€ 130,20;€ 172,87
101669;Mousepad Mini 173;Gaming;Spectra;€ 162,26;€ 293,19
101670;NVMe Mini 443;Storage;Aegis;€ 243,90;€ 444,64
101671;Controller Max 264;Gaming;Aether;€ 95,23;€ 130,29
101672;SSD Pro 723;Storage;Spectra;€ 56,81;€ 78,67
101673;HDMI Cable Mini 487;Cables;Spectra;€ 208,53;€ 244,91
101674;SSD Plus 329;Storage;Nova;€ 143,52;€ 272,45
101675;Ethernet Cable Plus 917;Cables;Nova;€ 17,60;€ 26,47
101676;USB-C Cable Prime 375;Cables;Ion;€ 52,78;€ 83,47
101677;Access Point S 336;Networking;Atlas;€ 116,68;€ 199,66
101678;Screen Prime 470;Screens;Nexus;€ 24,52;€ 38,50
101679;Display Prime 559;Screens;Atlas;€ 197,64;€ 261,34
101680;USB Drive S 790;Storage;Ion;€ 148,27;€ 185,87
101681;Mic Mini 220;Audio;Kronos;€ 24,97;€ 36,60
101682;HDD Prime 284;Storage;Spectra;€ 219,72;€ 255,23
101683;Screen Max 860;Screens;Nova;€ 29,74;€ 53,59
101684;Printer X 235;Office;Aegis;€ 131,15;€ 202,89
101685;Scanner Mini 511;Office;Nova;€ 175,75;€ 233,94
101686;Mic Mini 705;Audio;Helios;€ 154,15;€ 189,73
101687;Adapter Mini 518;Accessories;Helios;€ 159,55;€ 272,12
101688;Scanner Prime 851;Office;Kronos;€ 49,95;€ 86,14
101689;HDMI Cable X 707;Cables;Helios;€ 150,30;€ 248,81
101690;Plug Mini 280;Smart Home;Nova;€ 129,62;€ 206,23
101691;Screen Max 449;Screens;Nexus;€ 16,83;€ 25,89
101692;USB-C Cable Ultra 430;Cables;Spectra;€ 99,10;€ 170,25
101693;USB Drive S 631;Storage;Aegis;€ 73,17;€ 132,41
101694;Headset Mini 269;Gaming;Helios;€ 34,05;€ 46,15
101695;Bulb X 365;Smart Home;Nexus;€ 247,26;€ 424,08
101696;Router X 311;Networking;Kronos;€ 140,28;€ 214,84
101697;HDD Pro 106;Storage;Aegis;€ 124,65;€ 220,23
101698;Mousepad Max 849;Gaming;Nexus;€ 113,98;€ 141,86
101699;Camera Plus 555;Smart Home;Kronos;€ 222,78;€ 338,61
101700;Monitor Max 462;Screens;Orion;€ 201,89;€ 344,87
101701;Switch Mini 619;Networking;Helios;€ 87,16;€ 129,88
101702;HDMI Cable Mini 543;Cables;Helios;€ 29,61;€ 49,71
101703;Ethernet Cable S 776;Cables;Atlas;€ 210,22;€ 340,46
101704;Hub X 485;Accessories;Nexus;€ 218,67;€ 287,59
101705;Switch Prime 596;Networking;Kronos;€ 204,40;€ 347,51
101706;Headphones S 628;Audio;Orion;€ 215,00;€ 368,10
101707;Adapter Plus 671;Accessories;Nova;€ 154,75;€ 260,37
101708;Hub Max 489;Accessories;Nova;€ 159,60;€ 211,64
101709;Headset X 960;Gaming;Aether;€ 61,81;€ 84,62
101710;Bulb Ultra 656;Smart Home;Aether;€ 122,83;€ 150,15
101711;Screen Ultra 433;Screens;Kronos;€ 65,61;€ 96,36
101712;SSD Mini 455;Storage;Aether;€ 175,76;€ 295,03
101713;Sensor Ultra 129;Smart Home;Aether;€ 76,28;€ 116,76
101714;Webcam Mini 791;Office;Aegis;€ 82,82;€ 119,55
101715;Bulb Ultra 155;Smart Home;Nova;€ 70,74;€ 119,98
101716;Mousepad Max 519;Gaming;Aegis;€ 59,22;€ 106,99
101717;Ethernet Cable Plus 725;Cables;Nexus;€ 85,77;€ 137,55
101718;Mouse Ultra 899;Accessories;Aegis;€ 177,66;€ 325,86
101719;Ethernet Cable Pro 315;Cables;Helios;€ 93,71;€ 121,71
101720;HDD Ultra 397;Storage;Ion;€ 201,31;€ 369,00
101721;Gamepad S 113;Gaming;Nova;€ 13,84;€ 16,12
101722;USB-C Cable Ultra 143;Cables;Helios;€ 43,45;€ 59,79
101723;Access Point Pro 867;Networking;Nexus;€ 35,29;€ 61,34
101724;Printer Max 178;Office;Orion;€ 23,10;€ 39,08
101725;Scanner Pro 197;Office;Aegis;€ 185,29;€ 323,23
101726;Access Point Max 535;Networking;Spectra;€ 130,53;€ 152,40
101727;Headphones S 370;Audio;Aether;€ 242,47;€ 383,62
101728;Printer Ultra 327;Office;Kronos;€ 241,89;€ 379,95
101729;Plug S 117;Smart Home;Kronos;€ 248,32;€ 421,07
101730;Mousepad Plus 329;Gaming;Ion;€ 146,58;€ 171,30
101731;Repeater Mini 676;Networking;Aether;€ 31,69;€ 43,83
101732;HDD Plus 312;Storage;Helios;€ 216,88;€ 329,08
101733;Repeater X 731;Networking;Helios;€ 210,33;€ 324,45
101734;Surge Protector Pro 358;Power;Nexus;€ 105,91;€ 180,62
101735;USB Drive Mini 992;Storage;Aegis;€ 6,37;€ 10,62
101736;USB-C Cable Prime 767;Cables;Aether;€ 62,76;€ 93,89
101737;Camera Plus 535;Smart Home;Ion;€ 176,32;€ 252,45
101738;Keyboard Plus 302;Accessories;Orion;€ 112,21;€ 210,84
101739;Keyboard Prime 741;Accessories;Nova;€ 201,77;€ 305,76
101740;HDMI Cable Ultra 403;Cables;Nova;€ 33,81;€ 64,13
101741;Mic Mini 677;Audio;Ion;€ 164,30;€ 206,38
101742;Ethernet Cable Mini 719;Cables;Nexus;€ 66,55;€ 99,64
101743;Mousepad X 110;Gaming;Orion;€ 82,83;€ 106,39
101744;Bulb Pro 818;Smart Home;Helios;€ 50,98;€ 85,16
101745;HDMI Cable Mini 162;Cables;Aether;€ 158,12;€ 252,33
101746;Panel S 743;Screens;Atlas;€ 8,46;€ 10,95
101747;Mic Max 739;Audio;Nova;€ 192,91;€ 357,02
101748;HDMI Cable S 706;Cables;Ion;€ 42,34;€ 71,89
101749;Headphones Max 229;Audio;Orion;€ 200,24;€ 318,48
101750;Chair Max 314;Office;Atlas;€ 46,18;€ 80,24
101751;Switch X 268;Networking;Helios;€ 121,49;€ 139,74
101752;Screen X 535;Screens;Aegis;€ 167,89;€ 234,26
101753;Ethernet Cable S 502;Cables;Helios;€ 97,44;€ 140,23
101754;Bulb Max 643;Smart Home;Atlas;€ 24,16;€ 38,75
101755;Switch Max 960;Networking;Orion;€ 112,12;€ 166,08
101756;Mic Ultra 282;Audio;Helios;€ 11,20;€ 15,95
101757;Sensor Ultra 731;Smart Home;Atlas;€ 142,15;€ 269,86
101758;Switch Mini 865;Networking;Nova;€ 248,88;€ 322,77
101759;Controller S 700;Gaming;Ion;€ 81,05;€ 98,93
101760;Headset Pro 134;Gaming;Kronos;€ 163,57;€ 266,82
101761;Webcam Max 740;Office;Aegis;€ 19,02;€ 30,04
101762;Adapter Prime 277;Accessories;Aether;€ 120,99;€ 218,53
101763;USB-C Cable Pro 129;Cables;Helios;€ 155,17;€ 261,46
101764;USB Drive Plus 954;Storage;Orion;€ 212,22;€ 252,97
101765;Hub Plus 384;Accessories;Atlas;€ 245,93;€ 318,64
101766;UPS Mini 826;Power;Aegis;€ 46,46;€ 87,80
101767;Mousepad Pro 526;Gaming;Ion;€ 210,24;€ 347,37
101768;Panel X 185;Screens;Nexus;€ 47,28;€ 55,95
101769;Charger Ultra 750;Power;Nexus;€ 187,97;€ 334,28
101770;Hub Max 459;Accessories;Kronos;€ 33,84;€ 50,75
101771;Monitor Prime 219;Screens;Spectra;€ 229,91;€ 295,87
101772;Monitor Mini 885;Screens;Orion;€ 46,49;€ 53,83
101773;Gamepad Plus 415;Gaming;Aether;€ 210,14;€ 342,89
101774;Router Max 488;Networking;Orion;€ 177,95;€ 228,40
101775;USB Drive Mini 331;Storage;Spectra;€ 209,64;€ 283,98
101776;Access Point Max 814;Networking;Orion;€ 112,70;€ 137,42
101777;Headset Mini 890;Gaming;Spectra;€ 162,25;€ 241,31
101778;HDD Ultra 650;Storage;Aegis;€ 144,33;€ 273,55
101779;Scanner Max 450;Office;Atlas;€ 176,42;€ 269,54
101780;Mic S 323;Audio;Helios;€ 119,58;€ 140,34
101781;Screen X 243;Screens;Ion;€ 119,48;€ 166,35
101782;UPS Pro 818;Power;Nova;€ 30,63;€ 43,47
101783;Adapter Ultra 442;Accessories;Orion;€ 87,48;€ 159,85
101784;HDD Max 578;Storage;Atlas;€ 138,96;€ 238,18
101785;Plug Prime 848;Smart Home;Spectra;€ 102,84;€ 182,60
101786;Soundbar Mini 794;Audio;Atlas;€ 103,28;€ 121,88
101787;Repeater Plus 536;Networking;Ion;€ 194,65;€ 363,12
101788;Scanner Pro 624;Office;Spectra;€ 45,76;€ 62,94
101789;Charger S 233;Power;Ion;€ 167,53;€ 291,74
101790;Keyboard Max 920;Accessories;Helios;€ 89,80;€ 129,94
101791;Sensor X 276;Smart Home;Aegis;€ 78,81;€ 95,38
101792;Router Ultra 841;Networking;Nexus;€ 64,96;€ 108,06
101793;Gamepad Prime 452;Gaming;Aegis;€ 29,48;€ 46,06
101794;Chair Prime 951;Office;Nexus;€ 118,55;€ 157,92
101795;Panel X 881;Screens;Nova;€ 234,14;€ 339,48
101796;Mousepad Ultra 646;Gaming;Kronos;€ 22,56;€ 34,21
101797;Charger S 886;Power;Aegis;€ 62,61;€ 89,01
101798;HDMI Cable Ultra 761;Cables;Aegis;€ 61,37;€ 93,59
101799;Adapter Max 195;Accessories;Nexus;€ 88,20;€ 144,70
101800;Webcam Max 496;Office;Orion;€ 170,44;€ 257,45
101801;Speaker X 507;Audio;Nova;€ 172,17;€ 305,72
101802;Camera Mini 771;Smart Home;Helios;€ 216,30;€ 379,10
101803;Keyboard Mini 688;Accessories;Orion;€ 129,21;€ 215,10
101804;Adapter Ultra 889;Accessories;Aether;€ 18,36;€ 26,97
101805;Panel Prime 899;Screens;Spectra;€ 121,02;€ 169,59
101806;HDMI Cable Plus 534;Cables;Atlas;€ 135,27;€ 194,46
101807;Panel Pro 824;Screens;Orion;€ 149,59;€ 194,20
101808;Power Bank Ultra 575;Power;Aether;€ 74,02;€ 91,87
101809;Camera Mini 713;Smart Home;Aether;€ 173,16;€ 231,90
101810;Headset Pro 283;Gaming;Kronos;€ 76,84;€ 112,40
101811;Camera Max 710;Smart Home;Atlas;€ 32,36;€ 54,98
101812;HDMI Cable S 186;Cables;Nova;€ 136,07;€ 169,34
101813;NVMe Ultra 453;Storage;Aether;€ 243,10;€ 405,19
101814;Router Prime 178;Networking;Ion;€ 85,01;€ 100,20
101815;Power Bank Ultra 445;Power;Helios;€ 232,22;€ 397,55
101816;Scanner Pro 864;Office;Nova;€ 67,93;€ 111,38
101817;Display Plus 684;Screens;Nova;€ 68,94;€ 94,96
101818;Ethernet Cable S 918;Cables;Ion;€ 16,96;€ 26,80
101819;Switch Max 383;Networking;Nova;€ 127,88;€ 151,45
101820;Webcam Max 105;Office;Orion;€ 104,76;€ 121,94
101821;Webcam Max 573;Office;Orion;€ 151,77;€ 285,62
101822;Gamepad S 118;Gaming;Helios;€ 178,71;€ 235,15
101823;Surge Protector Prime 750;Power;Kronos;€ 150,83;€ 234,71
101824;Bulb Pro 448;Smart Home;Ion;€ 83,31;€ 147,21
101825;HDD Prime 645;Storage;Aether;€ 175,94;€ 291,13
101826;Headphones Pro 746;Audio;Nova;€ 124,20;€ 234,58
101827;Panel Mini 398;Screens;Nexus;€ 188,96;€ 281,29
101828;Sensor X 739;Smart Home;Aegis;€ 91,15;€ 134,32
101829;Keyboard Prime 484;Accessories;Kronos;€ 230,69;€ 288,08
101830;Surge Protector Plus 323;Power;Helios;€ 56,77;€ 70,00
101831;Soundbar X 663;Audio;Orion;€ 105,09;€ 180,07
101832;Webcam Max 888;Office;Spectra;€ 93,98;€ 115,52
101833;Gamepad Ultra 979;Gaming;Ion;€ 103,97;€ 178,58
101834;Speaker X 509;Audio;Aether;€ 75,66;€ 117,24
101835;Controller X 492;Gaming;Aether;€ 147,14;€ 215,35
101836;Printer S 733;Office;Nova;€ 59,93;€ 96,32
101837;HDMI Cable Ultra 432;Cables;Helios;€ 154,40;€ 196,84
101838;Camera Mini 860;Smart Home;Helios;€ 152,33;€ 265,42
101839;Scanner S 568;Office;Ion;€ 95,42;€ 172,33
101840;NVMe S 235;Storage;Aether;€ 76,78;€ 139,80
101841;Repeater Prime 350;Networking;Spectra;€ 172,50;€ 255,77
101842;Router Prime 922;Networking;Orion;€ 152,98;€ 213,93
101843;SSD Prime 107;Storage;Nexus;€ 188,41;€ 313,05
101844;Chair Prime 172;Office;Ion;€ 196,85;€ 367,75
101845;USB-C Cable Pro 592;Cables;Helios;€ 207,80;€ 248,29
101846;Chair Mini 833;Office;Aegis;€ 232,21;€ 376,63
101847;Camera Plus 249;Smart Home;Nova;€ 212,53;€ 365,22
101848;UPS X 522;Power;Helios;€ 165,85;€ 208,38
101849;Access Point S 199;Networking;Aether;€ 85,86;€ 143,41
101850;Bulb S 450;Smart Home;Aether;€ 77,35;€ 114,75
101851;Camera Max 879;Smart Home;Kronos;€ 39,31;€ 60,59
101852;Hub Mini 471;Accessories;Nexus;€ 179,88;€ 248,23
101853;USB Drive Max 830;Storage;Spectra;€ 112,77;€ 154,63
101854;USB Drive Max 363;Storage;Orion;€ 161,01;€ 188,54
101855;Switch Max 698;Networking;Spectra;€ 7,96;€ 11,33
101856;USB-C Cable Ultra 733;Cables;Ion;€ 225,50;€ 423,78
101857;NVMe Mini 487;Storage;Spectra;€ 217,03;€ 328,57
101858;HDD Prime 595;Storage;Ion;€ 224,80;€ 260,92
101859;Panel S 311;Screens;Atlas;€ 59,96;€ 81,47
101860;Screen Mini 570;Screens;Nexus;€ 144,50;€ 235,39
101861;Stand S 307;Accessories;Ion;€ 94,07;€ 110,50
101862;Panel Plus 666;Screens;Atlas;€ 240,61;€ 429,48
101863;USB-C Cable Pro 680;Cables;Helios;€ 133,12;€ 177,52
101864;USB Drive S 281;Storage;Nexus;€ 14,86;€ 23,88
101865;Ethernet Cable Plus 294;Cables;Kronos;€ 184,67;€ 339,44
101866;SSD Max 312;Storage;Ion;€ 60,76;€ 96,56
101867;Power Bank Prime 649;Power;Aether;€ 221,00;€ 262,62
101868;Monitor Prime 552;Screens;Nexus;€ 25,43;€ 33,01
101869;Ethernet Cable S 598;Cables;Spectra;€ 78,49;€ 90,83
101870;Scanner Prime 703;Office;Helios;€ 202,41;€ 326,04
101871;Plug Max 715;Smart Home;Aegis;€ 71,33;€ 115,79
101872;Headset Prime 760;Gaming;Ion;€ 78,41;€ 141,17
101873;Access Point Max 740;Networking;Atlas;€ 112,81;€ 212,41
101874;NVMe Pro 621;Storage;Aether;€ 120,27;€ 153,03
101875;Monitor Max 982;Screens;Nova;€ 113,58;€ 184,96
101876;HDMI Cable S 881;Cables;Orion;€ 61,79;€ 85,29
101877;Headphones Prime 801;Audio;Atlas;€ 78,52;€ 126,19
101878;Charger Mini 296;Power;Orion;€ 192,77;€ 335,30
101879;NVMe X 628;Storage;Spectra;€ 245,38;€ 402,45
101880;Webcam S 583;Office;Kronos;€ 233,91;€ 415,38
101881;Headset Max 844;Gaming;Orion;€ 91,71;€ 156,72
101882;Plug Ultra 880;Smart Home;Kronos;€ 107,20;€ 184,56
101883;Webcam Ultra 761;Office;Aegis;€ 202,32;€ 380,61
101884;Speaker S 777;Audio;Aegis;€ 180,58;€ 247,59
101885;Mousepad Mini 909;Gaming;Aegis;€ 98,69;€ 154,80
101886;Access Point Prime 209;Networking;Nexus;€ 23,23;€ 29,51
101887;Camera Prime 899;Smart Home;Spectra;€ 166,56;€ 277,46
101888;Plug Max 160;Smart Home;Nexus;€ 29,85;€ 48,65
101889;Soundbar Mini 391;Audio;Ion;€ 32,20;€ 40,27
101890;Display Ultra 994;Screens;Atlas;€ 41,85;€ 57,51
101891;Repeater Plus 351;Networking;Ion;€ 85,32;€ 133,09
101892;Headphones Max 243;Audio;Ion;€ 194,16;€ 233,19
101893;Gamepad Prime 288;Gaming;Atlas;€ 83,71;€ 110,56
101894;Headset S 361;Gaming;Atlas;€ 152,89;€ 282,77
101895;USB Drive Ultra 505;Storage;Helios;€ 202,49;€ 354,07
101896;HDMI Cable Mini 679;Cables;Aegis;€ 112,12;€ 131,64
101897;USB-C Cable Prime 688;Cables;Atlas;€ 86,77;€ 104,15
101898;Monitor Plus 644;Screens;Spectra;€ 43,76;€ 67,18
101899;Display Prime 869;Screens;Spectra;€ 22,91;€ 38,10
101900;Speaker Prime 766;Audio;Aether;€ 85,96;€ 110,57
101901;Surge Protector Prime 121;Power;Atlas;€ 103,36;€ 141,64
101902;Power Bank Pro 330;Power;Nova;€ 83,98;€ 106,06
101903;Repeater Mini 769;Networking;Spectra;€ 168,02;€ 290,25
101904;Charger X 891;Power;Atlas;€ 41,33;€ 57,09
101905;Display Pro 653;Screens;Aegis;€ 90,39;€ 108,64
101906;Gamepad S 410;Gaming;Nexus;€ 45,01;€ 85,22
101907;Router Mini 240;Networking;Nexus;€ 220,02;€ 408,86
101908;Screen Pro 988;Screens;Nova;€ 187,27;€ 319,28
101909;Chair Prime 508;Office;Aegis;€ 53,67;€ 92,75
101910;Charger Plus 618;Power;Helios;€ 228,75;€ 387,36
101911;Monitor S 600;Screens;Orion;€ 186,46;€ 264,55
101912;Gamepad S 192;Gaming;Nova;€ 200,95;€ 285,33
101913;Soundbar Plus 116;Audio;Ion;€ 6,78;€ 11,88
101914;Webcam Mini 417;Office;Helios;€ 209,95;€ 309,80
101915;Soundbar Plus 996;Audio;Nexus;€ 120,48;€ 224,51
101916;Speaker Pro 967;Audio;Atlas;€ 66,00;€ 103,85
101917;HDD X 811;Storage;Ion;€ 120,10;€ 141,63
101918;UPS Max 732;Power;Nexus;€ 106,64;€ 135,23
101919;HDD X 473;Storage;Orion;€ 220,37;€ 271,51
101920;HDD Prime 413;Storage;Aegis;€ 103,90;€ 148,57
101921;Headphones Mini 902;Audio;Spectra;€ 11,33;€ 13,27
101922;Plug X 147;Smart Home;Aegis;€ 137,17;€ 236,19
101923;HDMI Cable X 115;Cables;Orion;€ 90,42;€ 119,09
101924;Chair Plus 575;Office;Helios;€ 245,93;€ 440,73
101925;Ethernet Cable X 928;Cables;Aether;€ 161,03;€ 222,80
101926;Bulb X 772;Smart Home;Kronos;€ 137,30;€ 256,43
101927;Display Prime 228;Screens;Aether;€ 58,73;€ 73,26
101928;SSD Plus 834;Storage;Nexus;€ 103,94;€ 188,67
101929;Panel S 289;Screens;Nexus;€ 183,86;€ 252,96
101930;Sensor Max 435;Smart Home;Spectra;€ 108,40;€ 178,42
101931;Power Bank Ultra 913;Power;Aegis;€ 53,48;€ 68,81
101932;HDD S 506;Storage;Aegis;€ 84,02;€ 132,67
101933;Plug S 562;Smart Home;Atlas;€ 248,21;€ 369,81
101934;Headphones Prime 862;Audio;Ion;€ 73,43;€ 126,77
101935;Headset X 449;Gaming;Atlas;€ 202,71;€ 307,21
101936;Ethernet Cable Plus 976;Cables;Aether;€ 88,88;€ 136,81
101937;Monitor Ultra 656;Screens;Atlas;€ 35,93;€ 47,44
101938;Bulb Plus 229;Smart Home;Helios;€ 218,96;€ 302,22
101939;Scanner Plus 507;Office;Ion;€ 205,91;€ 373,57
101940;Ethernet Cable X 327;Cables;Nexus;€ 195,10;€ 253,44
101941;Controller X 919;Gaming;Ion;€ 135,62;€ 210,83
101942;HDMI Cable Mini 202;Cables;Orion;€ 171,70;€ 279,22
101943;Surge Protector X 978;Power;Nexus;€ 54,54;€ 64,72
101944;Chair Ultra 587;Office;Kronos;€ 119,66;€ 149,83
101945;Mic Plus 825;Audio;Aegis;€ 141,16;€ 195,32
101946;Power Bank Plus 873;Power;Spectra;€ 105,54;€ 132,75
101947;HDD Ultra 761;Storage;Nexus;€ 107,66;€ 171,56
101948;Switch Plus 382;Networking;Atlas;€ 39,41;€ 57,19
101949;Surge Protector S 245;Power;Orion;€ 169,70;€ 291,96
101950;Hub Max 205;Accessories;Helios;€ 194,06;€ 310,27
101951;Router Max 654;Networking;Aether;€ 187,01;€ 278,79
101952;Monitor Max 490;Screens;Atlas;€ 210,30;€ 282,14
101953;Plug X 876;Smart Home;Nova;€ 76,32;€ 117,70
101954;Display Mini 990;Screens;Spectra;€ 213,24;€ 324,32
101955;Printer Pro 985;Office;Nova;€ 193,64;€ 345,02
101956;Soundbar Mini 782;Audio;Kronos;€ 209,89;€ 396,13
101957;Screen Plus 348;Screens;Aegis;€ 148,52;€ 195,46
101958;Chair Plus 674;Office;Kronos;€ 153,63;€ 241,85
101959;Power Bank Ultra 716;Power;Ion;€ 31,41;€ 55,87
101960;Monitor Plus 882;Screens;Spectra;€ 63,46;€ 100,59
101961;Power Bank Ultra 455;Power;Nova;€ 163,54;€ 242,07
101962;Plug Pro 932;Smart Home;Spectra;€ 202,28;€ 345,55
101963;Scanner S 124;Office;Aegis;€ 159,48;€ 222,75
101964;Soundbar Pro 969;Audio;Nova;€ 223,28;€ 316,82
101965;Headset S 556;Gaming;Atlas;€ 197,01;€ 274,51
101966;Mic S 858;Audio;Orion;€ 103,32;€ 145,83
101967;NVMe Plus 460;Storage;Aether;€ 156,02;€ 266,00
101968;Router Max 839;Networking;Atlas;€ 27,16;€ 39,51
101969;Surge Protector X 307;Power;Aether;€ 69,85;€ 117,39
101970;Headset Prime 872;Gaming;Atlas;€ 44,01;€ 56,17
101971;Hub S 417;Accessories;Helios;€ 227,66;€ 381,37
101972;USB-C Cable X 733;Cables;Kronos;€ 175,43;€ 227,88
101973;Panel Ultra 249;Screens;Spectra;€ 180,39;€ 279,54
101974;Printer Ultra 965;Office;Orion;€ 239,24;€ 421,28
101975;Mic Plus 330;Audio;Spectra;€ 113,42;€ 133,90
101976;HDMI Cable Max 606;Cables;Orion;€ 59,99;€ 100,26
101977;Repeater S 763;Networking;Nexus;€ 203,82;€ 256,62
101978;Soundbar Pro 958;Audio;Nexus;€ 112,54;€ 176,38
101979;Charger Ultra 968;Power;Nexus;€ 132,05;€ 191,43
101980;UPS Max 922;Power;Nova;€ 201,42;€ 296,79
101981;Headset Mini 178;Gaming;Nexus;€ 239,73;€ 299,87
101982;Router X 903;Networking;Ion;€ 246,45;€ 414,35
101983;Ethernet Cable Plus 333;Cables;Atlas;€ 181,43;€ 306,29
101984;USB-C Cable Prime 688;Cables;Nexus;€ 209,97;€ 313,94
101985;Camera Ultra 275;Smart Home;Aether;€ 10,42;€ 15,49
101986;Stand Prime 251;Accessories;Atlas;€ 20,63;€ 29,21
101987;Headphones Max 830;Audio;Spectra;€ 151,45;€ 223,10
101988;USB Drive S 417;Storage;Nova;€ 136,91;€ 226,72
101989;Gamepad Ultra 884;Gaming;Nexus;€ 137,21;€ 227,90
101990;Headset Pro 701;Gaming;Aegis;€ 34,32;€ 64,63
101991;Charger Ultra 850;Power;Helios;€ 52,68;€ 99,29
101992;USB Drive Pro 846;Storage;Orion;€ 34,28;€ 41,71
101993;Chair Ultra 490;Office;Spectra;€ 175,62;€ 220,21
101994;Headset Plus 463;Gaming;Orion;€ 48,47;€ 71,39
101995;Speaker Plus 366;Audio;Aether;€ 103,35;€ 136,42
101996;Monitor Prime 636;Screens;Atlas;€ 68,15;€ 123,32
101997;Stand Pro 482;Accessories;Ion;€ 28,40;€ 32,70
101998;USB-C Cable Pro 493;Cables;Aegis;€ 80,03;€ 140,05
101999;Power Bank Mini 276;Power;Spectra;€ 51,18;€ 82,69
102000;NVMe S 199;Storage;Ion;€ 218,66;€ 401,12
